ec8f ec8e ecad ec6d ec4d e42c e3cb e3ab db2a d2aa ba49 a1a8 9148 8948 9188 a9c9 ba69 caca d32b db8b e3ab e40c ec6c ec6d ec8d ec6e ec4d ec4d ec6d ec6d ec4e ec6d e42e e3ec e3cb e36a db4b d2ea c28a b209 9968 9168 8908 8948 9189 99a9 99a9 a1c9 99ca a20a aa2a aa4b a22a aa4b aa2a aa0a aa2a aa29 aa2a a9e9 aa29 aa0a aa2a aa4a b20a b24a b24a b24a b24a ba6a c28a c28a ba6a ba49 c26a c28a c28a c28b c2aa c2ab c2ab c2ab c28a c28a caab caab caab cacb cacb cacb d2cb caab caaa d2cb d2cb caca cb4c c2ca ba6a ba6a ba8b ba6a ba6b c2ab c2ab c2ab ba8b baac bacc bacb baec baec bacc bacc baec bb0d c34d c36e c34d bb4e bb0d c34e bb2d bb4e c36e c38e c32d c34d c30c bb4e bb8f bb6e bb0d bb8f cbcf cbae cc30 cc30 cc70 cc91 d4d1 d4d1 d4d2 d532 d531 d4b1 cd13 d573 d531 ccf2 d513 dd93 dd52 d512 d533 d5b5 ddd5 dd93 dd94 ddb4 ddd4 ddb4 dd93 ddb5 ddf5 e5f4 e5f4 ddd4 ddd5 ddf6 ddf5 ddf4 ddd5 ddf6 de17 e616 e615 d5b4 bc30 a26b a20a a209 aa0a aa4a aa29 b24a b24a b24a ba6a ba6a c26a ba6a ba8b ba6a ba4a ba6b ba4a b26b b24b b24a b24a b24a aa2b aa2a a9e9 b22a b24b ba6b caab d2cb d32c db6c db8d dbad e3ce e3cd e3cd e3cd e3cd dbce dbce dbad dbae db8d d36c d34d d34d d36d d34d d34d d32c d34c d36c d38d dbad dbcd dbac dbad db8c db6c db6c db8c db8c db8c db6c db8c db8c db8c db8c db6c db6b d36c db6c db6c d36c db6c d38c db6c db8c db8c db8d db8c db8c db6c db8c dbac db8c db8d db8d dbad dbad dbad dbee dbed dbcd ec6e fd8f f56f dbec 99c8 58a7 5087 58a8 5087 50a7 5087 5087 50a7 5887 58c7 58a7 60a7 60a7 60a7 60c7 60e8 60c7 60c7 58a8 5887 58a8 60e8 60c8 60c8 68e8 60c8 58c8 58c8 5887 58a7 58c7 58a7 6108 6929 6949 60e8 5066 4026 4026 5067 
ecaf ecae ec8d ec6d ec2c ec0d e3ab db6b d30a c2aa b1e9 9988 8948 9127 99a8 a9e9 ba49 caca d32b db8b e3cc e40c ec4d ec6d ec8d ec8e ec4e ec4e ec6d ec4d ec2d ec4c e42d e40c e3cb e36b db4b d2ca c269 a9e8 9968 8948 8927 8948 9188 99a9 99c9 99c9 a1e9 a1e9 aa2a aa0a a20a a22a aa6b a22a aa09 a9e9 a9e9 aa09 aa09 aa0a aa09 aa09 b209 b22a b24a ba6a b24a ba4a ba6a ba8a ba6a ba8b ba8a c28a c28a c26b c2ab c28a c2ab c2aa c2aa c28a caaa caab caaa caaa caca caab cacb caaa caaa ca8a caaa d30c db8c c28a ba6a ba6b ba8a baab baab ba8b ba8a b26a b26a bacc baab b2ac baec baec c2ec c30d baec baec c34d c32d c32c bb2d bb2d c36e bb2d c36e cb6e c38e c34d baed bb2d c38e c38e c38e c3ae c3ce c3af c3ef c3ef c3cf cc70 cc70 cc91 d4d1 d4d1 d4b1 d4d2 d4f2 d511 d513 d533 d573 dd73 dd33 d513 d594 ddb4 ddb3 dd94 dd94 ddd5 ddd4 dd94 dd94 ddd5 e5d4 e5d4 ddd5 ddd5 ddf5 ddf4 ddf5 ddb4 ddd5 ddf6 ddf6 de16 de16 e5f6 e615 d5b5 bc30 a2ac a1e9 a1e9 a209 a9e9 aa09 b229 b22a b24a b26a ba8b ba6a ba6a ba6a b26a b24b b24a b24a b24a b26b b26a b24a b24a b22a aa0a aa0a b22a ba4a c2ab caec d32d db6d db8d e3ad e3cd e3cd e3cd e3cd e3cd dbcd dbcd dbad db8d db8d db4c d34c d32c d32c cb2c cb2c d30c d30c d34c d34c db8d dbad dbcd dbac dbac db8c db6c db6b db6b db8c db6c db8d dbad db8c db8c db8c db6c db6c db8c db6b db6c db6c db8c db6c db8d db8c db8c db8c db8d db8c dbac db8c db8d dbac dbac dbcd dbad dbad dbcd e3ed e3ed ec2d ec4c d36b 91a8 60c8 5087 5088 58a8 50a7 5067 5087 58a7 58a7 58a7 58a7 58a7 60a7 60a7 60c7 60c8 60c7 60c7 60a7 5887 5087 58a8 6108 6108 60c8 60a7 58c8 50a7 50a7 58a7 60e8 58c8 6908 7149 7169 6908 58a7 4846 4026 4867 79aa 
ecaf ecae ec8e ec4d ec0d e3ec e38b db2a caaa ba49 a1a8 9168 9148 9148 99a8 aa09 ba6a caca d32b db6b e3cc e40c ec6d ec8d ec8e ec6e ec6e ec6e ec6e ec4d ec4d ec4d ec2c ebec e3ab e38b db2b d2ca c2aa aa09 9968 9148 8928 9148 9188 99a9 a1a8 a1c9 a209 a1e9 a20a aa0a a20a a9e9 aa2a a20a aa2a aa0a a9e9 aa09 aa09 aa0a aa09 aa29 b22a b22a b24a b24a b24a b24a ba8b ba6a ba6a ba8b ba8b ba6a c28a c28b c28a c2aa caab caaa c2aa c2aa caaa caaa caab caaa cacb caaa d2ca caab caab caab d2eb dc4f d36c ba4a b26a ba8a c28a c28a ba6a ba6a ba4a ba6a ba8b ba8b baab baab baec c30d c30d baec bacb c34d c34d baab baec c34d c36d c36e bb4d c36e c36e c30c bb0d bb4e c38e bb6e c34d cbce c34e c38f c3cf c38e c3f0 cc30 cbef cc51 cc90 cc50 cc71 d4d1 d4d1 d491 ccd2 d573 dd52 d533 d532 d573 dd93 dd73 dd93 ddb4 ddd4 ddd4 dd73 dd94 ddd5 ddd5 ddb3 ddb5 ddf6 ddf5 ddf4 ddd4 ddb5 d5d5 ddf5 ddf5 ddf5 ddd5 ddf6 de16 de15 e615 e5f5 ddd4 c4b3 a2ac 9a4a 9a2a 99e9 a1e9 a209 aa09 b22a aa4a b28b b24a b24a b26a ba6a b24a b22a aa2b b24b b22b b26a b22a b22a b22a aa0a aa0b b22a ba6b c28b d2ec d34d db8d e3ad e3cd e3ed e3cd e3ed e3ed e3ee e3cd dbcd dbad dbad dbad d34c d32c d32c cb0c cb0c caeb caeb caec d30c d32c d36d dbae dbcd dbad dbac db8c db6c db6c db6b db8c db8c db8c e3ac dbac db8c db6b db6c db8c db8c db6b db6c db6c db6c d38c db8c db8c db8c db8c db8d db8c dbad db8c dbac dbac dbad dbac dbad dbac e3cd e40d e3ed e3cd caea 9188 60c7 58a8 50a8 58a7 5067 5087 5087 5087 5887 58a7 60a8 60e8 6108 60c7 60a7 60a7 60a7 6087 5887 5887 5067 5887 58c8 60e8 60e8 60c8 58e8 58e8 50c8 58a8 58c8 60e8 60e8 6929 7149 6908 5887 4846 4046 4887 7189 b32e 
ec8e ec8e ec4d ec2d e40c e3cc db6b d2ea c269 a9e8 9968 9168 9168 9168 9988 a9e9 ba8a caca d32b db8b e3ec e42c ec4d ec6d ec8d ec6d ec6e ec6e ec4d ec4d ec4d ec4d ec2c e3ec e3cc e38b db4b d2ca c26a a9e9 9968 8948 8928 9168 9188 9988 a1c9 a1c9 a1ea a209 aa0a aa0a a9e9 aa2a aa2a aa09 aa2a aa2a aa0a aa0a aa0a aa09 aa09 aa29 b209 b22a b229 b24a b26a b24a ba6a ba6a ba6a c28a c26b c26a c26a c28b c2aa c2aa caab c28a c28a c2aa ca8a c2cb cacb caaa cacb caca caca d2aa caab caab db8c ecee caea c26a ba6a ba8a ba6a ba6a b24a b24a b26b ba6a ba8b baab baab baab baec c30c c2ec bacc bb2d c30c bb0c bacc bb0d bb0d c34d c32d c32d c38d c34d c38f c34d cbae c38e c36e c36d c36e c38e c3ae c36e c3f0 cc10 c3cf cc0f cc2f cc30 cc90 cc91 cc71 ccb2 d512 d532 d533 d512 d574 dd74 dd53 d554 dd94 dd93 ddb3 ddb4 ddb4 ddb4 ddb4 dd93 ddb5 ddd6 e5f5 e5f5 ddb4 ddd5 ddf5 ddf4 ddb3 ddb5 ddd5 ddf5 ddd5 ddb4 dd94 d575 d5d6 de17 de58 de18 c556 bcf5 b493 ab4e 9a09 99c9 a1e9 aa0a b22a b26b b24a b26b b24a b24a b24a b24a b22a b22a b22a b24a b22a aa2a aa0a aa0a aa0a b24b ba6b c28b d30c d36d dbae e3ad e3ed e3ed e3ed e3ee e3ee e40e e3ee dbcd dbad dbcd dbad d36c d32c d30c caec c2cc c2cc c2aa cacb caec d30c d34c db6c dbad dbcd dbad db8c db8c db6c db6c db8c e38c e3ac e3cd e3ac db8c db6b db6c db6c db8c db6b db6c db8c db6c db8c db8c db8c db8c db8c db8d dbad dbad dbac db8c dbac dbad dbac dbcd e3cd e3cd e3ed e3ec d32b a1c9 68c8 58a7 5087 5087 5087 5087 58a7 5067 5067 5087 58a7 60c7 60e8 60e7 60c7 60c7 60a7 60a7 5887 5887 5087 5867 58a7 60c7 60c8 60e8 58c8 58a8 5887 58c8 58a8 58c8 6108 6929 6949 6929 58c7 5067 4846 4867 7149 aacc d3ee 
ec6e ec6d ec2e ec2d e3cc e38b db2a caa9 b209 a188 91a9 91a9 9168 9148 99a9 aa09 ba6a caea d32a db8b e3cc e42c ec4d ec6c ec6d ec6d ec8d ec6d ec6d ec4e ec2d ec2d ec2c ec0c e3cc e3ac db2a d2ca c269 a9e9 9968 8948 8948 9148 9188 9988 9989 a1c9 a1ea a1e9 aa2b aa09 aa0a a9e9 a9ea aa09 aa0a aa09 aa0a aa09 aa09 aa09 aa09 b22a aa29 b22a b229 b24a b26a b26a ba6a ba8a c26a c28a c28b ba6a ba8a c26a c28a c2cb c2aa c2aa c2aa c2ab c28a caab caaa ca8a caab caaa d2cb cacb caab d2cb e3ee db6a c26a c28a c28a ba4a ba49 ba4a b22a ba4a b28b ba6a bacb baab baab baab c2cb baab bb0c c30c cb0c c2cb baec c30c c32d c34d c32d bb2e c30d c32d cb6d cb6e c36d c36d c36e c32d bb6e c3af c30d bb4e cbcf cbef cbcf cbef cbef c40f cc70 cc10 cc51 cd12 d512 d4d2 d513 d553 dd52 d533 dd53 dd94 dd94 dd73 dd33 dd74 ddb4 ddb3 dd73 dd94 ddb5 ddb4 e5b4 ddd5 ddd5 ddd5 ddd5 ddd4 ddb4 d5b5 d5d5 ddd4 d574 d554 d5b6 d5f7 de38 de58 e699 e6b9 eed9 eeda e6d9 e6b9 cdf6 b38e 99c9 a1c9 a1c9 aa2a aa6b b24a b24a aa4a b24a b22a aa2a b20a b22a b22a aa4a aa2a aa2a aa2b a9ea b20a b24b ba6b c2ac d30c d34d db6d e3ad e3cd e3ed e3ed e3ed e3ee e3ed e3ee e3cd dbcd dbce dbad d36c d32c caeb c2ab c28b ba6a ba8b c28b caab caeb d32c db6d db8d dbcd e3ad dbac db8c db8c db8c db8c e38c e3ac dbad db8c db8c db6b db6c db6c db6c db8b db6c db6c db8d db8c db8c db8c db8c db8c db8c db8d db8c db8c dbac dbad e3ad e3cd e3cd e3ed e40d e40d db8c ba4a 7908 5887 5087 50a7 5087 5067 5087 5087 5067 5887 58c8 60c8 60c7 60c8 60e7 60e7 60a7 60a7 6087 5867 5887 58a7 60c8 60e8 60e8 60e8 58c8 58a8 50a8 58a7 58a8 58c8 60e8 6908 718a 6949 58c8 4867 4867 4867 6929 9a8c cbae e44f 
ec4e ec4d ec2d e3ed e3ac db4b d2ea c269 a9c8 9968 9188 99a8 9988 9168 9988 a9e9 ba6a caca d32b db8c e3cc e40c ec4d ec6d ec6e ec8d ec6e ec6e ec6e ec6d ec4c ec2d ec2c e40c e3ec e38b db4b d2ca c28a aa09 9988 8928 8948 9168 9188 99c9 99a8 a1a9 a209 a22a aa4b aa09 aa0a aa0a aa0a aa2a a9e9 aa29 aa2a aa09 aa0a aa0a b209 aa2a aa2a b22a b229 b26a ba6a ba6a ba8a ba8b baab c26a c26a ba6a c26a c28a baab c28a caaa caaa c2ab c28b c2ab cacb caaa caab caaa caaa caaa d2aa d2ab d30a e3cb caca ba8a ba8a ba4a ba4a b229 b22a b26a ba4a baac baab bacb ba8b ba8b baab ba6a c2ec c2ec c2eb c30d baac baed c30c c32d bb0d c32d bb0c bb2d c32d cb4d c34d c34e c38e c34d bb4e c38e c38e bb6e c3ae c3cf cbcf cbef cbae cc10 cbef cc30 cc91 ccb1 d4b1 d4b2 d552 dd53 dd33 d554 d594 ddb4 dd93 d512 d573 ddb4 dd93 dd52 dd74 ddb5 ddd5 e5d5 dd73 ddb5 ddf6 ddf4 ddb4 dd94 ddb5 ddb4 d573 d574 d596 d5d7 de17 e678 e678 ee78 ee98 ee98 ee98 eeb8 f6d9 f6f9 f6f9 eef8 d5b5 a2cc 99a9 99a9 a1c9 a22a aa2a aa4a aa4a aa29 aa29 aa0a b209 aa2a b22a b22a aa2a aa2a aa2a a9ea b22a b22b b24b c2ab d2ec d34c db8d e3ad e3ad e3ed e40d e3ed e3ed e3ed e3ed e3cd e3cd e3ce dbcd db8c d32c caec c2aa ba6a b229 b24a ba4a ba6a caab caeb d34d db6d db8d e3ad dbad db8d db8c db8c db8c db8c e38c dbac db8c db8c db6c db6b db8c db6d db6c db8c db6c db6c db6c db8c db8c db8c db6c db8c db8c db8c dbad dbad dbad e3ad e3cd e3cd e3ed e40d dbac c2aa 8169 60c8 50a7 5087 58a7 58a8 5067 5087 58c8 5067 5887 60a7 60a7 60c7 60a7 60c7 60a7 6087 5886 5887 5887 5887 58a7 68e8 60e8 60c7 60c8 58c8 50a8 50a7 58c8 58a7 60e9 6109 6969 79ab 6929 58a7 4867 5088 6109 8a0b bb4d dc0e e48e 
ec4d ec2d e3ec e3ac db6b d30a ca8a b229 99c9 9168 9188 91a8 9988 9988 9988 aa0a c26a d2eb d32b e38c e3cc e40d ec4d ec6d ec6d ec6d ec6e ec6d ec6d ec6d ec4d ec4d e44d e40d e3cc e38b db4b d2c9 c269 a9e9 99a8 9168 8928 8948 9188 9989 a1a9 a1c9 a1e9 a1ea a9e9 a9e9 a9ea a9e9 aa0a aa2a aa09 aa09 a9e9 aa0a aa2a b209 aa09 b20a b20a b24a b24a b24a ba6b ba6a ba6a ba6a baab ba8a ba8a c28a c28a c2ab c2ab c2ab caab ca8a c2cb c2cb caab c2cb c2cb caab c2aa ca8a cacb d2cb cacb d32b d2ea c2aa ba6a ba4a ba49 b24a b22a b24a ba6b ba4a ba8b bacb baab ba8b ba8a ba8b bacc c2ec c2ec c2ec baec bacb c32d baec bb2d bb2d bb0c baec bb0c c34d c32d bb2d c34e c34d c38e c34d c30d c36e c34d c38e cbef cb8d cbae cbf0 cbef cc11 cc91 cc30 cc51 d4f2 d512 d512 d513 dd94 dd93 dd73 dd33 dd73 dd94 dd73 dd52 dd74 dd94 ddb4 dd93 ddb4 dd95 ddb5 ddd4 ddb4 dd73 dd94 dd74 dd73 d555 d596 d5f7 de58 e658 e658 e677 ee98 e678 e678 ee78 e698 ee98 eeb8 eef9 eefa f719 eeb7 c491 99ea 9168 99a9 a1e9 aa0a aa2a aa2a aa09 aa2a aa2a aa0a aa2a aa2a aa0a aa2a a22a a20a a20b aa2a b24b b28b c2ab d2ec d32c db6c dbad e3cd e3cd e3ed e3ee e3ed e3ed e3ed e3cd e3cd e3ee dbcd db8c db2b d2eb c28a b24a a9e9 a9e9 a9e9 aa0a ba6b cacb d30c d32d db6d dbad e3cd dbad e3ac db6c db6c db8c db6c db8b e3ac db8c db6c db6c db6c db6b db6c db6c db8c db8d db8c db8c db8c db6c db6b db8c db8c e38c db8d e38c dbad e38c e3cd e3ed e3ed e3ac cb0b 91a9 60a7 50a8 50a8 5087 50a7 5087 5067 58a7 58c7 5887 6087 60e8 60c7 60a7 60c8 60a7 60a7 60a7 58a8 5087 5867 58a7 60c7 68e8 68e8 58a7 58a8 58c8 50a8 5087 58a8 58c8 6108 696a 79cb 71cb 6929 58a7 5087 6108 8a2b ab2e cbce dc2e e48e 
ec2d ec2d e3cc e38c db2a d2ca ba49 a1c9 9188 9968 9188 9189 9988 9989 99a8 aa0a ba6a d2eb db2b e38c e3cc e40c ec4c ec6d ec8d ec6d ec6d ec6e ec8e ec6d ec6d ec4d ec2d e40c e3cc db8b db2b d2a9 c269 a9c9 9988 9148 8948 9148 9189 99a9 a1c9 a1c9 a1c9 a1e9 a9e9 aa09 aa4b a9e9 a9e9 aa2a aa2a aa0a aa0a aa2a aa09 aa2a aa0a aa2a aa2a b24a b24a b26a b26a b26a ba6a ba6a c26a ba8a ba8a ba8a c28b c28b c28a c2cb caab c2ab c2cb c2ab caab c2ab c2ab ca8a caaa caaa cacb cacb d2eb d30b caaa c269 ba6a ba49 ba4a ba6a ba6a ba6b ba8b ba8b bacb c2cb baab ba8b baac c2ec c2ec baab baec bacc bacb bacb bacc bb0d baec bb0d c30c baec bb2d bb0c c36e c32d c30d c34d c34d bb2d c36e c32d c36e cbee cb8e c34d cbae cb8d cbef cc50 cc0f cc51 d4d1 d4b0 d4d2 d533 dd94 dd53 dcf2 d553 dd94 dd94 dd53 d533 d594 ddb4 dd93 dd53 d574 ddb4 ddd5 dd93 dd53 d553 d573 d553 d554 d5d6 de17 e658 e678 e677 e677 e658 e657 e677 e698 e677 e677 e678 ee98 ee98 eeb8 eef9 f6f9 f6f8 ddd5 ab4d 8989 9189 99c9 a1e9 a20a aa2a aa2a aa4a aa0a aa2a aa29 aa2a aa2a aa0a aa2a a20a a1ea a20a b24b ba6b c28b cb0c d32c db6c db8d e3ad e3ed e3ed e3cd e3ed e3ed e3cd e3cd e3ed e3ee dbad db8c db6c d2ec c2aa b209 a1c9 99a9 99a9 a1a9 b20a c26a caeb d32d db6d db8d dbad dbad db8c db8c db6b db6c e38c db8c e38c e38c db6c db6c db6d db8c db6c db8c db8c db8c db8d db6c db8c db8c db8c dbad db8d dbac e3ad dbad dbad e3ac e3ee e40d e3cd d30b a1e9 68c8 5087 50a8 5087 5087 5887 5087 5867 58a7 5887 60a7 60a8 60e8 60c7 60a7 60c7 60c7 60c7 5887 50a7 5087 5887 60c7 68e8 68e8 60e8 58a8 50a8 58c8 58a7 5887 58c8 60e9 6929 718a 71aa 718a 6109 5887 60e8 8a0b ab0d cbaf d40e dc2e e48e 
ec0d e3ec e3cc db6b d2ea ca89 b209 99a9 9168 9968 99a9 99a8 9968 9989 99a8 aa09 ba6a caea d32b db8c e3cc e40c ec2c ec6d ec8d ec6d ec6d ec8d ec6d ec6d ec6e e42d e42d e3ec e3ab db6b db2b d2aa c249 aa09 9968 9148 8948 9148 9988 99a9 a1c9 a1e9 a1ea a9e9 a9e9 aa0a aa2b a9e9 aa09 aa0a a9e9 aa2a aa0a aa09 a9e9 aa09 aa2a aa2a b22a b22a b24a ba6a ba6a b26b c26a ba6a ba6a ba8a c28a ba6a c28a c2aa c28a c2ab caab caaa c2cb c2ab caab cacb caab caca cacb caaa cacb d2eb d2eb caaa c26a b24a b249 ba49 ba6a ba6a ba6a ba8b bacc baab bacc baac ba8b baac c2cc c2cb baab baab baec bacb baab bacb baec baab b2ab bb0c bb0c bb2d c32d c36e c36d bb4e c36e c32c c34d c34d c32d c34e c38d c36e c38e c36d c34d cbae cbce c3ae cc50 d470 d450 d490 d4d2 dd11 dd53 dd33 d573 dd93 dd73 dd53 d574 ddb5 ddb4 dd53 d554 dd94 ddb4 dd93 d532 d513 cd13 ccf3 d575 d5f7 de18 e657 e678 e678 e678 e657 e637 e658 e657 e657 e677 e677 e657 e656 e677 ee98 ee98 eed9 eefa f6f9 eeb8 cd95 a2ad 8989 91a9 99a9 a1e9 a20a aa0a aa0a aa0a aa0a aa0a a20a a22a a20a a20a a1ea a1ca a1ea b24b b26b c28b caec d32d db6c dbad e3ad e3cd e3ed e3ed e3cd e3cd e3cd e3cd e3cd e3ee dbad db8d db4d d30c caab b22a 99a9 9169 8969 9168 a1a9 b24b c2ab cb0c d34c db6d db8d dbae db8c dbad db6c e36c e38c e38c e38c db8c db8c db6c db6c db6c db6c db6c db6c db6c db6c db8d dbad db8c db8c db8c db8c db8c e38c e38c e3ad e3cd e3ee e3ed db6c ba6b 7928 58a7 5088 5067 5047 5046 5866 5887 5867 5887 60a7 60a7 60c8 60c7 60e8 60c7 60a7 60a7 5887 5867 5087 5887 60a7 60c7 68e7 60c7 58a7 5087 58c8 58a7 58a7 58a8 60e8 6929 694a 716a 716a 6949 60e8 6908 81eb aaed c38e cbee d40e dc2e dc4e 
ebcc e3cc e38b db2b caaa b229 a1a9 9168 9188 9989 99a9 99a9 9989 99a9 a1c9 aa09 ba6a caca d32b db8b e3cc e40c ec4d ec6d ec6d ec8d ec8d ec8d ec6d ec6d ec6d ec4d ec0c e3ec e3ab db6b db2b d2a9 ba49 aa49 99a9 9168 8948 9168 9988 99a8 a1a9 a1c9 a1e9 a1e9 a9e9 aa09 aa09 a9e9 aa09 aa0a a9e9 aa2a aa4b aa2a aa2a aa0a aa2a aa09 b22a b209 b22a b26a ba6a ba6a ba6a baab ba8a c26a c28a c28b c28b c2ab c28a c2cb c28a caaa c2cb c2ab caaa cacb cacb cacb caea cacb cacb d2eb d2ca c24a ba2a b24a b229 ba6a ba4a ba6a ba6a ba8b c2ac baab baac b28b baec c2ec bacb baab c2cc bacc bacb bacc b2ab baeb baab bb0d bb0c bb0c c32c bb2d c32d cb4d c36e cb8d cb4d c36d cb8e c30c c36e c36d c32d c3af c36e c34d cbae cbcf cbaf cc30 d470 cc10 d491 d4d1 d4d1 d4d1 dd53 dd93 dd32 dd53 dd74 dd94 ddb5 ddb4 dd74 dd94 dd93 dd51 dd12 d512 ccf3 cd14 d576 d5d7 de37 e657 e677 e657 e657 e657 e657 e657 e657 e657 e658 e657 e657 e677 e658 e637 e636 e677 ee98 ee98 eed9 eed9 f6f8 eeb7 c4b2 920a 9188 91a9 99a9 a1c9 a1e9 a1e9 a20a a9e9 aa09 aa0a aa2a aa0a a1ea a9ea a1ea a9ea aa2a ba4b c28b caec d30c db4d db8d e3cd e40e e3ed e3ed e3cd e3cd e3cd e3ed e3ce e3cd dbad db8d db4c cb0b c2cb b22a 91a9 8128 78e7 78e8 9168 aa0a ba8b caec d30c d34d db8d dbad e38c dbad db8d db6b e38c e3ac dbac db8c db8c db6c db8c db8c db6c db6b db6c db8c db8c db8c db6c db6c db8c db8c db8d e38c e3ad e3ad e3cd e3cd ebed dbad c2aa 8969 58a7 5067 5087 5067 5066 5846 5887 5887 6087 60e8 60c8 60c7 60c8 60c7 60a7 60c8 60a8 58a7 5887 5067 58a7 60a7 60c7 68e7 60c8 58a7 5887 5087 58a7 58a7 58e8 58c8 6109 694a 71ab 718b 6929 6109 7169 8a0b a2cd bb8e cbee cbee d3ee d3ee d42f 
ebac e3ab db4b d2c9 c249 a9c9 9968 9988 99a9 a188 99c9 99c9 99a8 9988 a1c9 a9e9 ba6a caca d34b db8b e3cc e42d ec4d ec6d ec6e ec6d ec6e ec6e ec6e ec6d ec6d ec4d ec2c e3ec e3cc e36b db2a caca c26a aa09 99a9 9168 8969 9168 9988 99c9 a1a9 a1a9 a1c9 a1c9 a9e9 aa09 a9e9 aa09 aa09 aa0a aa09 aa4a aa4a aa2a aa0a aa0a aa0a aa0a b229 b22a b24a b24a b24a ba6a ba6a ba6a ba8a c26a c269 c28a c26a c28a c28a c2ab caaa caaa caaa caaa caaa cacb caca caeb cacb cacb caeb caeb ba8b ba2a b229 b22a b24a ba4a ba6a ba8a baac baab ba8b ba6b baab baec c2cb c2cb baab bacc bacb bacb baab bacc baab baab b2cc c2ec c32c c32c c34d c32c c30c c36e cb8e c32d c36d cb8d c34d c36d cb6d c34e c3ae cbae c36e cbae cb8e c38e d40f d430 d3ef d430 d491 d471 d4b2 dd12 dd73 dcf2 d4d2 dd73 dd72 dd52 dd53 dd94 ddb4 dd94 d4b1 cc91 ccb2 ccf4 d596 de17 de58 e678 ee98 e657 e657 e635 e616 e636 e657 e657 e657 e657 e637 e637 e637 e656 e677 e678 e637 e636 ee78 ee99 eeb8 eed9 eed9 eed8 de36 abf0 91e9 9168 9188 99a8 a1c9 a1e9 a20a a20a a1ea a20a a22b a20a a20a a1ea a1c9 a9ea aa2a ba6b c28a caec d32c db4d dbad e3cd e3ed e3ed e3ed e3cc e3ed e3cd e3ed e3cd e3ce dbad db8d db6c d30c cacb b22a 99a9 80e7 70a7 70a7 8108 a1a9 b24a c2ab caec d32c db6d db8d dbad dbad db8c db8c db6c db6c db8c e38c db8c db6c db6c db6c db8d db6c db6c db6c db6d e38d db8c db6c db8c db6c db8c e36c e36c e3ad e3cd ebed e3cd cb4c a1c9 6887 5067 5047 5066 5067 5066 5846 5867 5887 60a7 60c8 60c8 60c8 68e8 60e8 60c8 60e8 58c8 5887 5067 5087 58c7 60c7 68e8 60e8 58a7 5887 58a8 58a8 58a8 6129 618a 616a 692a 696a 71ec 694a 6929 714a 89eb a2cd bb6e cbce cc0e cbce cbce cbce d3ee 
e38b e36b d2ea c269 b209 99a9 9968 9988 99a9 a1a9 a1c9 a1c8 9988 9968 99c9 aa2a ba69 caeb d32b db8c e3cc e42d e44d ec6d ec6d ec8d ec6d ec6d ec4d ec6d ec6e ec6d ec2d e3ec e3ac db6b db2a d2ca c269 aa09 99a9 9168 8948 9148 9188 9989 a1c9 a1c9 a1e9 a1e9 a9ca a9c9 a9e9 aa0a aa2a aa2a aa2a aa4a aa2a aa2a aa0a aa0a aa2a aa2a aa29 b24a b24a b24a b26a ba4a ba4a ba6a c28a ba8a c28a c28b c26a c2aa c2aa c2ab caaa ca8a caab caaa caaa cacb c2cb cacb cacb caeb caaa c28a ba6a ba4a ba49 b24a b24a ba4a ba6a ba8b ba6a ba8b ba6a baab c2cb c2cb baab b2ab baab baec bacb ba8b b2ab baab ba8b baab c2ec c2ed c30c c32d c30c c30d c34d cb6d cb6d cb6d cb2c cb4d cb6d cb4d c32d cbae cb6e c38f cb8e cb8e c38e cbef d3ce cbef d450 d40f d450 d4b0 d4d1 d4b1 d4d1 dd32 dd53 dd33 d4f1 d553 dd93 dd52 d511 d4f2 cc71 ccb3 d575 ddd6 e637 e658 ee78 e658 ee77 e657 e637 e616 e616 e636 e657 e637 e636 e657 e637 e636 e637 e637 e657 e657 e677 e637 e636 e677 e677 ee98 eed9 eed9 eeb7 d616 abaf 91a9 9168 9189 9988 a1c9 a1e9 a20a a20a a20a a20a a1ea a20a 99ea a1ca a1ea b20a ba6a c28b cacb d32c db6d dbad e3cd e3ed e3ed e3ed e3cd e3ed e3cd e3ed e3cd dbce dbad db8d db6d d32c c2ec b26a 99c9 8108 68a7 6887 78c7 9148 a1c9 ba6a c2ab cb0c d34d db8c dbae e3ad dbad db8d db6c db6c db6c e38c db8c db8c db6c db6c db8c db6c db6c db6c db6c db8c db6c db6b db6c e36c e36c e38c e3ad e3ce e3cd ebcd db6c b24a 78e7 5887 5087 5067 5887 5867 5867 5887 5887 60c7 60e8 68e8 60c8 60e8 60c7 60e8 60c8 60c8 58a7 5088 5087 58a7 60e8 68e7 60c8 58a7 5887 5087 5087 58a7 58c8 6149 614a 696a 694a 698b 71ab 716a 798b 8a2c a2ee bb4e c3cf cc0f cc0f cbce c3ae cb8e cbad 
e34a db2a d2c9 b229 a1a8 9988 9988 99a9 99a9 a1a8 a1c8 99a8 9988 99a8 99c9 aa09 ba6a caca d34c db8c e3ac e40d e42d ec4d ec6d ec6d ec8d ec4d ec6d ec6e ec6d ec6d e42c e3ec e3ab db8b d30a caaa c249 aa09 9988 9168 8928 9168 99a8 99a9 a1c9 a1c9 a1ea aa09 a9e9 a9c9 aa0a aa0a aa4a aa09 aa2a aa4a b22a aa2a aa09 aa09 aa29 aa09 b229 b24a b26a ba4a b24a ba4a ba8a ba6a baab c28a c28b c28b c28a c28a caaa c2cc c2cb c2aa c2ab caaa caab c2aa c2aa caca cb0c caea c26a b24a ba4a ba29 b229 b24a b24a ba6a ba8b ba8b ba6a b28b baab c2ab c2aa baab b28b b28b bacb baab b28b baab b28b b2ac baac bacb c30c c30c c30c c2ec bb0d c36d c36d c38e c34d c30d c34e cb8d cb6e cb6d cb8d cbae c36e cb8e cb8e cbce d3ef cbae cb8e cbee cbef cbef d471 d450 d450 d4d2 d533 dd33 dcf2 d4f2 dd32 dd94 dcf2 d470 cc51 cc72 ccf3 ddd6 e617 e637 ee77 e678 e657 e637 e616 e616 e637 e637 de17 e615 e657 e637 e637 e637 e637 de37 e636 e657 e637 e637 e656 e657 de58 e678 e678 e678 eed9 eefa eed9 eeb7 d5d5 a2cc 8988 9168 9188 99a9 99c9 99e9 a1c9 9a0a 9a0a a20a a1ea a20a a1ea a9ea aa0a ba4a c28b cacb d32c db4c dbae e3cd e3ee e3ee e3ed e3ed e3ec e3cd e3cd e3cd dbcd dbad dbad db4d d30c c2ec ba6a 99e9 8128 68a7 6067 6887 80e7 9989 b22a ba6b cacc d32c db6d dbad dbad e3cd e3ac e36c db6c e38c db6c db8d db8c db6c db6c db6c db6c db8d db8c db8d db8d db8c db6c db8c db8d e38d e38d e3ad e3cd e3ed e38c c2aa 8948 6087 50c8 58e8 5909 58a7 5867 5887 5887 60c8 6108 68e8 60c7 60c8 60e8 60c8 60c8 60a7 58a7 58a8 50a7 5887 60e8 6908 60e8 60c7 58a8 5887 58a8 58a8 58c7 6109 6109 6109 692a 698b 718b 79ab 818b 89ec 9acd b34e c3ae cbef cc0f d40f c3ae c36d c38d cbce 
db0a d2ea c269 a9e9 9988 9988 9988 99c9 99c9 a1a8 a1c9 99a8 99a8 99a8 99a8 aa09 ba69 caaa d32b db8b e3ac e3ec e42d ec4d ec6d ec6d ec8d ec6d ec6d ec4d ec4d ec4d ec2c e40c e3cc e36a db0a d2ca c269 b209 a1a9 9148 8948 9168 91a9 99a9 99c9 a1ea a20a a20a a9e9 a9ea aa2a a9e9 aa2a aa09 aa0a aa09 aa2a aa09 aa09 aa0a aa2a aa0a b24a b22a b229 b24a b24a ba4a ba6a ba6a c28a baaa c28a c28a c28a c2aa c2aa c2ab cacb caaa caab c28a cacb caab caab caca caeb c28a ba4a b26a b229 ba49 ba4a ba6a b26a ba6b ba8b ba6a ba6b bacb c2eb c2ab ba8b baab baab b2ab bacb baab b26b aa6b baab c2cc c30c c2cb c30d c30c baec baec c30c c34d cb8e cb6d c34d c38e cb8d cb4d cb6d cb6d cb6e cbae cbaf cb8e cbae cbce cbce cbce cbef cbae cbef d42f d471 cc51 d4d1 dd12 dd32 dcf2 dd32 d512 d512 d4f2 cc30 c431 ccf4 d596 ddd6 e616 e636 e637 e636 e657 e617 de17 de37 de38 e637 e637 e636 de17 e615 e657 e657 e637 e637 e636 de17 e616 e637 de37 e657 e677 e699 e698 e699 e699 eeda ef1a eefa eed8 e697 bcb3 922a 8968 9168 9188 91a9 99a9 99a9 99c9 99ea 99c9 99ea 99ea 99ca a1ea aa2a b24b c28b caeb d30c db4d db8d e3cd e3ee e3ee e3ee e3ee e3ed e3ed e3cd e3cd e3cd dbee dbae db8d d34d caec ba6b a1ea 8948 6887 5846 5887 70a7 8968 a1ea b24a c28b d2eb d32c db8d db8d dbad e3ad e38c db8c db8c e38c db6c db8c db6c db6c db6c db6c db8c db6c db8d db8c db8d db6c db8c e38c dbae e3ad e3ad e3ee e3cd caea 9988 60a8 50a8 5909 618a 5929 58e8 58a7 5867 58a7 60c8 60c7 60c7 60a8 60a7 60c8 60e8 60c8 58a7 5887 50a7 5887 60c8 68c7 68e8 60c8 58a7 58a7 58a7 58c8 58a7 58a7 6109 6109 694a 696a 718b 718b 798b 8a0c 9a8d ab2e c38f cbcf cbee cc0f d40e c3ae bb6d c3ae d40f 
d2c9 caa9 ba29 a1a8 9989 99a9 99a9 a1c9 99e9 99a9 a1c9 99a8 99a9 99a9 99a8 a9c9 ba69 caca db0b db8c e3cc e40d e42d ec4d ec4d ec6d ec6d ec6e ec4d ec4d ec4d ec4d ec2c e40c e3cb e36b db0a caaa c249 a9e9 99a9 9168 8948 8969 91a9 99c9 99c9 a1ea a9e9 a20a aa09 a9c9 a9e9 a9e9 aa09 a209 a9e9 aa09 aa0a a9e9 aa09 aa09 aa0a aa0a b24a b249 b229 b24a b24a b28a ba6a ba6a c28b ba8a c28a c28a c28a caaa c28a c2aa ca8a c2ab c2ca c2ab c2aa caab cacb caeb c2aa ba6a b24a ba49 ba49 ba6a ba6a ba8b ba6a ba8b ba6a ba6b baab c2ab c2aa baab baab baab baab b28b baab b24b aa6b b2ac baab c2ec c30c c32d c30c baec c32d c32d c32d cbae cb8d cb6e cbae cb8e c36e cbae d3ae cb6e cbae d3ae d3ae cbae cb8d cb8e cb8e cb8e cb8e cbce cbce d3ce d450 d4b0 dcd1 dcb1 dcf2 dd32 dd12 d491 cc30 cc10 c472 d576 de16 e616 e637 e616 e5f5 e616 e5f6 e5f6 de16 de58 e658 e678 e657 e637 e616 e616 ddf5 e616 e616 e616 e5f6 e616 de17 de38 de58 e698 e678 e677 ee99 e678 ee98 ee98 eed9 eef9 eefa eeda eed8 de57 b410 89a9 8968 8968 8988 9168 91a9 91a9 99c9 99a9 99ea 99c9 a1c9 a1ea aa2a ba4b c28b caeb d34c db6d dbad e3cd e3ed e40e e3ed e3ed e3ed e3cd e3ed e3ee e3cd dbce db8d db6d d34d cb0d baab a1ea 8128 6887 5067 5887 68c8 7928 99ea aa2a ba6a c2cc d30b db6d db6d e3ad e3ad e3ad db8d db8c e38c db6c db6c db6c db8c db6c db6c db8d db6c db8d db8c db8d db8c db6c e38c e3ad e3ad ebed e3ee db8d b209 70c7 5887 5087 5087 50a7 58a7 5867 5887 5887 60a7 60c7 60c7 60a7 60a7 60c7 60c8 60c8 60a7 58a7 5887 58a7 58a7 68e8 6908 60e8 58a7 58a7 58c8 58c8 58c8 58c7 58a8 58c8 6129 694b 696b 71ac 79cc 8a0c 9a8d ab2e bbaf c3af cbcf cbee cc0f cbef c36d c3ae d42e d44f 
ca8a ba49 a1c8 9988 9988 99a9 a1a9 a22a a1c9 a1c9 a1c8 99c8 9988 9988 99a8 aa09 ba49 caca d32b db8b e3ac e3ec e40c e44c ec4d ec8e ec6e ec6e ec6e ec6e ec6d ec4d ec2d e40c e3cc db6b d32a caca c249 b1e8 a1a8 9168 8969 8969 91a9 91c9 9a0a a20a aa0a a20a aa2a aa0a aa09 a9e9 aa09 aa0a a9e9 aa29 aa0a aa0a aa2a aa09 a9e9 aa2a b24a b249 b229 b24a b24a ba6a ba8b c26a ba8a ba8b c28a c28a c28a c28a c28b c2ab c2aa c2ab c2cb cacb cacb cacb caeb c2cb baaa ba8a b24a b229 ba4a c28a ba8b ba6b b26a b2ab ba6b ba8b baab baab ba8b baab c28a ba4a b26b b26b b24a b26b b28b baac bacc c2cc cb2d c30d bb0d c32c c30c c32d cb6d cb4d cb6d cb8d cb2d c36e cbae cb8e d38e cbae d3cf cbce cbce cb2c c34d cbae c38d cb6d cbce d3ce cbaf d42f d491 d470 d490 dd33 dcf1 d48f cc70 c40f bbd0 c493 d554 e637 e637 e636 e657 e637 e5f6 e5d5 e616 de37 e616 e678 e657 e636 e637 e616 e616 de16 ddd6 ddb5 ddb5 ddf6 de37 de17 e637 e678 e698 e698 e678 e657 e677 e658 e657 e677 e698 e699 eed8 eef9 eed8 eed7 ddf5 a2cc 89c9 8168 8148 8968 9189 9188 91a9 99a9 99c9 99c9 99a9 a1e9 a22a ba4a c2ab d2eb d32c db6c dbad e3cd e3ed e3ed e3ed e3ee e3ed e3cd e3ee e3ee e3ee dbce dbad db6d d32c caeb b26a a1c9 8928 6887 5046 5067 60a7 7108 8989 a22a b26b c2ab cb0b d34c db6d db8c e3ad e3ad dbad db8c db8c db6c db4c db6c db6c db6c db6c db6d db6c db6c db8c db6d db8d e38c e38c e38d ebad ebcd e3ac caca 8948 5887 5067 5047 5087 5087 5087 5887 58a7 60a7 68c7 60c8 60c7 60a7 60e8 68e8 60c7 6087 5887 5066 5067 5887 60c8 68e8 6908 60c8 5087 58a7 58a7 58c8 58c8 58a8 60e8 60e9 6109 694a 71ac 79ac 8a2d 9aad ab2e bbaf c3cf c3ef cbcf cbce cbce c38e c38d cc0e d46f d46f 
c229 b209 9988 9188 99a9 99a8 a1a8 a1c9 a1c8 a1c9 a1a9 99a9 99a8 9988 99a8 a9e9 ba49 cacb d32b db6b e3ac e3ec e42d ec4d ec4e ec4e ec6e ec8e ec6e ec6e ec4d ec4e ec2d e40d e3ed db6c db2b caca c269 aa6a a1a8 9148 8968 91a9 91c9 99c9 a1c9 a1e9 a20a a1e9 aa2a aa2a aa0a a9e9 aa09 aa09 aa09 a9e9 aa09 aa2a b209 aa29 aa0a aa2a b22a aa09 b229 ba29 ba4a ba6a ba6a c26a c28a c2ab c2ab c289 c28a c28a c28a c2aa c2aa c2ab c2ab caab cacc caeb caeb c28b baab ba8b b26a ba6a ba8b ba6a ba8b ba6b ba6b ba6a ba8b ba8b c2ab baab bacb baab ba6a b28a b28b b26b b28b b2ac bacb bacc bacc bb0c c2cb c34d c30c baec c34d cb2c c32d c36d cb4c c30d cb6e cbae cb6d cbae d3ad d3ce d3ce d3ce c36d c34d c38e cb8e cb4d cbae cbae cbcf d42f d40f d430 d490 dcf1 dcf1 d450 c3ae c3cf bc32 ccf3 ddd6 ddf6 e636 e616 e616 e616 e616 e617 ddf6 e616 e657 e617 e616 e637 de17 e5f6 e5f6 ddd6 ddf6 de17 ddf7 de17 de16 e657 e637 e636 e656 e657 e636 e636 de17 de37 de37 de37 de37 de57 e678 e678 e698 eeb8 eeb8 e6b8 c535 a390 8a4b 89c9 8988 8968 8988 9188 91a8 99a9 99a9 9989 a1c9 aa09 b24a c28b caeb d32c db4c e38d e3cd e3ee e3ed e3ed e3ee e3ee e3cd e3ce e3ed e3ce e3cd dbad db8d d34c caeb ba6a a1c9 8928 6887 5067 50e8 58a8 60c7 8169 99ea aa2a ba6b caeb d30c db2c db6c dbad e38d e3ad e38c e36c db6c db6c db6c db6c db4c db4c db6c db8d db8c db6c e38d e38d e38c e3ad e3cd ebcd e3cd d32b a9e8 68e8 5887 5047 5046 5067 5087 5087 58a8 60a8 60e8 68c8 60e8 60e8 60a7 60c7 60c7 6087 5887 5867 5047 5887 60c7 68e8 68e8 60a7 5887 58a7 58c8 58c8 58c8 60c8 60e8 6129 6129 6109 692a 718b 81ec 9aad ab2e bb8f c3cf cbef cc0f cbef c3ae c3ae c3ae cc0e d44f d46f d48f 
a9e9 a1c9 9988 99a9 99a9 99a8 a1c9 a1ea a1e9 a1c9 a1c9 99c9 9989 9988 99c9 a9e9 ba49 cacb d30a db6b dbac e3ec e42d ec4d e44e ec6d ec6e ec6e ec6e ec4d ec4d ec4e ec2d e40d e3ac db4b d30b caea ba69 aa09 99a8 9168 8948 9168 9168 99c9 a1c9 a1e9 a209 aa0a aa0a aa0a aa09 aa0a aa0a aa09 aa09 a9e9 aa2a aa09 aa09 aa2a aa29 b24a b22a aa49 b24a b22a b24a ba6a ba8b c28a c2aa c2ab ba8a c28b c28a c28a c28b c2aa caaa c2ab c2ab c2aa c2eb cb2c cacb ba6a ba8b ba6b ba8b ba8a ba6b b24a ba6b ba6a ba6a b26a ba8b ba8b ba8b ba8b ba6a b26b ba8b ba8b bacc ba8b bacc bacc ba8b baed c2cc c2ec c32d c30c bb2d bb4d c30c c30c cb8e cb4d c30d cb6d cb4d c30d cb8e d38d cb4d d3ce d3ae c36d c38e cbce cb8e cb8e cbae d38d cbae cbef d3ae cbef d4b1 dcd0 d490 cbee bb8e bb4e c492 d594 ddb6 e5d5 e617 e616 e5f6 e5f5 e616 e637 e637 e637 e616 e5f5 e617 ddf6 ddf6 ddd5 ddd6 ddb5 ddf6 ddf6 e637 e637 e636 e5f6 e616 e5f6 ddf5 ddf6 ddf6 ddf6 ddf6 e637 de57 e658 e658 e658 e678 e677 e678 e678 e698 eeb8 eed9 e6d9 d678 b535 a36f 89a8 8127 8148 8967 8948 91a8 99a8 99a9 a1c9 a9e9 b24a c2ab caeb d32b db4d db8c e3cd e3ed e3ed e3ed e3ed e3ee e3cd e3ce e3cd dbce dbcd dbad db8d d32c caeb ba6a a1c9 8928 6887 5867 5067 58e8 6129 70e7 8969 a1c9 b22a c2ab caeb d30c db6d db8d e38d e3ac e38c e38c db8c db6c db6c db6c db6c db6c db6d db6d db8d db8d e38c e38d e38d e3cd ebcd ebac db6c ba6a 78e7 5866 5067 5047 5067 5047 5087 5888 60a8 6108 68e8 68c8 60e8 60c7 60a7 60c7 60a7 6087 5887 58a7 5887 60a8 68e8 68e8 60c8 5887 5087 58a7 60e8 58c8 60e8 60e8 6108 6109 610a 6109 692a 79ab 926d ab2e bb6e c3ae cbcf cbef cc0f cbef bb8e c3ae cc0e d44f d46f d46f d48f 
a1c9 9988 9988 99a9 99a9 a1a9 a1a8 a1c9 a1e9 a1a8 a1c9 a1c9 99a9 9988 99a8 a9e9 ba49 caaa d30a db6b e3ac e3ec e42c ec2d ec4d ec6d ec6e ec4e ec4e ec4e ec4e ec2d e42d e40d e3cc db6b d30b caca c26a aa09 a1a9 9148 8948 8948 9148 99a9 99c9 a1ea a1e9 a9ea aa0a aa0a aa09 aa09 aa2a aa09 aa09 a9e9 aa09 aa09 aa09 aa09 b20a b209 b22a b249 b229 b24a b26a ba4a ba4a c26a c28a c28a c28a c28a c28a c28a c28b c28a caab caab caab cacb cb2c d32c c28a ba4a ba6a ba4a ba4a ba8a ba8b ba6a b26a ba4a b26a ba8a ba8a baab bacb baab ba8b ba8b bacc c2cb bacc bacc baab bacc bacb bacc c30c cb2c c2ec c30c c34d c2ec c32d c36d cb8d cb8e cb6d cb8d c32e c38e cbae cb4d cb6d d38d cb4d c38d cb6d c32d c34d cb6e cb4d cbae d3ae cb8e cbaf d430 d4b1 d470 cc0e c36e bbb0 cd14 d595 dd94 e5d5 ddb5 e5d5 e616 de17 ddd6 e5f5 e637 e637 e637 e5f6 ddb6 e5d5 e616 ddf7 ddb5 ddf6 ddf7 e5d4 de16 e636 e636 ddf6 ddd6 ddf7 ddf6 de16 e637 e616 e637 e616 e637 e657 e658 e658 e677 e678 e677 e677 e678 e698 ee98 eeb9 eed8 eef9 e6d8 cdf7 a370 89e9 8989 8127 8948 9188 9188 9188 a1c9 a9e9 b22a c28b cacb d32c db6c dbad dbcd e3ed e3ed e3ed e3ed e3ed e3ed e3cd e3cd e3ce dbef dbef db8d d32c caeb ba6a a1c9 8948 6887 5867 5087 5087 5866 6087 70c7 9188 a1e9 ba6a c2ab d2eb d32c db6d e3ad e3ad e38c e38c db6c db6c db6c db4c db6c db6c db6c db6c e38c e36d e38d e3ad e3ad e3cd ebcd e38c caca 9168 6087 5887 5067 5067 5047 5067 5887 58a7 60e8 68e8 68e8 68e8 68e8 60e8 60c7 60c8 60a7 5887 5067 5087 58a7 68c8 68e8 68e8 58a7 5887 58a7 58a8 60c7 60e8 60c8 58c8 60e9 6109 6909 692a 716b 8a2c aaed bb6e c3cf c3cf cbcf cbef cc0f cbae c3ae cc0f d46f d490 d48f d48f d490 
99c9 91a9 99a8 99c9 99c9 a1c9 a1a9 a1a9 a1a9 a1c9 a1c9 a1c9 99a9 99a8 99a9 a9e9 ba49 caaa d30b db8c e38b e3ec e40d e42e ec4d ec4d ec6e e46e e44e ec4e ec6e e44e ec2d e40d e3ac db8c d32b caca c26a b209 99a8 9168 8948 9148 9188 99a8 99a8 a1c9 a1e9 a1e9 a1e9 aa2a aa09 aa09 aa09 aa09 aa2a aa09 aa09 aa2a a9e9 aa2a aa4a aa29 aa09 b229 b229 ba4a ba6a ba4a ba6a ba6a c28a ba8a c28a ba8a c2ab c28a c28a c2ab c2cb c28a c2ab cacb d34b cb0b ba6a ba29 ba4a ba2a ba4a c28a c2ab ba4a ba6b b26a b26b ba6a ba6a ba8b ba8b baab ba8b ba8b baab baab c2cb ba8b bacc baab baec c32d c32d c30d c32d c30c c30d c32e cb4d c32d cb6e cb8e cb4d c34d cb6d cb6d cbaf cb8e cb6d cb6e cb4d cb6d c32d c34e c34d c34e c38e cb8d cb8e cbce cbef d40f cc30 cbae c34e c411 d534 ddd5 e5d5 ddb5 e594 ddd5 ddb6 e5d4 e636 e5f6 e5d4 e5f5 e616 e5f6 e5f6 ddf6 ddd6 ddd5 e617 ddf6 ddf5 de37 dd94 ddd6 ddd6 ddd5 de17 de37 e637 de37 e617 e637 e637 e637 e637 e637 e637 e657 e658 e657 e658 e678 e658 e678 e698 ee98 e699 eeb8 f6d8 f6f9 eed8 cdf7 abf0 9a09 7928 8128 8948 9168 9188 9989 a1e9 b22a c26a cacb d32c db6d dbad e3cd e3ed e3ed e3ee e3ed e3ce e3cd e3cd e3ed e3ee e3ee dbef db6c d32c cacc ba6a a1e9 8948 70a7 60a7 5087 5067 5046 5887 68a7 8107 99a9 aa0a ba8b cacb d30c db2c db8c e38c e3ac e38c e38c db6b db6c db4c db6c db8c e36c db6c e38c e38d e38d e3ad e3ad ebcd e3cd d30b a9c9 68a7 5046 5047 5066 5067 5066 5887 5887 5887 60c7 68e8 68e8 68e8 68e8 60c8 60c8 60c7 60c8 5887 5087 5887 60c7 68e8 68c8 60a7 5887 58a7 58c8 5887 60e8 60c8 60e8 60e9 58e9 60e9 690a 716a 820c a2cd bb6e c3ae c3cf c3af c3ce cbee cbef c3ae c3ef d44f d48f d48f d48f d48f d46f 
91e9 99c9 9988 99c9 a1c9 a1e9 a1c9 a1c9 a1e9 a1c9 a1c9 a1c9 99a8 99a9 a1c9 a9e9 ba49 caaa d32b db8c e3ac e3ec e40d e44e ec6e e46e e46e ec6e ec8f ec6f ec6e ec4e e42d e40c e3cc db8c d30b caca c26a b229 a1e9 9168 8928 8948 9188 9988 a1a8 a1c9 a1e9 a1e9 aa09 a9e9 aa09 a9e9 aa0a aa09 aa2a aa09 aa09 aa29 aa29 b229 aa09 aa09 b22a b209 b249 ba49 ba4a ba4a ba6a c28a c28a baab c2aa c2aa c28a c2aa c2ab c2ab c2ab c2ab c2ab d32b d30b c2aa ba4a ba6a b24a b22a b24a ba6a ba8a c26a ba6b ba8a ba6b ba6a ba6a b28b ba6a ba6a b28b baab baab ba8b baab bacb baab baec c32c cb4d c34d c32c c2ec c32d c36d cb6d cb6e cbae cbae cb4e cb6e cbae cb4d cb4d cbae cb2d cb6e cb6d cb2c c34d cb4d c30c c30d cb6e cb8d cb4d cbad c36d c34d c3ae c36d bb6f c492 d554 e5b4 e5d5 e5f5 ddd5 ddb6 e5b3 de16 ddb5 e5b3 e5d4 ddd5 ddb5 ddd5 ddd5 ddd6 ddd6 ddf6 ddf6 e615 e5f6 dd94 ddf6 ddf6 de16 e637 ddf6 e5f5 e636 e658 e636 e637 e636 e637 e637 e657 e658 e657 e637 e657 e658 e657 e677 e657 e636 e677 e677 e677 e677 ee77 ee98 eed8 eef9 d5f6 ab2e 7928 7907 8107 8948 8968 99a9 a1c9 b22a c28a cb0c d32c db4c db8d e3ce e3ee e3ee e3ce e3cd e3ee e3cd e3ce e3cd e3ee e3ed dbae db4c d32c cacb ba6a a1e9 8948 70a7 6086 58a7 5067 5046 5866 6087 70c7 9168 a1c9 b20a c2cb caec db2c db6d db8d dbad e3ac db8c db8c db6c db4b db4b db4c db6c db6c e38c e3ad e3ad e3ad e3ce ebcd db6c ba6a 78c7 5887 5047 5067 5067 5067 5087 58a7 60a7 60a7 68e7 68e8 60c8 68c7 60a7 60e8 60e8 60a7 5887 5887 58a7 60c8 68e8 6908 6108 58a7 5887 58c8 60e8 60c8 60c8 60c8 58c8 58c8 58c9 60e9 694a 81ec 9aee b36e c3af c3af c3ae c3af cbce c3cf c3af c3ef cc2f d46f d48f d490 d48f d490 d46f 
99a9 99c9 99a9 a1e9 a1c9 a1c9 a1c9 a1e9 a1e9 a1e9 99c8 99c9 99a9 99a9 a1e9 aa09 ba49 caca d32b db8c e3ac e3ed e42d e42e ec4d e46e e46e ec6e ec6f ec4e e44e ec4e ec2d e40d e3cc db6c d32b d2ca ba6a aa09 a1ea 9168 8948 9168 9188 99a9 99c9 a1e9 a1e9 a1e9 a9e9 a1e9 a9e9 aa09 aa2a aa2a aa09 b209 aa09 aa09 aa09 aa29 aa09 aa09 b20a b229 b229 ba29 ba6a ba29 ba4a ba6a c28a c28b c28a c2ab c2aa c2cb c28a ba8a c28a c28b cb4d d3ac ca8a ba6a b229 b229 b209 aa2a b229 ba4a baab c28a baab ba8a ba6a ba6a ba8a ba8b baab ba8b ba6a ba8b ba8b baab baab baac bacc c30c c32d cb2c c2ec c30d c34e cb6d cb4d d3af d3ae cb8e cb6e cb6d cb6d cb6e cb8e cb8e c34e c36e cb8d cb4d c34d c36e cb4d c34d c34d c36e cb8e cb8e c36d bb0d bb4e bb4e bbf0 ccb1 dd32 e5b4 e5b4 ddd5 ddf5 e5f5 ddf6 dd95 e5b3 ddd5 dd95 dd94 ddb4 ddd5 ddb5 dd95 ddd5 ddd6 ddd5 ddd5 ddb5 ddd6 ddf7 e616 e617 e5f6 e636 e637 ddf7 e5f5 e657 e637 e637 e657 e637 e637 e657 e657 e637 e616 e636 e637 e657 e657 e637 e637 e677 e678 e678 e677 e678 e678 eeb8 eef8 eed7 c575 924c 70c7 78c7 8128 8948 91a9 a1c9 b229 c28a caeb d30b db4c dbad e3cd e3cd e3ed e3ed e3cd e3cd e3ce e3ce e3cd e3ee e3ee e3ad db6d d32c cacb ba6a a1e9 8968 70a7 6087 5886 5867 5046 5066 5867 6886 78c7 9168 a9c9 ba6a cacb d30b db2b db6c db8c e38c db8c db6c db4c db4b db4c db4c db4c db8c e38d e38d e38d e3cd e3cd e3ad caea 9168 6087 5067 5067 5087 5887 5867 5887 58a7 6087 60a7 68c7 68e7 60c7 60a7 60c7 6108 60e8 60a8 5887 5887 60a8 60c8 60e8 60a7 5887 5067 5887 58c8 60c8 60e8 6108 58c8 58c8 58c9 58c9 690a 81cb 9aad b36f c3af cbcf c3cf c3ae c3ae c38e c38e c3ae cc0f d44f d48f d490 d490 d490 d490 d46f 
9989 9988 9988 a1c9 a1e9 a1e9 a1e9 a1e9 99e9 a1e9 a1e9 99c9 99a9 99c9 a1ea aa0a ba6a cacb d32b db6b e3ac e3ed e40d e44e e44e e44e e44e ec4e ec4e ec4e ec2d ec2d e42d e40d e3cc e38c db2b caca ba6a a9e9 99c9 9168 8949 8948 9168 99a9 99c9 a1e9 a1e9 a1e9 a9e9 a1ea aa09 a9e9 aa0a aa2a b22a a9e9 a9e9 a9e9 aa09 a9e9 aa29 aa09 aa29 b229 b24a b229 b26a ba6a ba6a ba6a ba8a c28a c2ab c2ab c28a c2ab ba8a ba6a c26a cacb e4f0 dbcc c28a b209 b209 b22a aa2a aa29 b22a b22a ba6a ba6a ba8b ba8a ba6a ba6a ba4a ba6a ba6a ba6a ba6b ba6a ba8b ba8b bacc bacb bacb baeb c30d c2ec c32d cb6e cb2d cb4d cb8e d3ad cb6e cb8e cb6d cb4c cb4d cbae d38e cb8f cb6e cbae cb6d c34e cb4d c32d c34d c32d baec c34d c34c c30d bb2d bb0d bbaf c492 d554 dd12 dd12 dd52 ddb5 e5d4 e616 ddd5 e5d4 ddb5 dd74 ddb4 ddd6 dd95 dd73 ddb4 ddd6 ddb5 dd93 ddb5 dd94 dd95 ddf6 e616 e637 e637 e636 ddf7 e5f5 e636 e657 de17 e615 e657 e637 e657 e637 e616 e637 e657 e657 e637 e657 e657 e657 e677 e657 e657 e656 e698 e699 e698 e698 e698 e6b9 ee98 eeb7 eeb7 bc93 8169 70e7 8107 8928 9168 a1c9 aa29 ba6a caeb d30c db4c db8d dbad e3cd e3cd e3cd e3cd e3cd e3ee e3ce e3cd e3ce e3ee e3ad db6d d32c caec ba8a a209 8989 70c7 5867 5887 5887 5887 5866 5846 6066 6886 8107 9988 b209 c28b d2ca d30b db4c db6c db8c db8c db8c db6c db6b db2b db4b db4c db6c e38c e38d e3ad e3cd e3cd d30b a209 68a7 5887 5087 5067 5087 5887 58a7 5887 60a7 68a7 68c7 68a7 60c7 60e8 60e8 60e8 60e8 60a7 58a7 5887 5887 60e8 6908 60c8 60a7 5887 58a7 58a7 60e8 60c8 58a7 60e8 58c8 58a8 58c9 60e9 716a 926d ab2e c3af cbef cbf0 c3ae c38e bb8e bb8e c3af cc0f cc50 d470 d4b0 d48f d48f d490 d48f d46f 
99a9 99c9 99a8 a1e9 a1ea a1c9 a1a9 a1c9 99e9 a1c9 a1c9 99c9 a1c9 99c9 a1c9 aa0a ba6a cacb d30b db6b dbac e40d e40d e42d e44d e44d e42d e44e ec4e ec4e ec2d e44d e42d e40d e3cc db6b db2c caca ba6a aa09 99a9 9168 8949 8948 9168 99a9 a1c9 a1c9 a1c9 a1e9 a1e9 a9e9 a9e9 a9e9 aa0a aa2a aa0a aa0a aa0a a9e9 a9e9 a9e9 aa29 aa09 b229 b209 b22a ba29 b24a ba4a ba8b ba6a c28a c28a ba8b c26a c26a c28a ba6a ba4a c26a d36c ed4f db8c c229 b1e9 b209 b229 b24a b229 b24a ba6a ba8a ba4a ba8b ba6a ba6a ba6a ba6a ba8b ba8a ba6b b26b ba6b ba8b bacb c2cb c2ec c2ec c28b c2ec c34d cb6d cb2d c32d cb8e cbae cbae cb8e cb4c bacc c36d cbae cb4d d38e cbae cb6d cb6e cb8e cb4d c32d bb4e c2ec baec bb4d c34d baec bb0d bb2e bbb0 d4d1 dd94 dd74 dd12 dd33 dd73 e5b4 e5b5 e5f4 ddd5 dd94 ddb4 ddb5 dd74 dd94 ddd6 d595 ddb4 ddb3 dd54 d533 dd95 ddd6 ddd6 e5f6 e617 e616 e637 e617 e637 ddf7 e5f6 e637 e658 ddf7 e5f5 e637 e637 e637 e637 e657 e657 e657 e637 e637 e637 e657 e637 e637 e637 de16 e657 e677 e678 e698 e698 e6d9 e699 eeb8 eeb7 de36 9aac 7928 8127 8108 9148 99a8 a9e9 ba49 caca d30b db4c db8d e3ad e3cd e3ed e3ed e3ed e3ed e3ee e3ce e3cd e3ce dbce dbad db6d d32c caeb ba8a a209 8968 70c7 6087 5887 5887 5887 5867 5866 5846 6066 70a7 8927 99a8 b249 c28a d2ca d30b db4c db6b dbac db8c db4b db4b db2b db4b db6c db6c e38d e38d e3ae e3cd db8c ba6a 7928 5887 5087 5087 5087 5887 5887 5888 5887 60a7 68c7 68c7 60c8 60c7 68e8 60c8 60c7 60c8 58c7 58a8 58a7 60c7 60c7 60e8 58c8 58a7 58a7 58c8 60c8 68e8 60c8 58a7 58a7 5888 50a8 60e9 716b 8a0c ab0e bb8f cbf0 cbef cbcf c3ae bb6e bb6e c38e cc0f d44f d46f d46f d48f d48f d48f d48f d48f d48f 
99c9 99c9 99c8 a1c9 a1e9 a1c9 a1e9 a1c9 a1c9 99c9 99c9 99c9 99a8 99a9 99a8 aa09 ba6a c2cb d32b db6c e3ac e40d e40d e42d e44d ec6d ec4e e44e e44d e44e ec4e e44e e44e e42d e3cc db8c d32c caca ba6a b209 99ca 8969 8148 9168 9189 9989 99a9 a1a9 a1c9 a1e9 aa09 aa0a aa29 a9e9 aa09 aa0a aa0a aa2a aa09 aa09 aa09 aa09 aa09 aa09 b209 b229 b229 b249 b24a ba6a c28a c28a c28a c28a ba8a ba89 ba8a c28a ba6a ba6a ba8b dc8e ed2f db6a ba09 a9c9 b209 b22a b26a b22a b26a ba6b b26b ba6a ba8b ba4a ba6a c26a ba8b ba6a ba6a ba8b ba8b baab c2ab c2ab c2ec c30c c2cc baec c30c cacc cb0d cb4d cb4e cb6e d3ae cb6d cb0d bb0d c34e cb6d cb2c c36e d38d cb4e cb6e cb6d cb2d c32d c36d c30d baac bb0c baec baec b2cc b30e c430 d4f2 dcf1 e593 ddb5 dd74 dd73 dd94 e552 e5d5 dd73 ddb3 dd95 dd94 ddb4 ddd5 dd75 dd93 ddb5 dd54 dd53 d595 ddb5 ddd5 e5f6 e5f6 ddd6 e5f6 e637 e616 e637 e637 e637 e617 e636 e658 de17 ddd5 e657 e637 e637 e637 e637 e657 e637 e637 e637 e637 de37 de16 de17 de17 de16 e637 e658 e678 e699 e698 eeb8 eeda eed9 eef9 e6b8 bc92 9a6b 8988 80e8 8948 9188 a1e9 ba4a caaa d30b db4c db6c e3ad e3cd e3ed e3ed e3cd e40e e3ee e3ce e3ee e3ce dbcd dbad db6d d32c caeb ba6a a20a 9168 78c7 6087 5887 5887 5887 5887 5866 5846 5866 6866 78c7 9148 a1c8 ba29 c28a caca d32b d34c db8c db8c db6b db4b db2b db4b db6b db6c db8c e38c e3ad e3ac cacb 9189 6087 5087 5067 5087 5087 5887 5887 58c8 60a7 60c7 68c7 60a7 60a7 60c7 60c8 60a7 60c8 60c8 58a7 5887 58c8 60e8 60e8 60e8 58c8 58a7 58c8 60c8 60c8 68e8 60c8 58c7 50a7 5087 58c8 6909 820c a2ee bbaf cbef cbf0 cbcf c3af c38e bb4e bbae cbef cc2f d44f d46f d46f d46f d46f d46f d46f d490 d46f 
99e9 99c9 99e9 a1c9 a1c9 a1e9 99a9 a1c9 a1c9 a1e9 99c9 99a8 9989 99c9 99a9 a1e9 ba4a c2ab d32b db8c e3ac e3ed e42d e42d ec4d e44d e46e ec4d ec6d ec2d ec2e e44e e44f e40d e3cd db8c d34c cacb c28a b209 99a9 9169 8949 8969 9189 99a9 9988 a1a8 a1e9 a1c9 a9e9 aa09 aa09 aa09 aa09 aa2a aa0a aa2a aa2a aa2a aa09 aa09 aa2a aa0a b22a b24a b24a ba6a b26a ba4a ba6a c26a ba8a ba6a ba8b ba8b ba8b ba6a b22a b24b c30b ed70 ed2e caca b209 aa09 b209 ba6a aa2a aa4a b24a b24a b24a ba6a ba6a ba4a ba6a ba8a ba8a ba6a c2ab c2cb c2cb c2ab c2ab c2cb c2cc c2ec c30c c2ec baed c32d c34d cb6d d36d d3ad cb4c c2ec c34d c34d cb4d c30d c38e cb8d cb4d cb6e cb8d cb2d c32d c32d c30c c32d baeb b26b aa8c b28c b34f ccb3 dcb2 dcf0 dd54 dd53 e5f5 ddd6 e573 e594 dd53 dd52 dd73 dd74 ddb4 ddd5 ddb4 ddb3 dd74 d513 d574 ddb6 ddb5 ddd5 ddf6 ddd6 ddb5 e5f5 e5f6 ddd6 e5f5 e637 e637 e637 e636 e617 e5d5 e636 e638 de17 e616 e637 e617 e637 de37 e616 e616 de16 de17 de16 de37 de38 de37 de57 de37 e657 e678 e678 e698 e699 e698 eed9 eeda eef9 eef9 d677 b452 89a9 70e7 8928 9168 a1c9 b26a cacb d30b db4c db8c dbac e3cd e3cd e3cd e3ee e3ee e3ed e3ee e3ee e3ce dbce dbad db6d d30c caeb ba6a a20a 9169 78e8 68a7 5887 5887 5887 5887 5866 5846 5846 5846 6866 78c7 8968 a1c8 b229 ba8a cb0c cbaf d451 d4b2 d4b2 d492 d3ae db4b db6c dbcd dc0f e3ac e3ac d34b a9e9 68a7 5887 5887 5067 58a7 5087 5887 58a8 60c7 60c7 68e8 6908 60a7 60a7 60c8 60c8 60e8 60c8 58c8 58a7 60c8 60c8 60e8 60e8 58a8 58a7 58a8 60c8 60c8 60e8 60c7 58a7 5087 5067 4867 58a8 798b 9aae bb6f cbcf d3ef cbcf c3af c38f bb6e bb8e cbef cc2f d44f d44f d46f d48f d470 d46f d46f d470 d46f d46f 
a1c9 a1e9 a1c9 a1c9 a1c9 a1c9 99e9 99e9 a1c9 a1e9 99c9 99c9 99a9 9989 99a9 a1e9 b229 c2aa d32b db6c e3ac e3cc e40d e42d ec4d ec6e ec4d ec4e ec4d ec4e ec4d ec4e e44e e42d e3ed db8b db2b cacb c26a aa0a 99a9 8969 8928 8969 9189 99a9 99a9 a1a9 a1e9 a1e9 a9e9 a9e9 a9c9 a9e9 aa0a aa0a aa0a b24a aa2a aa0a aa29 aa0a aa0a aa2b b24b b26b b24a ba4a ba6a ba6a ba4a c26a c28a c26a c26a ba6a ba6a ba4a b22b b28b d44f f5d1 ec6d c28a b209 aa2a aa2a b22a b22a b24a b24a b24a ba4a ba4a ba6a b24a ba6a ba6a c28a ba6a c2ab c28b c2cc c2ab c28b baab c2ec caec c2ec c2ed c32d cb2d cb6e cb8e d34c cb2d c30d cb6d cb2c c32d c34d c36d cb6e cb4e cb8e cb8e c32d cb4d c32d bacc c30c baec aa6b aa8c b2cd bbf0 d4d3 dd33 dd13 dd12 dd73 e594 e593 e5f5 dd74 dd33 dd53 dd53 dd52 ddb4 dd94 dd93 dd74 d513 d4f3 d574 ddd5 e5f6 ddd6 ddb5 e616 ddf6 ddb6 ddb5 e5d5 ddf6 ddf6 e616 e637 e637 e637 e637 ddf6 ddf6 e637 e637 de17 e616 e637 e637 de36 ddd6 ddd5 ddf6 de17 de17 de57 e678 e678 e657 de37 de37 e657 e678 e678 e678 e678 e697 eed9 eef9 eef9 eef8 de57 a34e 70c7 7908 8948 99c9 b26a c2cb cb0c d34c db8d e3cd e3cd e3cd e3cd e3cd e3cd e3cd e3ee e3ce e3ee e3ee dbce db6d d32c caeb ba6a a22a 8969 7908 60a7 5887 5867 5866 5887 5867 5866 5866 5046 5845 6066 70c7 8968 a20a b34f ccf4 ddb5 de17 e678 e677 e656 d575 d450 dcb2 dd74 e533 e3ed db6c ba49 7908 5887 5067 5087 5887 58a7 58c8 58a8 58a7 60c8 68a7 68e8 60e8 60a7 6087 60c8 60c8 60e8 60e8 58c8 60e8 60a7 60c7 60c8 60a7 58a8 58a8 60c8 60e8 60c7 60c8 60a7 58c7 50a7 5067 5087 714a 926d b34f c3cf cbef cbcf cbae c38e bb6e bb6e c3ce cc0f d450 d44f d46f d46f d470 d46f d44f d44f d44f d44f d44f 
a1ea a1e9 99ea 99c9 a1c9 99c9 99c9 99c9 99c9 99a9 99a9 99a8 99a9 9968 99a8 a1e9 b249 cacb d32c db8c dbcc e3cc e40d e42d ec4d e44d ec4e e44e e44d ec4e ec4e e44e e44e e42d e3cc db8c db4b cacb c28b aa2a 99c9 9189 8949 9148 9189 9989 a1a9 a1e9 a1e9 a9e9 a1c9 a1c9 a9e9 a9e9 aa09 aa0a aa0a aa2a aa0a a20a aa09 aa2a aa4b b24a b28b b24a b24a b24a b24a b26a ba4a ba4a ba8a ba8b ba6a ba6a ba4a b24a ba2a c2cb f591 f5b0 e42d c28b a9ea b22a b24a b22a b20a b22a b24a ba6a b26b b22a ba8a ba6a c28a ba4a ba4a ba6a ba4a c2ab c2cc c28b c2ab c2ec cacb caec cb0c cb0c cb2d cb4d cb2c cb2c cb2d c36d cb6d cb4c c32d cb8d cb2c c2ec cb8e cb4d d38e cb6d c34c c2cb bb0d bb0d baec b28b aa6b b2ee c3f0 dcd0 dd33 dd32 dd74 dd94 dd32 e573 dd54 dd52 dd73 dd54 dd94 dd94 dd74 dd72 dd53 dcd1 d4f3 d533 dd94 dd95 e5d4 e5d6 e5f6 ddd6 ddb5 e5f5 ddf6 ddd6 dd95 e5f5 de16 e5f6 e636 e637 e636 e617 ddf6 de17 de17 e616 e637 de16 e5f6 ddf6 ddf6 ddf7 ddf6 de36 e617 e637 e637 e636 e677 e678 de37 e636 e637 e678 e657 e678 e698 e678 eeb9 eefa eef9 eef9 eef7 c4f3 7928 78c7 8948 99c9 b24a c2ab d30c db4c db8c dbce e3cc e3ad e3ad e3cd e3ed dbee e3ce e3cd e3ce e3ce e3ce db8d d32c caeb ba8b a1e9 8989 70e8 6087 5867 5887 58a7 5867 5887 5867 5046 5066 5046 5066 60c7 81ea b432 d5d6 e657 ee98 eeb8 ee77 ee56 e615 ddf6 ddf7 e658 e678 e657 dd54 c34d 8948 6088 5088 50a8 5087 58a7 58e8 58a8 5887 60c8 68e8 60c8 60c8 60c8 60c8 60c8 6108 694a 6929 60e8 58c8 6108 60c8 60c8 58a7 5887 5888 58c7 60a8 60e8 60e8 60c7 5887 5887 5888 58a8 692a 8a2c ab0e c3af cbef d3ef cbcf c38e c36e bb8f c3af cc0f d44f d470 d46f d46f d44f d470 d44f d44f d44f d44f d44f d44f 
99e9 99e9 99c9 a1c9 99c9 99c9 99a9 99a9 99a8 99c9 99a8 99a8 9988 9988 9988 a1c9 b249 c2aa d30b db6c dbac e3ed e42d e42d ec4d e46e e42e e44e e44e e42d e42e e42e e44e e40d e3cc db8c db4b cacb baab aa2a 99c9 9169 8929 9168 9168 9168 99a8 a1c9 a1c9 a1c9 a1c9 a1e9 a9e9 a9e9 a9e9 aa09 a209 a1e9 a209 a209 a1ea aa0a aa2a aa0a aa2a aa2a b22a ba49 b24a ba6a ba4a ba6a ba6a ba6a ba6a ba49 ba49 b24a b20a d3cd f632 f56f db8b ba2a a9ea aa2a b22a b22a b22a b22a b22a ba4a ba8b ba6a c28b ba6a ba4a ba6a ba4a b22a ba8b c2ab ba8b bacc c2ab c2cc c30c cb2c cb0c cb2d cb4d cb4d c32d c34d cb6d cb8e cb8e cb6d cb2c cb0c c32d c36d cb8d cb4d cb6d bacc b26b b2cc baec baac b28c aaac bb70 cc71 d4b2 d450 dd12 ddb5 e5b4 ddb3 dd53 dcf1 dd32 dcf2 dd52 dd94 ddb5 ddb5 dd94 d4d2 d491 d4f3 dd33 dd95 dd93 ddb4 ddb5 ddb4 e5d5 e5f6 ddf7 ddb5 e5f5 ddf6 ddb6 ddd5 e5f6 ddf6 e5d6 e616 de17 de17 de17 ddf6 de37 ddf6 ddf6 ddf6 ddf7 ddf7 e636 e657 de37 ddf6 e616 e637 e657 de37 e657 e678 e658 de17 de16 e658 e658 e657 e678 e698 e698 eed9 eefa eef9 eef8 d5f5 922b 70c7 8948 99a9 b24a c2aa d30b db4c db8d dbad e3cd e3cd e3ed e3cd e3cd e3cd e3cd e3ed e3ce e3cd e3ce db8d d32c caeb ba8b a209 8989 70c7 60a7 5887 5887 5887 5887 5886 5066 5046 4866 4867 50a7 7a0c b4d4 de37 ee98 eed8 ee76 e635 ddd4 ddd6 de17 e657 ee77 ee77 ee97 eeb7 e697 c4b3 7128 5067 5067 50a8 5088 5087 58a8 5087 5887 60c7 6108 60c8 60c8 60e8 60c8 60a8 60a7 60e8 60e8 60c8 58c8 60c8 60c8 60e8 58a7 58a7 58a7 60c8 60e8 6108 60a7 5887 5047 5067 58a8 6929 820c a2ee bb8f cbef cbef cbce cbae c38e bb8e c3cf cc0f cc50 d46f d470 d46f d46f d44f d44f d44f d44f d44f d44f d42e d44f 
99a9 99c9 99c9 99c9 99c9 99c9 99c9 99a9 99c9 99c9 99c9 99c9 9988 9988 9988 a1c9 b249 c2aa d30b db6c e3ac e3ed e40d e44d ec4e e44e e44e e44e ec4e e44e e44e e44e e42e e40d e3cc db8b db2b caca c26a aa0a 99c9 8928 8108 8948 9168 9188 99a8 99a9 99a9 a1a8 a1c9 a1e9 a1c9 a1e9 a9e9 a1e9 a209 a1e9 a1ea a1e9 a20a aa0a a1e9 aa2a aa2a aa2a b22a b22a b24a b24a b24a ba6a ba4a ba4a ba6a ba49 b209 b20a b24a e531 fe52 eccd d32b b24a a9e9 aa2a b22a b1e9 b22a b24a ba4a b26a ba6a c28a c28a ba4a ba4a c28a ba8b ba6a ba6b baac c2ab ba6b ba8c c30c cb0c c2ed cb2d cb2c cb6d cb6e cb4d cb0c cb2d d38e cb6d c2ec c2ec c34d cb4c cb4d cb6e cb0b baab aaac b2cc baab b28b b28c b2ed c3b0 d471 dcd2 dd12 d4d3 dd11 e5d5 e5b4 dd73 dd32 dcf2 dcd1 d4f1 dd13 dd74 ddb5 dd53 dd12 d514 d534 dd94 dd74 dd73 dd95 dd74 ddd5 ddd5 e5d5 ddd5 e5f5 ddd6 dd94 ddf6 ddf6 ddd5 ddd4 ddf6 ddd6 ddd5 e616 e637 de16 ddd6 ddd5 ddd6 ddd6 de37 e637 e637 e616 e637 e658 de37 ddf6 de16 e637 e657 e637 e657 e678 de58 de57 e658 e657 e658 e658 e678 e678 e698 eefa eefa eef9 e677 abb0 78e8 8128 9188 aa0a c28a cb0b d32c db8d dbcd e3cd e3cd e3ed e3ed e3ed e3ed e3ed e3ed e3cd e3ce dbce db8d d32c cacb ba6a aa2a 8989 70e8 6087 5887 5887 5867 5867 5046 5066 4866 4887 50c8 7a6d bd15 e677 ee98 ee97 ee55 e5b4 dd95 d5d6 de38 e678 e699 eeb9 eed9 eed9 eeb9 ee96 d5f6 7a0b 4867 4888 50a8 5088 50a8 58a8 58a8 60a8 60c8 60e8 60e8 60c8 60e8 6929 6929 60c8 58a7 60c8 60c8 60c8 60c8 60c8 60e8 58c8 58a7 60c8 6108 6908 6929 60e8 5887 5087 5087 60a8 798a 9aae bb6f cbcf cbef cbef c3af c3af c38f c3ae cc0f d42f d470 d4b0 d48f d44f d44f d44f d44f d44f d44f d44f d44f d44f d44f 
9a0a 99e9 99c9 99c9 99c9 99c9 99a9 99a8 a1a8 99c9 a1a8 99a8 9988 9988 9988 a1a8 b229 c2aa d30b db4b dbac e3ed e42d e44d ec4e ec4d e44d ec4e e44d e44e ec2d e44e e44e e40d e3cc e36c db4b cacb ba8a aa0a 9968 8928 8128 8948 9169 9189 9989 99a9 99a9 a1c9 a1e9 a1c9 a9e9 a9e9 a1e9 a1e9 a209 a1e9 a1e9 a1e9 aa0a aa09 aa09 aa09 aa2a b22a b22a b22a b24a b22a b24a ba4a ba6a ba4a ba6a ba29 b20a b20b c30c f5f3 fdf0 ec4d d32b ba4a b1ea a9ea b209 b209 b22a b22a ba6a b24b ba6a ba6a ba8b ba6a ba6a c26a c28b ba8b ba8b c2cb ba8b bacc c2cb c2ec caec cb2c cb0c cb0c cb6d d36d cb2d c30d c34d cb0c c2cc c2ec cb4d cb6d cb6d cb4d c30c baac b2cc b2cb b26b aa2a aa6c b32f cc30 d491 d471 dcd2 dd53 dd53 dcf1 e594 dd53 dcf1 dd12 dd32 d513 d4f2 dd32 dd32 dcf1 d4f3 d533 dd94 dd94 dd73 dd94 dd54 dd52 dd94 ddb5 ddd5 ddb5 ddb5 ddb5 ddd5 dd96 e5b4 e5f5 ddd6 ddb5 ddd5 ddf6 ddf6 ddf6 e5d5 ddb5 d595 d5d6 ddf6 ddf7 e636 e637 e637 e637 e616 e637 e657 de37 ddf7 e616 e637 de58 de58 e657 e658 e658 e658 de37 e657 e658 e657 e678 e678 eeb9 eefa eef9 e6d8 c555 89ca 7907 9168 a9e9 ba8a caeb d32c db8d dbac dbcd e3cd e3cd e3ed e3ed e3cd e3cd e3ed e3ee e3ce dbce db8d d32c cacb b26a a209 8948 70c7 6087 5867 5067 5067 5046 4846 4867 4887 5929 8b50 c596 e677 eeb8 ee76 e5d3 d573 d5d6 de38 e678 eeb9 eed9 eefa f6f9 f71a f71a f71a eef9 e6b8 9bb1 48a8 4888 4888 50a8 50a8 58a8 58a8 60e8 6108 60e8 60c7 60a8 60c8 68e8 60e8 60e8 60e8 58a8 60c8 60c7 60c7 60c8 58c7 58c8 58c8 60c8 60e7 60e8 60e8 60c8 5888 5067 5887 7129 924c ab4f c3d0 cbf0 cbcf cbaf c3af c38e c3af c3ef d42f d470 d46f d490 d48f d46f d470 d44f d44f d44f d44f d42f d44f d44f d44f 
99c9 99c9 99c9 99a9 99c9 99c9 a1c9 a1c9 a1c9 a1c9 a1c8 a1c9 99a8 99a9 9988 a9c9 b24a c2aa d30b d34c db8c e3ec e42d e42d e44e ec4d ec4d ec4e ec4e e44e ec4d e44e e44e e40d e3cc db6b d32b caca c26a a9e9 9968 8948 8128 8928 9148 9168 9188 99a9 99c9 a1c9 a1e9 a1e9 aa09 a9e9 aa09 a9e9 aa09 aa09 a1e9 a1e9 aa0a aa0a aa0a aa09 b22a aa2a b22a b24a b22a b24a ba4a ba4a ba6a ba6a ba4a ba4a b20a b22b d40e fe53 f58f ec8d d36c ba6a aa0a a9ea b22a b22a b22a b24a ba6a b24a b22a ba6a c28a c26a c28a c26a c28b c2cb ba6b baac c2cc c28b c2ed c30d c2cc cb0c cb0d cb0c cb0c c30c c34d c30c baab b2ac c32d cb4c cb2c cb4d cb2c caeb c2ec c32c c2cb b26b aa4b aa8c bb6f d491 d4b2 dcb2 d4d2 dd33 e573 dd11 dc90 dcf1 dd33 d4f3 d4d2 d4f2 d533 d553 d4b1 d471 d492 dd33 dd74 dd93 dd94 dd53 dd53 dd94 dd74 dd74 ddb4 e5d5 ddd5 ddb5 ddd6 ddd5 ddd6 ddb5 ddb4 ddd6 ddb6 ddb5 ddd5 ddb5 ddb5 d575 d5b6 ddf6 de17 e617 de17 e616 e616 e637 e637 de16 e5f6 e616 e637 de37 ddf6 de15 e637 de57 de37 e657 e657 de57 de37 de17 e637 de37 e657 e678 e699 eed9 eefa eef8 d677 a3b0 8148 8968 a1e9 ba69 caea d32b db8d dbcd dbcd e3ed e3cd e3ed e3ed e3ed e3ed e3ed e3ed e3cd dbcd dbad d34c cacb b24a a1e9 8968 70c7 5887 5067 5067 5087 4866 4066 48a7 61aa 9bf2 cdd6 e697 eeb7 e635 dd52 cd13 d5f7 e678 e698 eeb9 eed9 f6f9 eed9 f6d9 f6d9 f6f9 f71a f73a ef18 c555 594a 48a8 4888 50a8 50a8 5087 58a7 58a7 60e8 60e8 60c8 60c8 60c8 60c8 60c8 60a8 58a7 5887 60a7 60a7 60c8 60a8 50a7 58c8 60c7 60e8 60c8 60c7 60e8 58a8 5887 58a8 6929 89eb aaee c3af cc10 d3ef cbef cbaf c38f c38f c3cf cc2f d44f d470 d46f d46f d470 d44f d44f d44f d44f d44f d44f d44f d44f d42f d42f 
99a9 99a9 99a9 99c9 99a9 a1c8 a1c9 a1c9 a1e9 a1c9 a1e9 a1c9 99a8 99c9 a1a8 a1e9 b249 c2aa d2eb db4b dbac e3cc e42d e44e ec4e ec6e ec6e ec6d ec4e ec4e ec4e e44e e42d e40d e3ec db8c db2b caea c28a a9e8 9989 8928 8108 8928 9148 9188 9188 99a9 a1c9 a1c9 a1c9 a9e9 aa09 a9e9 aa09 a9e9 aa09 aa09 a9e9 aa09 a9e9 aa0a aa09 aa09 aa0a aa2a b22a b22a b229 b229 c229 c26a ba6a ba4a ba49 b24a b20a b24b e4af fe52 f54f ec6d db2a ba4a b22a aa0a aa0a aa09 b22a b26a ba49 ba2a b24a baab c28b c249 ba6a c2aa c26a ba8b bacb c28b ba8b baac cb0c cb0c cb0c d32c cb0b c28b bacc c30c c2ab b24a b2cc c34d d36c d36d cb4d cb2c c2ec c2ec c30b c2ab b26b b24a b28c c3af d430 dc70 dcf2 dd13 dd32 dd33 e512 dcb0 d450 d470 dcb1 d512 d554 dd74 dd12 d4b1 d4b1 d512 dd33 dd12 dd32 dd33 dd52 dd94 d595 dd94 dd94 dd95 dd94 ddd5 ddb5 dd74 ddd5 ddb6 ddb5 ddd6 dd95 dd94 ddd5 dd95 dd74 d554 dd95 ddd6 ddf7 e5f6 e637 e617 de16 de17 e617 e637 e616 e5f6 ddf6 ddd5 e615 de36 ddf6 ddd5 de16 de37 de57 de37 de37 de37 de37 de17 de17 de37 de58 e658 e678 e6b9 eefa eef9 e6d8 c595 928c 8948 99a8 ba69 d2cb d34c d38d dbce e3ee e3ee e3ed e40d e3ed e40d e3ed e3cd e3cd e3ee dbce db8c d32c c2cb b26a a209 8148 6887 5886 4866 4866 4846 4067 48c8 722c b4d5 de17 ee77 ee97 ddd4 d4d1 cd34 d638 e678 ee98 eeb8 eeb8 eeb8 eeb8 eeb8 eeb8 eed9 f6d9 f6f9 f73a f739 d657 720c 4088 4888 5087 5087 5887 58a8 5887 60a8 60c8 60c8 6908 60c7 6087 58a7 58a8 58a7 60a7 60c7 60e8 60a7 58a7 58a8 58a7 60c8 68c8 60c8 60c8 58a8 58a7 58a8 60c8 79ab a2ae bb70 cbef d40f cbef cbaf c38f bb8f cbcf cc10 d44f d44f d44f d46f d44f d46f d44f d46f d44f d450 d44f d44f d44f d42f d44f d44e 
99c9 99e9 99c9 99c9 99e9 a1e9 a1c9 a1e9 a1e9 a9ea a9e9 a1c9 a1a8 a1c8 a188 a1c8 ba49 ca8a d2ea db4b dbac e3cc e40c e42d ec4d ec6e ec6e ec6d ec6d ec6d ec4d e44e ec2d e40d e3cc db8c db2b caca c249 a9e9 9988 8948 8148 8128 8948 9148 9168 99a9 a1e9 a1e9 a1c9 a9e9 a9e9 aa09 a9e9 aa09 aa29 aa09 aa09 b1e9 b1e9 aa09 aa09 a9e9 b229 b229 b24a b209 ba29 ba29 ba49 ba6a ba6a ba6a b28b b22a b20a baab edb2 fe52 f54f e40c caea ba2a aa0a a9ea aa0a b22a b22a b24a ba2a b24a ba4a c2ab c2ab ba4a ba4a c28a ba8b c2ab ba6b b26b baec c30d caec cb2c cb0c c2eb baab bacc c2ec ba8b b26b b2cc cb2d d32c cb4d cb0b caec c30c c2ec c2ca ba6a b26a b22b bacd cbef d491 dc71 dc91 dd32 dd53 dcd2 dcd2 dcb1 dc90 d471 d450 d491 d4f3 dd53 dcf1 d492 d512 dd74 dd33 dd32 dd12 dcd1 dd32 dd54 dd74 ddb5 ddb5 dd53 dd94 ddb5 dd93 dd94 dd75 dd74 e5d6 ddd6 ddd5 ddd5 dd95 dd32 d574 d595 dd94 ddf6 e5f6 e616 ddf6 e5f6 e5f6 ddf6 e616 e617 e616 ddf6 ddf6 de16 ddf6 ddd6 ddf5 de16 ddf6 ddf6 de37 e637 de37 de17 de37 de58 de58 de58 de58 e678 de58 de58 e699 e6b9 eeda e6d9 de97 b472 91a9 9989 ba49 caca d30b db4c dbad dc2f e40e e3ed e3ed e40d e3ed e3ed e3ee e3ee dbcd dbad db8d d32c c2cb b24a 99a8 78e7 6066 5066 4866 4066 4067 5109 82ef bd35 de57 e697 e635 dd93 c491 cd34 de37 e698 eeb8 eeb8 ee98 ee97 ee98 ee98 ee98 ee98 eeb8 eeb8 eeb9 f719 f739 e6b8 8b0e 48a8 4888 4867 5088 5887 58c8 60c8 60e8 60e8 60c8 68e8 60a7 60c8 60a7 58a7 58a7 60c8 60c7 58a7 5067 58a7 58c8 58a7 60c8 60c8 60e8 60e8 58c8 58a8 60c9 712a 926d b34f cbd0 cbef cbef cbcf c3af c38e c3cf cc10 d450 d44f d450 d46f d44f d44f d46f d44f d46f d44f d44f d44f d44f d44f d44f d44f d42f 
99ea 99e9 99a9 a1e9 99c9 a1c8 a1c9 a9c9 a1e9 aa09 a1e9 a1c8 a1c9 a188 a1a8 a9c9 b249 c28a d2ea db4b e3ac e3cc e40c ec4e ec6e ec6e ec6d ec6d ec6e ec6e ec6e ec4e ec2d e40d e3cc db8c d32b caca ba49 a9e9 9968 8968 8948 8968 8968 8948 9989 99a9 a1c9 a1e9 a9e9 aa0a a9e9 aa29 aa0a aa09 aa09 b229 a9e9 b209 b1e9 b209 aa09 b209 b209 b209 b229 b22a b24a ba4a ba4a c26a ba8a baab baab b22a b22a cb6c f653 fe11 f52f e3cc caca b20a a9c9 a1ea aa2a aa4a b22a b22a ba29 ba4a ba6a c26a baab ba29 b22a bacb c28b ba4a baac c2ec cacb cb0c cb2d c30c c2cc bacc c30c c2ab b26c b2cc c30d cb2c cb4d cb2c cb0b c2cb c30c c30b ba8a b26a b28b aa2a b28c c411 dc91 dcb0 dcf2 dcf2 dd32 dd12 dcb1 d491 dc71 d491 d492 d492 d513 dcf1 d470 d492 dcf2 dd33 e573 dd74 dd12 dd12 d4d2 dcf2 dd94 ddb5 dd94 ddd5 dd75 dd33 dd73 dd74 dd74 ddb5 dd75 dd74 ddd5 ddb5 dd94 d534 d554 ddd6 ddf6 ddd6 e5b4 e5f6 e5d6 ddf5 ddd6 ddb4 ddd5 e5f6 e616 de17 ddf6 ddf6 de16 de16 ddf6 ddf6 ddf6 de37 de17 de37 e657 e658 de37 de57 de58 e657 e658 de37 e657 de37 de37 e678 e678 e6b9 e6b9 e6d8 d616 a34f 9989 b229 caca d32b db4c dbad e40e e3ee e3ee e40d e40d e3ed e40d e3ed e40e dbed dbcd db6c d32b c2aa b249 91c9 78e7 5866 4846 4066 4087 5949 9391 cdd6 e657 ee77 e615 d511 c4b2 cd55 de37 ee98 eeb8 eeb8 ee97 ee77 e677 e677 ee98 ee98 ee57 e616 e677 ee98 f6f8 f739 e6b8 a3d0 48a8 4888 5088 5888 5887 58a8 58a7 60c8 60c7 60c7 60c7 60c7 60a8 5887 58a7 60a7 60a7 5887 5067 5087 58c8 58c8 60c8 68e8 60e8 60e8 60c8 58c8 58a8 68e9 89cb aaee c3af cc10 d3ef cbef cbae c3af c3ae cbef cc30 d44f d44f d44f d44f d42e d42f d44f d44f d44f d44f d44f d44f d44f d44e d44f d44e d42f 
99ea a1c9 99e9 a1c9 a1c9 a1e9 a1c9 a9c9 a1e9 a9e9 a9e9 a9e9 a1e9 a1a8 a1a8 a9e9 b249 c28a d2eb db4b e3ac e3cc e42c e44d ec8e ec8e ec6e ec6d ec6e ec4e ec6d ec6e ec2e e3ec e3cc db8c d32b caeb ba8a aa09 9188 8948 8948 8948 9168 9168 9988 99a9 a1c9 a1e9 a9e9 aa09 aa09 a9e9 aa09 aa09 aa29 b229 b209 b209 b209 aa09 b229 b209 b229 b229 b229 ba4a ba4a ba6a ba6a c249 ba6a ba6a ba8b b24a b22b d3ee fe32 fdd0 f50d e3cc caaa b1c9 a9c9 a9e9 aa2a aa2a aa2a b24a b22a ba6a ba8a ba6a b209 a9e9 ba6a baab ba6a baab caec caec c2ec caec cb0c c2cc bacc c28b ba8b b2ac bacc cb2d cb6d cb6d caec c2ab bacb cb0b cb0c c2ab ba8a b26a b24b b2cd cbd0 dc50 dcb2 dcd1 dd12 dd33 dcd1 dc90 d450 d471 d471 d492 dcf2 dd13 d490 d491 d513 dd33 dcf3 dcf2 dd33 dd32 dd32 d513 d513 dd54 dd32 e5d5 dd95 dd94 ddd5 dd75 dd33 dd54 dd53 dd74 ddb4 dd95 dd12 dd33 d514 d574 ddd6 e5f6 e5f6 e5f6 ddd6 e5b4 e5f6 ddd6 ddf6 ddb5 dd74 dd94 e5f6 e617 de16 ddf6 ddf6 e616 de17 de17 de17 de17 de37 de37 e657 e658 de37 de37 de37 de37 de17 de17 de37 de37 de37 de58 de58 e678 e698 e6b8 e697 c514 a22a b209 c2aa d30b d36c dbad e3cd e3ed e3ed e3ed e40d e3ed e3ed e3ec e40d dbcd db8c d36d cb0b ba8a aa08 91c9 68c6 5066 4066 48a8 69cb a433 d617 ee98 ee76 ddd4 ccd1 c472 d5b6 de58 ee98 eeb8 ee98 ee97 ee77 e657 e657 e657 e677 e656 e636 e617 e678 eeb8 f6d9 f739 eef8 b431 48a8 4888 5087 5887 5888 58a8 58a8 60c7 60c7 60c7 6108 60e7 6087 5887 58a7 60a7 5887 5887 5067 58a7 60a8 60a7 60a7 68c8 60e8 58c8 58c8 58a8 60c8 796a a28d bb8f cc10 d40f d3ef cbae cbaf c3af cbcf cc30 d44f d44f d44f d42f d42f d44f d42f d44f d44f d42f d44f d42f d42f d42f d44f cc4f d44f d44e 
a1e9 a1c9 a1e9 a1e9 a1e9 a1e9 a1ea aa09 a1e9 a1e9 a9e9 a9e9 a20a a9e9 a1e9 a9e9 ba49 caaa d30b db2b e38b e3ec e40c e44d ec6d ec8e ec6e ec6d ec8e ec6e ec6e ec6e ec4d e40c e3ed dbac db4b caca ba69 aa09 9988 8948 8948 8968 9148 9968 99a9 a1c9 a1e9 a1e9 a9e9 a9e9 a9e9 a9e9 aa09 aa09 aa29 b229 b209 b209 b209 b209 b209 b229 b24a b249 b229 ba49 ba4a ba4a ba4a c26a ba6a ba6a b22a b20a b22a e4cf fe52 f5b0 eccd e44d caca a9ea a9c9 aa0a aa0a aa2a b24a ba6a ba4a b22a b24a a9e9 aa0a ba4a c28b baab baab c2ab cacb caeb c2cb c2ab c2ec c2ec ba8b b28c baac c2ec caec cb2c cb6d cb0c c2ac c2cc cb2c cb2c c2cc b2ab b24a b24b bb2e d410 dc30 dc50 dcd1 dcf2 dcf1 dcd1 d4b1 d470 d410 d430 d4d2 dd13 dcd1 dc71 d492 dd13 dd33 dd53 dd33 dcf2 dd11 dcf2 dd12 dd94 dd74 dd94 dd54 dd53 dd95 d554 dd94 ddb5 dd74 dd95 dd54 dd33 dd53 dd33 d4f3 d554 dd95 dd95 e5d5 e5f6 e5f6 e5f6 ddf6 ddb6 e5b4 ddd5 e5f6 ddf5 ddb6 dd95 e5b5 e5f6 e616 ddf6 ddf6 ddf5 e617 e616 de58 de38 de17 de37 e616 ddf5 ddd5 ddf6 de17 de17 de37 de37 de37 de58 de37 de57 de58 de58 e678 e698 e6b8 d637 b412 b28b c2aa d2eb d34b dbad dbcd e3ec e3ed e3ec e40d e3ec e3ed e3ed e3ed dbac db8c d34c caca ba69 a1c8 8127 60a7 50a7 5929 82ae b4f5 de58 ee97 e656 dd94 ccb1 c4d3 d5b6 e658 e698 ee77 ee97 ee97 e697 e657 e637 e616 e616 e657 e637 e637 e657 ee78 eeb9 f6d9 f718 eef8 b431 4888 4868 5068 5888 58a8 58c8 60e8 60e8 60c8 60a7 60a7 5887 5867 5887 60a7 60a7 5887 5867 5887 5887 60a8 60a7 60c8 60c7 58c7 58a7 5087 58a8 68e9 922c b34f cbf0 d410 d3ef cbef cbaf c3af c3ef cc2f d450 d44f d44f d44f d44f d42f d42f d44f d42f d44f d44f d44f d44f d42f d42e d42f d42f d44f d44f 
a1e9 a1e9 a1e9 a1c9 a9e9 a1e9 aa0a aa09 aa09 a9e9 a9e9 a9e9 aa09 a9e9 a9c9 aa09 b249 caaa d2ea db4b db8b e3ec e42d e46e ec6d ec6e ec6e ec8d ec8f ec8d ec6d ec6d ec6d e42d e3ec e38b db4b caca ba6a aa29 99a9 9168 8968 9148 9168 9988 9988 a1a9 a1c9 a1e9 aa09 aa09 a9e9 b1e9 aa09 b20a b209 b209 b1e9 b209 b1e9 aa09 b209 b22a b24a b22a b229 ba49 ba49 ba4a ba6a c26a ba6a ba6a b24a b20a ba4a ed50 fe52 f590 ecce e3ab c2aa b20a a9e9 aa2a b22a b209 b24a b22a b229 b20a a189 aa2a ba8b ba8b c28b c26a c2cc c2ec cacb c2ab c2ac c2ec c2cb baac b2ac bacc c2cc c2cc c32d cb2d c32d c32d c34e cb2c cb0c c2eb baab b22a b24b c2cc d3ee dc90 dc91 dc70 dcb1 dcd0 dc70 d450 d470 d491 d471 d491 dcf1 dcb0 d430 d4f2 dd33 dd33 dd33 dd33 dd13 d4f2 d4b2 dd12 dd53 dd94 dd74 dd53 dd73 dd34 dd53 dd74 dd34 dd73 dd95 dd53 dd74 d4f2 d472 d491 dd74 ddb5 dd94 dd94 dd95 e5d5 e5f6 ddf6 e616 ddf6 dd95 dd94 e5d5 e5f6 e5f5 ddd5 dd95 ddd5 e616 e616 de17 ddf6 ddd5 ddd5 e637 e616 ddb5 dd94 ddd6 ddd6 ddd5 de17 de37 de37 de37 de17 de16 de37 de37 de37 de58 de58 de58 e678 e699 e698 d617 bc73 c32d d2ea db4b dbac e3cc e3cc e3ec e3ec e40d e3ec e3ed e3ed e3cc dbac db8c d32b c2aa b229 99a8 8128 60e8 79ec a412 cdd7 e698 ee76 e615 dd72 ccf2 cd76 de17 e678 ee98 ee77 ee77 ee77 e657 e657 e636 de16 ddd6 de16 e616 e636 e657 ee78 ee98 eeb9 f6d9 f719 eef8 ac30 4868 4867 5068 58a8 58a8 58c8 60e9 6108 60e8 60a7 5887 5887 5867 5867 5887 58a7 5887 58a8 58a8 60a7 60c8 60a7 60a7 60a7 5067 4846 5087 60c9 816a aace cbaf d410 d410 cbef cbcf c3af c3cf cc0f d450 d44f d44f d44f d44f d44f d42f d44f d44f d42f d44f d44f d42f d44f d42f d42f d42f d42f d450 d42e 
a9e9 a1e9 a9e9 a9e9 a9e9 aa09 a9e9 aa09 aa09 aa09 a9e9 aa09 a9e9 a9e9 a9c9 a9e9 b24a c28a d30b db6c e38c e3cc e42d e44e ec6e ec6e ec6e ec6e ec6e ec6e ec6d ec6d ec6d ec2d e3ec e3cd db6b d2eb ba6a b209 99a8 9188 8948 9168 9188 9988 99c8 a1e9 a1e9 a1e9 aa09 aa09 aa09 b209 aa29 b209 b1e9 b229 b209 b209 b209 b209 b209 b229 b22a ba29 ba29 ba49 b26a ba4a ba69 c26a ba6a ba4a b22a b20a c2cb f5d3 fe32 f5b1 ec6c d34b c28a b22a a9e9 aa09 aa09 aa09 b24a b22a b209 a9ea aa2a ba8b c2ac c2aa c28b c26a c2cb cacb c2ab c2cb c2ab c28b ba8c baed c2ec c2ab ba8b c30c cb2c cb0c cb4d cb8d cb2c cb0c c30b ba8b aa0a aa6b c36e d3ef d3ce dc2f dcd1 dcd1 dc70 d3cd d42f d450 d450 d4b2 dd33 d491 d3ef d450 d4b2 dcf1 dd53 dd33 dd12 dd13 dd12 d533 d513 dd33 dd53 dd33 dd94 dd54 dd53 dd53 d534 dd13 dd74 d534 dd53 dd54 d4d2 d492 d4f3 dd75 dd74 ddb4 dd53 dd53 dd94 ddb5 e5d5 e5d6 ddd5 ddd6 ddd6 ddb6 ddb5 ddd5 ddd5 ddd5 ddf6 ddb6 ddd4 e5f6 de16 de16 ddd5 dd73 dd32 d513 d554 d5f7 ddf6 ddf6 ddd6 de16 e617 de16 de37 de17 de16 de37 de37 de37 de37 de37 de38 e658 e679 e699 e698 de58 cd55 d3ae db2a db8b e3cc e3cc e3cc e3cc e3ec e3ec e3ed e3ec dbcc dbac d38c d30a c2aa a209 9188 81aa 9b2f bd35 de37 e677 e636 ddb3 d553 cd13 d5b6 de37 e678 ee98 ee98 e677 e657 e657 e657 e636 e616 de16 de16 e636 e616 e637 e657 e678 eeb9 eeb9 f6d9 f6f8 e6d7 abd0 4888 4868 5088 58a8 58c8 58c8 60e8 60e8 60e8 60a7 58a7 60a7 6087 6086 5886 5886 5867 58a7 58a7 60c8 60a8 60c7 60a7 5887 4846 4846 5067 712a 9a4c bb6f d3f0 d410 d3ef cbcf cbaf c3af cbef d44f d44f d46f d46f d44f d44f d42f d44f d44f d42f d44f d450 d44f d44f d42f d42f d40f cbef cc2f d42f d42f 
a9e9 a209 a9e9 a9e9 a9e9 aa09 aa09 aa09 a9e9 b1e9 a9e8 a9e9 a9e8 a9c8 a9a8 a9e9 ba29 ca8a d30b db4a e38c e3ed e40d e44e ec6e ec4d ec6e ec6e ec6e ec8d ec8e ec8e ec6e ec2d e3ec e3ac db6b cacb ba69 b209 a188 9168 9148 9168 9968 9988 a1c8 a209 a1e9 a209 aa09 aa29 a9e9 b209 b229 b229 b209 b22a b22a b249 b229 b1e9 b209 b209 b229 ba4a ba4a ba4a ba4a ba4a ba8a c26a c28a ba4a b22a b1ea cb2c fe53 fe11 f5d0 e3eb d32a c28a b22a a9e9 a1e9 a9e9 aa09 aa2a b209 a9ea b24a ba4a c28b c28b ba4a c2cb c28a ba6a baab c30b c2ab b24b b26b c2cc c2ac c2cc c2ec caec caec cb2d cb0c c2ec c2cc c2eb c2ec ba6a a9ea aa2b bb4e d42f dc70 d430 d40f dc4f dcd0 d430 d3af d3ae d40f d4d3 dcf2 d470 d3f0 d471 d4b2 dcd2 dcd1 dcf1 dd53 dd13 dcf2 dd12 dd74 dd74 dd12 d4d2 dd13 dd33 dd74 dd54 dd12 dd33 d534 dd13 dd73 d4f3 d491 ccb2 d4f3 dd12 e573 ddb5 ddb5 dd74 dd34 dd33 dd94 ddb5 dd94 ddd5 ddd6 ddd6 ddd6 ddd6 ddd5 ddd6 ddd6 ddf5 ddf6 ddb5 ddf6 e616 de16 ddb4 d4b1 cc71 cd55 ddd6 de16 de16 de16 ddf6 de17 e637 de16 de16 de17 de17 de16 de17 de17 de16 de16 de17 de38 de58 de79 e678 e698 e698 d555 d38c db6b e3ab e3cc e3cc e3cc e3cc e3ec e3cc e3cc dbac db8b d34b caea ba6a a20b a2ad b472 d5f7 e698 e677 e5d4 ddb4 d553 cd34 d5d6 de38 e698 e678 ee77 e657 e656 e636 e636 e637 de36 de16 ddf6 de16 e616 e637 e657 e678 ee98 ee99 eeb9 f6d9 f6f8 e6b7 a36e 48a8 4887 50a8 58c8 58c8 58c8 60a8 60c8 6108 60a7 58a7 60a7 58a7 6087 58a7 58a7 5887 60c8 60c8 68e8 60c8 68e8 60c7 5067 4826 4847 60a8 89cc ab0e cbcf d3ef d3f0 cbcf cbaf c3af cbcf d410 d450 d44f d450 d44f d44f d430 d42f d42f d42f d44f d42f d42f d42e d42f d42f d42f d42f cc2f cc2f d42e d42f 
aa09 aa09 aa09 aa09 aa09 aa09 aa09 aa09 aa29 aa09 a9e9 aa09 a9c8 a9e8 a9e9 a9e8 ba29 ca89 d2ea db4b e3ad e3ec e42d e42e e46e ec6e ec6e ec8e ec6e ec6d ec6e ec8d ec6e ec2d ebed e3ac d36c d2ca ba8a b209 a188 9148 9148 9168 9168 99a9 9988 a1c9 a1e9 a9e9 aa09 aa09 aa09 aa09 b209 b209 b209 b209 b249 b229 b209 b209 b209 b209 b229 ba4a ba49 ba49 ba49 ba6a ba69 c26a ba69 ba6a ba0a b20a d3ce fe54 fe32 f54f e3ab cac9 c28a b24a a9e9 a1e9 a1c9 aa09 aa29 b22a ba4a ba4a c26a ba4a ba4a ba8a ba49 b1e9 b28b baeb c28a ba2a b2ac c2eb cacc c2ac c2cc caec cacc c2ec caeb c2ab ba8b bacc c30b ba8b aa2b aa6b c34e d3ce d40f dc50 dc70 d450 d3ae d3cd d40f d3cf cbcf d451 d4b0 d410 cc11 d491 dcf2 dcf2 dcd2 dcb2 dcb2 dcd2 dd33 dd54 dd34 dd53 dd95 d513 d4d2 dcd1 dd13 dd13 dd73 d534 dd13 dd33 dd33 d4d1 d470 cc93 d513 dd53 dd33 dd12 dd53 ddb5 dd75 dd74 d554 dd53 dd94 ddb5 ddb5 ddd5 ddd5 ddd6 dd95 e5d6 de16 ddf6 ddd5 ddf5 ddf7 ddf6 de16 ddb4 d4f2 cc72 ccf3 dd94 ddd5 ddf6 ddf6 de16 de17 de17 de37 ddf7 de17 de17 de17 de17 ddf6 ddf6 ddd6 ddf6 de16 de17 de38 de58 e678 e679 e698 e657 dcf2 db8b e3ab e3ec e3ec e3cc e3cc e3cc e3cc dbcc db8b d36b d32b c2eb bb0e bc11 cd96 e677 e6b7 e635 ddd4 d594 d594 d595 ddf7 de58 e678 e677 e677 e657 e657 e616 e636 e637 e616 ddf6 ddf6 de16 e636 e636 e637 e657 e678 ee98 eeb9 eeb9 f6d9 f6d8 e697 92ac 48c8 4888 5067 5888 58a8 5887 5887 60c8 6109 60e8 6108 60e7 60a7 5887 5887 58a7 58a7 60c8 60a7 60c7 60a7 60c7 5887 5046 4846 5067 794a a2ae bb8f cc10 d410 cc10 cbcf c3af cbcf cc10 d42f d450 d450 d46f d44f d450 d42f d44f d450 d42f d42f d42f d44f d42f d42f d42f d42f d42f d42f d40f cc0f cc2f 
aa0a aa0a aa09 aa09 aa29 aa09 b209 aa09 aa09 aa09 aa09 aa09 a9e9 a9e9 a9c9 b1e9 ba29 caaa d30a db4b e38c e3cc e42d e44d ec4e e46e ec6d ec8e ec8e ec8d ec6e ec6d ec4d ec4d e40d e3cc db6c caeb c28a b229 a1a8 9148 9148 9168 9168 99a9 9988 a1a9 a1c9 a9e9 aa09 aa09 a9e9 aa09 b209 b209 b209 b209 b209 aa29 b209 b1e9 a9e9 b209 b229 ba49 b229 ba49 ba4a b26a ba69 ba6a ba69 ba4a b1ea b1ea dc8e feb4 fe10 f50e db6a caaa c28a ba6a aa0a a1c9 a9e9 a9e9 aa2a ba4a ba29 ba6b ba29 b22a ba6a ba4a b209 b24a c2ab baab ba8b baab c2ac caab cacc caec cb0c caec cb2d caeb ba8b baac bacb baab ba6b aa4b b28d c36e d3ef d430 d410 dc2f dc4f d40f d3ae cb6e cbae d430 d471 cbef c36d cbef d491 dcd2 dcf2 dcf2 dcd2 dcd2 dcf2 dcf2 dcf2 dd53 d533 dcd2 dd12 dd33 d513 dcb2 dcf2 d534 dd13 dd53 dd54 d512 d4b1 cc31 d471 dd53 dd94 dd74 dd53 dd13 dd13 dd74 ddb5 dd94 dd54 dd54 dd73 ddb5 dd95 dd94 ddb4 ddb5 dd75 ddb5 e616 de16 ddf7 ddf6 de16 ddf6 dd94 cc70 cc71 d534 d5b5 d595 ddb5 ddd6 ddf6 ddf6 de17 ddf6 de17 de16 de17 de16 de16 de16 ddf7 ddf6 ddf6 d5d6 ddd5 ddf6 de17 de17 de37 de58 e657 e656 ddf6 dc0e e3ac e3ec e3ec e3cb e3cb e3ab dbcc dbcc db8c d34c cb6e cc52 cd55 de37 ee77 ee56 e5f4 ddb4 d594 d573 d5b6 de17 e677 e677 e677 e657 e657 e637 e616 de16 e636 e616 de16 ddf6 e616 e636 e616 e637 e658 e678 e678 ee98 ee99 eeb9 f6d9 eed7 de56 79eb 48a8 50a8 50a8 58c8 58c8 5887 58a8 60c8 58c8 60e8 60c7 60a7 5887 5867 5887 5087 58a7 60c7 60a7 60c7 60e8 60c7 5887 4826 4867 60a8 920c b30e cbcf d410 d3f0 cbef cbcf c3af cbef d42f d46f d46f d44f d44f d46f d42f d42f d42f d42f d42f d42f d42f d44f d42f d42f d42f d42f d40f d42e d42f d40e d40f 
aa2a aa2a aa09 aa09 aa29 aa29 aa09 aa09 aa09 aa09 b209 a9e9 a9e9 a9e9 a9e9 b209 c249 caa9 db0a db4b e3ac e3cc e3ec e42d ec4d ec6e ec6d ec8e ec8e ec8e ec6e ec8d ec6e ec4d e40d e3cd db4b d2eb c28a b229 9988 9168 9148 9168 9988 99a9 a1a8 a1c9 a1e9 aa09 aa09 aa2a aa2a b209 aa0a aa09 b229 b209 aa09 b229 b229 b1e9 aa09 b209 b209 b209 b229 ba49 ba49 ba4a ba6a ba4a b249 b229 a9ea aa0a dcb0 fe94 f5b0 e44d d32b caeb c2ca ba6a aa2a aa0a b209 b22a b22a b24a ba29 b20a b1e9 b229 b1e9 b209 ba8b c28b c28b c2ab c28b c28b c2ac c2cc cacc caec caeb cacb c28b ba6b bacc c2eb baab b26b b24b b2ac c34d d3ee dbee dc70 d450 d3ee d3ee d3ce d3ae d3af cbcf d40f cc0f c38e cbaf d40f dc91 dcd2 dcd1 dcb1 dcf2 dcf3 dd12 dd53 d4d2 d4b2 dcd1 d4f2 d4b2 dcd1 dd74 dd34 dcf3 dd11 dd33 dcf2 dd73 d4b2 cc51 d4f2 d513 dd12 dd73 dd74 dd53 dd53 dd33 dd53 dd33 dd72 dd95 dd74 dd54 dd53 dd74 dd95 dd95 dd95 dd95 ddb5 ddf6 ddf7 de17 de17 ddd5 dd94 d4b2 cc92 d513 dd93 ddb4 ddb4 ddd6 d5d6 ddf6 ddf6 ddf6 ddf6 ddf6 ddf5 de16 ddf6 ddf6 ddf6 ddf6 ddf6 ddf7 ddf7 d5d6 ddd6 ddd6 ddf7 ddf7 de17 de38 e657 e657 dcd2 e3ab e3cb e3ec e3cb e3cb e3ab dbac db8c db6d d431 dd75 e637 e677 ee76 e5f4 dd93 d595 d573 d554 d5d7 de37 e678 e677 e657 e657 e656 e637 e616 de17 e616 e616 de16 de16 de16 e616 e616 e637 e657 e678 e678 ee98 ee98 eeb9 eeb9 f6d9 eed7 d5b5 6169 48a8 4888 50a8 58c8 58e8 58a7 58a8 58a7 58a8 60a7 60c8 60c7 5887 5867 5887 5867 5887 60a7 60c7 60a7 60a7 5887 5887 5867 60a8 818b aace c38f d3f0 d410 d3ef cbcf cbae cbef d40f d42f d46f d46f d44f d44f d44f d44f d42f d42e d42f d44f d42f d42f d44f d44f d42f d40f d42f d40f cc0f d40f d42e d40f 
aa0a aa09 aa09 aa2a aa29 aa09 aa09 aa0a aa09 aa09 aa2a a9e9 aa09 a9e9 aa09 b229 c249 d2aa db0a db6b e3ac e3cd e40c e42d e46d ec6d ec8e ec8d ecae ec8e ec8e ec8d ecaf ec6d e3ec e3cc db6b d2ea c28a b209 a188 9148 9168 9168 9988 99a8 99c9 a1e9 a1e9 a1c9 a9e9 a9e9 a9e9 b209 b229 b209 b229 b209 a9e9 b229 aa09 a9e9 a9e9 b209 b209 b209 b249 ba29 ba49 ba49 ba49 ba49 b249 b22a a9ca b24a edb2 fe72 f570 e40c db6b d32b cacb c28a b22a aa4a aa0a b22a b22a b22a b1e9 aa0a b24a a9c9 aa2a ba49 ba49 ba8a c28a ba4a b22a ba6b c2cb cacb caec caec c2cb ba4a b26b bacc c2ab c28b ba8b b28c baac c38e d38d d3ad d3ef dc0e dc4f d3ae d38d d3af d3cf d450 cc2f c32d c34d cc10 d471 dc71 dc2f dc70 dcb2 dcf2 dd12 dd33 dcd2 dcb1 dcd2 d4b2 d471 d471 d4d1 d4f4 dd33 ddb4 dd75 dcf3 dcf1 d491 d430 d4b2 d513 dd12 dd33 dcf3 dcf2 dd32 dd74 dd34 dd33 dd32 dd13 dcd2 dd32 dd73 dd54 dd13 dcf2 dd73 ddb5 ddb6 ddb6 ddb6 ddd5 e5f6 e5f6 ddd5 d513 d4b1 d554 d574 dd95 dd95 d5b5 dd94 ddb5 ddd5 ddd5 ddf5 ddd5 ddd6 ddd6 ddd6 ddd5 ddf6 ddd6 ddd6 ddd6 ddf6 ddf6 ddd6 d5f6 d5b5 d5b5 d5d6 d5d6 d5d6 de17 de37 e657 dd74 e3cc e3cc e3cc e3cb e3ab db8b db6c dbee dcd3 ddd6 e657 ee56 e615 dd93 d573 ddb4 dd73 d595 de17 e657 e677 e677 e657 e637 e636 de16 de16 de16 e616 de16 de16 e637 e636 e616 e617 e636 e637 e657 e677 ee78 ee78 ee98 eeb9 eed9 f6d8 eed7 c513 5909 48a8 5088 50c8 58c8 58c8 58e8 58a8 58a7 58c7 60a8 60c7 58a7 5887 5887 5887 5867 5887 60c7 60a7 60a7 60a7 60a8 60a8 68a8 794a 9a6d bb4f cbef d40f d3ef d3cf cbcf cbae cbef d42f d44f d44f d44f d44f d44f d450 d44f d42f d42f d44f d42f d42f d42f d42f cc2f d42f cc4f d42f d42f cc0f d40e d42f d40f 
aa0a aa29 aa09 aa09 a9e9 aa09 aa09 aa09 aa09 aa09 aa2a a9e9 a9e8 a9e9 b208 ba29 c269 d2aa db0a db6b e3ad e3ed e40d ec4d ec6d ec6d ec8e ec8e ecae ecae ec8e ecae ec8e ec6d e42d e3cc db6b d30b c289 b209 a1a8 9148 9147 9148 9988 99c9 99c9 a1c9 a1c9 a20a aa09 aa29 aa09 aa09 b209 aa09 b1e9 b209 b229 b209 b209 b209 aa29 b1e9 b229 b209 b249 b249 ba49 ba49 b229 ba49 b24a a9e9 a9ea bacb f5f2 fe51 ed6f e40e db8b d2ea caeb c28a b229 b229 b24a aa2b b24a aa0a b22a b20a a9c9 aa2a b26a b1ea b24a ba6a b22a aa0a b28b c2ab c28b c2ab c2ab c28b ba4b ba8b c2cb c2cb ba8b ba8c b26b baed cbae d3ce d3ce d3ad dbed d3ee d3ce d3ae cbae cbae d410 d42f c32d c36e cc10 d450 dc70 dc71 d430 d430 dcd1 dd34 dd13 d4d2 d4b2 d491 d491 d471 d4b2 d492 dc91 dd12 dd55 dd32 dd73 dd13 d450 d3ef d471 dd12 dd53 dd12 dcd1 dcf2 d4f3 dcd2 dd32 dd74 dd13 dcf2 dd13 dd13 d4f3 dcb1 dd53 d554 d4f3 dd12 dd74 ddb5 ddb5 dd94 dd32 dd52 dd53 d513 ccd2 d533 dd95 dd94 ddb4 dd73 dd94 d553 d573 d574 ddb5 ddb5 d5b5 d5d6 ddd6 ddd6 ddb5 ddb5 ddb5 ddb5 d595 ddd5 ddd6 d5f7 ddd6 d5b6 d574 d5b5 d5b6 d595 d5b5 ddf7 de37 ddb6 dc0e e3ab e3cb e3cc e3cc dbce d492 dd75 e616 e677 e655 ddb3 dd73 ddd4 dd93 d554 ddb6 de37 e677 e657 e656 e637 e616 de16 de16 de16 de16 ddf6 ddf6 de16 de37 e616 e637 e616 e616 e637 e637 e657 e677 e678 ee78 eeb9 eeb9 eed9 f6d8 eed7 b451 50c8 48a8 50c9 50e8 58e8 58e8 60e8 58a8 60c8 60c8 58a7 58a7 5887 5867 5867 5887 58a7 60a7 60c7 60c8 60c8 60c8 60e8 68e9 7929 91cb b30e c38f d3cf d40f cbcf cbcf cbaf cbcf d40f d42f d44f d44f d46f d46f d44f d42f d42f d42f d42f d44f d42f d44f d44f d42f d42f d42f cc0f cc2f d42f d40f cc2f d40f d3ef 
aa09 aa09 aa09 a9e9 b209 a9e9 aa09 aa0a aa09 aa09 aa29 aa09 a9e8 a9c8 aa09 ba29 c249 d2ca db0a db6b e3cc e3ed e42d ec4d ec6e ec8d ec8e ecae ecae ecae ecaf ecae ecaf ec6e ec2c e3cc db6b d30a c269 aa09 a188 9168 9168 9168 9188 99c9 99c9 a1c9 a1e9 a9e9 aa29 a9e9 aa09 aa09 aa09 aa09 b209 b209 aa09 b1e9 a9c9 aa09 b209 aa09 b229 b229 b229 b249 ba49 ba49 b229 b229 b229 a9e9 a9aa cb6c f654 fe31 f52e e44d db8b d32b caca c2ab b209 b229 b24a b22a b24a b24b ba6a aa2a b22a b20a b22a b24a ba8a ba4a b24a ba8b c28a c2ab c2ec c2ab ba6b ba6b bacc c2cc c2ec c2cb c2ab ba6b bacd d3cf d3ef d3ae d3ef d3cf d38d d3ad d38e d38d d3ee cc30 cb8d bb2d c34e d3f0 dc0f dc2f dc30 dc70 d471 d4b2 d491 dcd1 d4f2 d4d2 dcb1 d4b2 d492 dc91 d4b1 dd13 d4d4 d470 dd12 dd13 dcd1 d4b1 cbf0 d450 d4f2 dd33 dd12 dcf2 d4f2 dcd2 dcf2 d513 dcf3 dd12 dd53 d4f3 dcd2 dd53 dd34 d4d3 dcd1 dd53 dd74 dd33 dd94 dd74 dd12 d4f1 d450 d4b2 d4f2 d513 dd54 dd94 dd94 d552 d533 d513 d554 d555 d575 d595 d5d6 d5b6 d595 ddf6 ddf6 ddd6 ddb6 d554 dd95 ddb5 dd95 d595 d595 d5d6 d5b6 d5b6 d574 d574 d595 cd95 d595 d5d6 ddf6 ddf6 dcd3 db8c dbab dbce dc50 dd75 ddf5 e636 e635 e5d4 ddb4 ddd4 e5d4 dd74 dd95 ddf7 e657 e677 e657 e636 e636 e616 ddf6 de16 de16 de16 de16 de16 de16 de16 e636 e637 e636 e616 e636 e616 e616 e636 e657 e678 ee98 eeb9 eeb9 eed9 f6d8 eeb7 9b4e 50c9 48c8 50c8 50c8 58c8 58c8 60e8 58c8 60c8 60c8 58a7 5887 5867 5066 5887 58c7 58a7 60a7 60c8 60a7 60e8 60e9 7109 7929 898a a26d bb6f d3cf d3cf d3cf cbaf cbaf cbaf cc0f d430 d450 d450 d44f d42f d44f d450 d44f d44f d42f d42f d42f d42f d44f d44f d44f d42f cc2f d40f d40e d42f d40f cc0e cc2f d40f 
aa09 aa29 aa09 a9e9 b209 aa09 aa09 aa09 aa09 aa09 b229 b209 aa09 b1e8 b1e9 ba08 c249 d2a9 d30b db6b e3ac e40d e44d ec4d ec6d ec8d ec8e ecae ecae ecae ecae ecaf ecae ec6e ec4d e3cc db6b d30b c269 b209 a1a8 9168 8948 9168 91a9 99ea a20a a1a9 a1c9 a9e9 aa09 aa09 aa09 aa09 aa09 a9e9 b209 b209 aa09 b209 b1c9 b209 aa09 aa2a aa09 b229 b229 b229 ba29 b229 b249 b229 aa09 a9c9 a9ca dc2e fe73 fe31 f54f e46d dc0c d32b cb0b c28a ba4a b209 b22a a9e9 aa2a b24a b24b ba4a ba2a b22a b26b b22a b22a ba6b ba6a ba4a c28b c2ab c2ab ba4a ba8b c2ac caec caec caec c28b b24b bacc cb6e d3ce d3ce d3cf d40f d3ee d36d d34c d38e d3cf d3ef cbcd baed c34e d3ee dc30 d450 d40f d3ef dc70 dcb1 dcd1 d410 cbef d490 dcb1 dc91 d4b1 d4d2 dcb2 d491 dd12 dd33 d4b2 d44f dcd0 d430 cc30 d4b2 dcf2 dcd1 dcf1 dd12 dd13 dd13 dd13 dd13 dcd2 dcf2 dcf3 dcd1 dd12 d4f3 dcf2 dd53 d554 d4f3 dd33 dd95 dd54 dd74 dd94 d4b2 d491 d4f3 dd54 dd54 dd54 dd74 dd73 d533 ccd2 d533 d595 d595 ddb5 d5b6 dd95 ddd6 ddd6 d5b6 ddb5 ddd5 ddb5 dd95 d554 d554 dd94 d5b5 ddb5 d595 d5b5 d596 d595 d575 d554 d595 d5b6 d595 d595 d595 ddf5 ddb6 dc30 dbee dcd2 ddd6 e657 e636 e5d3 dd52 ddb4 ddb4 e594 e5b5 e5f6 e636 e657 e657 e657 e637 e636 e616 ddf6 de16 de16 de16 de16 ddf6 de16 e617 e637 e637 e637 e616 e616 e616 e5f6 ddf6 e637 e658 e678 ee78 eeb9 eed9 eed9 f6f7 e677 8a8c 4888 50a8 50c9 58c8 58c8 6108 58c8 58a8 60e8 60e8 60a8 58a7 58a7 5867 58a7 58a7 58a7 6087 60a8 60a8 60c8 6909 7109 816a 9a0c b30e cbaf d3ef d3ef cbcf cbaf cbaf cbef cc10 d450 d44f d44f d44f d44f d450 d430 d44f d44f d42f d42f d42f d42f d44f d42f d42f cc0f d42f d42f d42f d42e d42f cc0f d42f cc0f 
aa09 aa09 aa0a aa09 b209 aa2a aa29 aa09 a9e9 aa09 aa09 a9e9 aa08 b1e9 b1e8 ba09 c249 caa9 d30a db6b e3ac e3ec e42d ec4d ec6d ec8e ec8d ecae ecae ecae ecae ecae ecae ec6e ec4d e3ed db8c d2ea c289 b229 a1a8 9168 8948 9147 9168 9988 a1a9 a1a8 a1c8 a1c9 a9e9 aa09 aa2a aa09 b209 aa09 b1e9 aa09 b1e9 aa09 a9e9 a9e9 aa09 aa09 aa09 b229 b209 b229 b229 b229 b229 b209 aa09 a1a9 a9e9 e4d0 fe73 fe10 f50e ecad e3cc db4b d30b caca c269 b229 b20a aa2a b24a b24a b22a b20a b20a ba4a c26a b22a ba6b c28b ba4b b26a cacb c2aa ba4b c28b cacb caec caec caeb c28b ba4b baac cb8e d38d d3ae d3ae d3ef d3ee d3ce d34d cb4d d38e d42f cbae bacc cb4e d3cf d3af d3ae dc30 d450 d451 dc71 d4b1 d450 d450 d431 d410 dc30 dcb1 dcf2 dd13 dd12 d4d3 d470 dcf1 dd12 cc30 cbef d431 d4d2 dd11 dd32 dcf2 d491 dcb1 dd12 d513 dd13 dd12 dcd1 dcd2 dd12 d4d3 dcb1 dd32 d513 d4d2 dd53 dd95 dd95 ddb5 dd95 dd74 dd12 d4d2 d513 dd12 dd33 dd53 dd74 ddb5 d595 d595 d554 d554 dd94 ddb5 ddb5 ddd6 d595 ddb5 ddd6 ddb5 dd94 dd94 dd94 d574 d534 dd54 d575 dd95 d595 d575 d554 d595 d595 d575 cd34 d574 d5b6 d575 d575 d575 d5b5 ddf6 dd55 dd74 e615 ee56 e635 ddd3 d573 d594 dd93 dd74 ddd6 e636 e657 e636 e636 e637 e636 e616 e616 de16 de16 de16 ddf5 ddf6 de16 de16 e616 e637 e637 e637 e616 e637 e616 ddf6 ddd5 ddf6 e657 e657 e658 ee78 eeb9 eed9 eed8 f6f7 de36 7989 4067 5088 50a8 58a7 5887 5887 58a8 60e8 60e8 60e8 58a7 5887 5887 5066 58a7 6087 6087 60a7 60c8 6109 6909 712a 796a 8a0d aace c38f d3cf d3ef d3cf cbaf cbaf cbcf cc0f d430 d44f d470 d46f d44f d44f d44f d44f d450 d42f d42f d42f d42f d42f d42f d42f d42f d40f d42f d42f d42e d40e cc0f cc0f d42f cc0f 
aa09 aa09 aa09 aa09 aa09 b229 aa09 a9e9 a9e9 aa09 aa2a b1e8 b1e8 b1e9 b209 b229 c269 cac9 d30a db6b e3cc e40c e42d ec6e ec8e ec8e ecae ecae ecce ecce ecae ecae ec8e ec6e ec2c e3cc db8b d2ea c289 b229 a188 9168 8968 9168 9168 99a8 a1a8 a1a8 a1e9 a9e9 a9a8 a9e9 aa09 aa09 aa29 aa09 aa09 b1e9 a9e9 a9e9 a9e9 aa09 aa09 a9e9 b1e9 b1e9 b209 b229 b249 b229 b229 b209 a9e9 a9aa b22a edb2 fe93 fdf0 f50e ec8d e3ec db6c d32c caaa ba6a b24a b22a ba4a ba6a b22a b22a aa09 b22a ba4a ba2a ba4a c26a c28b c2ab c28a c28b c2ac baab caab cacc cb0d c2cb ba6a b22b b2ac cb8e d3cf d3ae d3ae d3ef d3ce d3ae d38d d38e d3ae cbad c30c bacc c36d d3af d3ce d3ef d3f0 d3cf d470 dcd2 d42f d3ef d430 d450 d451 d471 d472 dc91 dd12 dd53 dd33 dd54 d492 d450 d470 d40f d470 dd13 dd12 dcf2 dcd1 dcf2 d4f2 d4b2 dc91 dd11 dd33 dcf2 dcd2 dd12 dcd2 dcb1 d4b1 dcd1 dd32 d513 dd13 dd94 ddd5 dd54 dd33 d512 d534 d554 dd53 dd33 dd53 dd33 dd53 dd94 d595 dd95 d595 d575 dd74 d594 ddb5 ddb5 d595 d595 ddb4 ddb5 dd54 dd13 d553 d554 d554 d554 d555 d575 d554 d595 d554 d574 d574 cd34 cd34 ccf3 cd54 cd55 d534 d575 d594 ddd4 ddf5 e615 e615 e5f4 dd94 ddb4 ddd4 ddb4 ddf6 de16 e637 e657 e636 e616 e616 e616 e616 e616 ddf6 de16 ddf6 ddf5 ddf5 e5f6 de16 e616 de16 e636 e637 e636 e616 e616 ddf5 ddb4 ddd5 de16 e657 e657 e657 ee77 eeb9 eed9 f6d8 eed7 cd53 58e8 4887 5067 5087 5887 58a8 58a7 5887 60c8 60e8 58c8 58a7 58a7 5067 5866 58a7 60c7 60c8 60a8 60e9 68e9 6909 714a 89cc 9a6d bb2f cbaf d3ef d3ef d3cf cbaf cbaf cbf0 cc30 d450 d44f d44f d46f d44f d430 d44f d44f d44f d450 d430 d42f d42f d42f d42f d44f d42f d42f d42f d42f d42f d40f cc2f d42f d44f d42f 
aa2a aa0a aa09 aa09 aa09 aa09 a9c9 a9e9 a9e9 aa09 aa09 b209 b209 b209 b209 b229 c269 caa9 d30a db6b e3ab e3ec e44d ec6d ec8e ecad ecae ecae ecce ecae f4ad ecae ec8e ec6d ec2c e3cd db6b d2ea c269 b229 a1a8 9168 8948 9147 9168 9988 a1a8 a9a8 a9e9 a9c9 a9e9 a9c9 a9e9 aa09 aa29 aa09 aa09 b1e9 a9e9 aa09 aa09 a9e9 aa09 aa09 b209 aa09 b209 ba49 b229 b229 b208 b209 a9c9 a9aa ba6a f614 fe73 fdf0 ed0e ed0f e3cb db8b db6b caca caca c26a c2ca ba6a b24a b20a b22a b22a b22a ba4a ba49 ba4a ba6a ca69 c26a c26a c2ab c30c c2cc c2ab caec caeb c2ac b22b b26c c36e d3ae d3ae d3ef d38d d38d d36d d36d d38d d3ef cbad c30c baec c36e cb8e d3ae d3ae d3ae d40f d3f0 d3ee d490 cc10 d3ce d3ef d430 d451 d491 dcd2 d4d3 d491 dcd1 dd11 dd13 d4b1 d3ef d410 d471 dc91 dd11 dd32 dd12 dcb1 dc91 dcf2 dcf2 dcd3 dcb1 dcd1 dcf2 dcf2 dcf2 dcf2 d4b1 d4d2 d491 dc91 dd12 dd54 dd33 dd12 d513 dd34 d533 dd53 dd33 dd32 dd53 dd74 dd33 d513 d513 dd74 dd95 ddb5 ddb6 d575 d574 ddb4 d5b5 dd95 dd95 dd54 dd32 dd53 d534 d4d2 d4f2 d534 d574 d575 d575 d534 d553 cd75 d553 d574 cd34 ccf3 ccb2 c4d3 cd34 cd54 d595 ddd5 e615 e5f4 dd92 dd31 dd92 ddf5 ddd5 ddd5 ddf6 e637 e657 ee57 e657 e636 e5f5 e5d5 e5f6 de16 de16 de16 ddf6 ddf5 ddf5 ddf5 ddf6 de16 de16 e636 e616 e617 e636 e636 e5f6 dd74 dd94 ddd5 e617 e637 e657 e657 ee77 eeb9 eeb8 f6b7 ee97 b40f 50a7 4847 5067 5087 5887 58a7 5887 5887 60c8 60a7 58a7 5887 5867 5887 58a8 60a7 60c7 6107 60c8 60c8 60a8 68e9 796b 922d b30f cb8f d3ef d3ef d3cf cbaf cbaf cbcf d40f d450 d44f d470 d44f d44f d44f d44f d450 d42f d44f d430 d42f d42f d42f d430 d44f d42f d42f cc4f d42f d42f d42f d42f d42f d42f d42f d42f 
aa2b aa2a a9e9 a9e9 aa0a aa0a a9e9 a9e9 a9e9 a9e9 a9e9 a9e8 a9e9 a9e9 b208 b229 ba69 caa9 caea db6c e3ac e3ec e42d ec8e ecae ecad ecad ecce ecce ecae ecad eccf ec8e ec6d ec2d e3cc db6b d2ea c289 b229 99a8 9148 9127 9148 9168 99a8 a1c9 a1c9 a1e9 aa09 a9e9 b209 a9e9 a9e9 a9e9 a9e9 aa09 a9e9 aa09 aa09 a9e9 a9e9 a9e9 b1e9 b209 b208 b209 ba29 ba49 b229 b209 b229 a9e9 a1a9 c2aa f653 fe72 fd8e f54e ed0d e3cc dbac d36c d32b caeb caca d2ca c28a ba6a ba8a b22a b22a b24a ba2a ba2a ba4a ba8b b209 b20a ba6a caaa c28a c2ac c2cb c2cb baab ba6b ba6c c32d d38e d3ae d3cf d3ce d3ae cb4d cb2d d38e d3ef d40f c2ec c32d cb6e d3ef d3cf d3ae d3cf d3cf d40f d450 c36e cb6d d40f d3ef d3cf d470 d4d3 dcf3 dcd2 dcd1 d4d2 d471 d42f d470 d430 d410 d4d2 dd12 dcb2 dc90 dcd0 dcd1 dcb1 dcb1 dcd1 dcf2 dd32 dcf2 dcb1 dc90 dd13 dcf2 dcd2 dcf2 d4f2 d4b1 d4d2 dcb2 dcf2 d513 d4f3 d4f3 dd53 dd94 dd74 dd33 dd13 dd12 dd74 d513 d4f2 d533 d554 d574 dd94 ddb6 d595 d575 d574 dd94 dd95 d554 d554 d534 d4f3 d4f2 d4f3 d4d3 d513 d554 d575 d575 d575 d4f3 cd33 ccf3 d513 ccf3 c491 cc92 c4d3 d553 ddd5 e636 e5f4 dd73 dd32 d513 d553 ddd5 e5f5 ddd5 de16 e637 e657 ee77 e637 e636 e5f6 ddb5 ddd6 ddf6 ddf6 ddf6 de16 ddf6 ddd5 ddf6 ddf6 e5f6 e616 de16 e637 e637 e616 e637 e616 dd74 dd13 d532 dd94 ddf6 e637 e637 e657 ee57 ee98 ee98 ee97 e636 8a8b 4888 4847 5067 5887 5887 5887 58a8 58a7 60a7 60e8 58c8 58a7 5067 58a7 5887 6087 60e7 60e8 60c7 5887 5867 68e9 81cb a2ae bb8f cbcf d3ef d3ef cbaf cbae cbaf cbef d42f d450 d450 d46f d44f d44f d450 d44f d44f d44f d46f d42f d42f d42f d44f d450 d430 d42f d42f d42f d44f d44f d42f d42f d42f d42f d44f d42f 
a9e9 a9e9 a9e9 a9e9 aa2a aa09 aa09 a9e9 a9e9 aa09 a9e9 a9e9 a9e9 aa09 a9c8 b209 ba69 c289 d30a db6b e3ac e3ec e42d ec6d ec8e ecad ecae ecae ecae ecae ecae ecaf ec8e ec6d ec2e e3ac db6b d30a c28a b229 a1a8 9168 9148 9168 9988 9988 a1c8 a1e9 a1c8 a9e9 a9e9 aa09 b1e9 b1e9 a9e9 a9e9 aa09 b209 aa09 aa09 a9e9 aa09 aa09 b1e9 b1e9 b229 b229 ba09 b229 b229 b209 b209 a9c9 a9a9 c2cb f654 fe31 f58f f52e e4ae e3cb dbac db8b db2b d32b ca8a c2eb caaa c28a c28a b209 ba2a ba2a b22a ba6a ba49 b20a a9ea b24b c28a c2cc ba8b c2cb c2aa ba8b b26b ba8c cb4d d34e d34d d38e d3cf d3ae d36d cb6e cb6d d3ef cbcf c2ec baac cb4d d3ae d3ef d3ee d3ce d3ef d410 d430 cbae cb6d cb6d d38d d3ef d430 d450 dcb0 dd13 dcf3 dcb1 dcb1 d490 d3ce d3ae d450 dcf2 dd12 dd12 dcf2 dc90 d450 dc6f dcf1 dcd2 dcd1 dcd2 dd12 dd32 dcf3 dc91 dcb1 dd12 dcf2 d4d2 d4d2 d4d2 d4b1 d4b1 d4b1 dcb1 dd12 d513 dd33 dd53 dd53 dd33 dd12 d533 d553 dd54 d534 d4f3 dd33 dd54 d574 ddb5 ddb5 d595 d574 d534 dd33 d534 d554 d554 d535 d4d3 d4d2 d513 d4d3 d512 d554 d554 d554 ccf3 ccf2 ccf3 cc70 c4b2 c472 ccf3 d595 ddf6 e5f4 ddb3 d4f1 d4f2 dd95 ddb4 ddd5 ddf6 de16 de16 e636 e636 e637 e636 e636 ddf5 ddd5 ddd6 ddf6 ddf6 de16 ddf6 ddf6 ddf6 ddf6 ddf6 de16 e616 de17 de37 e617 e636 e636 e637 dd94 d4d2 d4d2 d4d1 dd53 ddb5 e616 e637 e636 e637 ee78 ee98 ee96 d574 6989 5088 4847 5067 5867 5887 5887 58a7 58a7 60c7 6109 6129 58a7 5887 58a7 60a7 60c8 60c8 60e8 60c8 5867 5067 6909 922d b32f cbaf d3f0 d3ef cbcf cbaf cbaf cbef d430 d450 d44f d44f d470 d44f d450 d450 d450 d44f d44f d44f d450 d44f d42f d42f d450 d44f d44f d42f d44f d42f d44f d42f d42f d42f d44f d44f d42f 
a209 a9e9 aa09 aa0a aa09 a9e9 aa0a a9e9 a9e9 aa09 aa09 aa09 a9c9 a9e9 aa09 b209 ba49 caaa d30a db6b dbab e40c ec2d ec6d ec8d ecad ecae ecae ecae ecae ec8e ecae ecae ec6d ec4d e3cc db6b d30b c2aa b229 a1a9 9148 9148 9148 9968 99a8 a1a9 a1e9 a1e9 a9e9 a9c9 a9e9 b1e9 b1e9 aa09 a9e9 a9e8 b209 aa09 aa09 a9e9 a9e9 a9e8 b1e9 a9e9 b209 b229 b209 b229 b249 b229 aa29 a9e9 a9aa cb4b f695 fe52 fd8e f52f eccd dbcd dc0d db2b d38b db4b caaa d32a d2ea c28a ba29 b229 b209 b22a ba2a ba6a b22a b26b ba6b ba2a baab c2ec ba8b b20a b22a b26b b2ad c36e d36d d36e d36e d3cf d38d d38e cb4d d36d d40f cb6d bacb b2ab c34d d38e d3ae d3ce d3ef d3ef d40f d40f d3cf cb6d cb2d d38e d38e d3af d42f d491 d430 d491 dd13 d4b2 d450 d410 cbaf d410 dcd2 dd11 dd12 dcf2 dcd2 dc90 d491 d430 dc90 dd12 dcf2 dcb1 dcf2 dd12 dd33 dcf2 dcb2 dc91 dc90 d4d1 d4d2 d4f2 d471 d470 dcd1 dcd2 dcd2 dd12 dd33 dd13 d4d1 d4d2 d4d2 d513 dd53 dd74 dd54 d534 dcf2 dd53 dd95 dd95 dd95 d595 d554 d513 d4f3 dd13 dd33 dd34 dd54 d554 d4f4 d4d2 d533 d4b2 d533 d534 d533 d4f3 cc91 c4b2 c431 ccb3 d575 ddf6 e615 e5d3 dd32 d533 d554 dd74 ddd5 ddd6 ddf6 e616 e637 e637 e616 e636 e616 e616 ddf5 ddd6 ddd6 ddf6 ddf6 ddf6 ddf6 ddf6 ddf6 ddf6 ddf6 e616 e616 e637 e617 e637 e617 e616 e636 ddd5 d4f2 d470 d491 d491 dcf2 dd94 e616 e5f6 e5d5 e616 ee77 ee77 ee76 b410 58a7 4887 5067 5087 5087 5887 58a7 58c7 58a7 60a7 6109 58c8 58a7 5887 60a7 6087 60a7 60c8 60e8 58c8 5888 58a8 816a a2ae c38f d410 d40f d3cf cbaf cbaf cbef d430 d450 d450 d44f d44f d46f d44f d46f d44f d450 d44f d470 d44f d44f d44f d42f d42f d42f d44f d44f d42f d44f d42f d44f d44f d42f d42f d42e d44f d40e 
a9e9 aa09 aa09 aa0a a9e9 a9e9 aa09 aa09 a9e9 aa09 a9e9 aa09 a9e9 a9e9 a9e9 b229 ba69 caaa d30a db6b e3ab e40d ec4c ec6d ec8d ecae ecae ecae ecce ecae ecae eccf ecae ec6e ec0d e3cc db6b d30b c28a aa2a a1a9 9968 9168 9168 99a9 99e9 a1c9 a1e9 a9e9 a9c9 a9e9 aa09 aa2a b209 aa09 b209 a9e9 a9e9 aa09 b209 a9e9 b209 aa09 b1e9 b1e9 b209 b209 b209 b229 b229 b209 b209 a9e9 a1a9 cb2a f674 fe31 f54f f52e ec8d ecae e46d d3ee db6c db8b d34b d2ea d2ea c28a ba49 ba4a ba4a b24b b1e9 aa0a b24a ba6a ba4a ba6b c2cb caaa ba4a aa0a aa0a b28b cb6e d3ce d36d d34d d38d d38d d36e d34d d3af d38d cb8c baec b2ac c32d d38d d3ce d3ae d38e d3cf d410 d3ef d3ef cbae cb6e cb8f d3ef d410 d3f0 cb8e d42e d471 cbef d44f d471 cbcf d410 d491 dc92 dcd2 dcb1 dcd1 dcd2 dc91 dcb1 dc91 d491 d450 dc70 dcf1 dcf2 dcf2 dcd1 dcd1 dcf1 dcb2 d451 d410 d430 d490 dd11 dcd1 d491 d491 dcb1 dcf2 d4d1 d491 d4b1 d492 d4d1 dd33 d513 dd12 dd53 dd74 dd74 d533 dd12 dd53 dd74 d574 d554 d533 d513 d4f3 d4f3 d534 d534 d534 dd75 dd54 d4d3 d4f1 d4d3 d491 d513 d4f3 ccb1 c451 cc92 cd13 ddd5 e635 e5d3 dd72 d553 d574 ddb4 ddb5 ddb5 ddd6 e616 e616 e636 e616 e616 e5f5 e5f5 e5f5 ddf5 ddf6 ddf6 ddf6 ddf6 de16 de16 ddf6 ddf6 ddf6 de16 e5f6 e5f6 de16 e616 e637 e637 e637 e616 e5f6 d532 d491 d450 cc50 d450 d4f1 dd94 dd73 dd11 dd73 e5d5 ee37 ee55 de35 8a4a 5067 5087 50c8 58a7 58a7 58a7 58a7 58c8 58a7 58a7 58a7 58a7 5887 5887 58a7 5887 5887 58a7 58c8 60e9 60e9 7129 922c b30e cbaf d3ef d3ef d3cf cbcf cbcf cc10 d430 d450 d450 d46f d470 d470 d450 d44f d450 d42f d450 d470 d450 d44f d42f d44f d44f d44f d44f d42f d42f d42f d42f d44f d44f d42f d42f d42f d42f d42f 
a9e9 aa09 a209 a1e9 aa0a a9e9 a9e9 a1e9 a9e9 a9e9 a9e9 a9e9 a9e8 a9e9 a9e9 b229 ba49 caaa d32b db8c e3cc e40d ec4d ec6d ecad ecae ecae ecae ecae ecae ec8e ecae ecaf ec6e ec2c e3ed e36b d30b c28a aa09 9988 9168 8968 9148 9189 99c9 a1e9 a1e9 a9e9 a1e9 a9e9 a9e9 aa09 aa2a aa09 aa09 a9e9 aa09 b1e9 aa09 a9e9 a9e9 aa09 b1e9 b209 aa09 b209 b229 b209 b209 b209 b209 a1c9 a1aa c32b f675 fe11 f56e ecce eccd ec4c e40c ec6d db4b e38b db6b db2b d30a c2ab c28a c26a ba49 b1c9 a188 aa2a ba4a b229 b26a c2ab c2aa c28a ba4a aa0a b26c cb2d d38e d38d d38d d34d d32c cb6e d34d cb8e d42f c34d b26b baac c30c d3ae d3ae d3ce d3cf d3ce d3ce d40f cbaf d3ae d3cf d3af d3ef d430 d430 cbef cb6e cb6e d470 d451 cbaf cb8e cc10 dc71 dcf2 dcf2 dcd1 dc91 dc71 dc71 dc91 dcd1 d4b1 dcb1 dc90 d471 d450 dcb0 dcf2 dcd2 d470 dc4f d471 d4b1 d491 d470 d451 dc4f dcb1 d4d2 dcd2 d490 d470 d471 cc92 d4d2 d4f2 d4d2 d4d2 dd12 d513 dd12 dd74 dd74 dd54 d534 d513 d533 d533 d513 d4f3 d513 d4f3 d4b2 d4f3 d554 d534 d534 d533 d4f3 d450 d4d2 cc50 ccb2 cc92 cc91 ccd2 dd94 e615 e5f4 dd93 dd11 dd73 ddb4 ddb4 ddb5 ddd6 e617 e636 e616 e5f5 e616 e5f5 ddd5 ddb4 ddd5 ddd5 ddd5 ddd6 ddf6 ddd5 ddf6 e5f6 ddf6 ddf6 ddf6 ddf6 e616 e616 e616 e617 e636 e637 e637 e616 e636 dd94 d4b1 d450 cc30 cc30 cc91 d553 d512 cbee d450 dd33 e5b5 ee15 e676 c4f2 6129 5088 5088 58c8 5909 58c8 60a8 58a7 60c7 60e8 58c8 58a7 5087 5867 5887 60a7 5886 5867 5887 60e9 714b 796b 89cb aace c38f d3cf d3ef d3ce cbae cbaf cbcf d410 d42f d450 d44f d450 d450 dc4f d450 d44f d44f d44f d42f d450 d46f d42f d42f d44f d42f d44f d44f d42f d44f d44f d44f d44f d44f d42f d42e d42f d44f d42f 
a9e9 aa09 a1e9 a9e9 aa2a a1e9 a1e9 a209 a1e9 aa09 a9e9 a9e9 a1e9 a9e9 b209 b209 ba29 c2cb d30b db6b e3ed e40d ec6c ec8d ecae ec8e ec8e ecae ecce ec8e ec8e ecae ec8e ec6d ec2d e3cc e38b d30b c28a aa29 99a9 9188 9168 9168 9168 99a9 a1c9 a9c9 a9e9 a9e9 aa09 aa0a aa09 a9e9 a9e9 aa09 a9e9 aa09 a9e9 aa09 aa09 b1e9 a9e9 b209 aa29 aa09 b209 b209 b229 b209 b209 b209 a1ca a1aa c36b f695 fe0f f52e ed6f ec6c e40d e42c e3ac dbac db6b d36c db2b d2eb d32b caca c28a ba09 a1c9 aa0a a9c9 a9c9 b22a c28a c28b ba6a ba6a ba2a b28c c34d d34d d36d d36d d36d d34d cb0c cb4d cb6d cc0f c36d b28b b28c c30d d36d d38d d3ce d3ae dbef d3ee cbae cb8e cb8f cb6e d3ef d410 d430 cbae cbae cbaf cbaf d38f d3ef d42f cbaf d3af dc4f dc91 dcb1 dcf1 dcd2 dcb1 dc71 d471 dc51 dc91 dcb2 dc91 dcd2 d4b1 d491 d430 dc70 dcd1 d4b2 d451 dc50 dc90 dc91 d470 d4b1 d491 d470 d4b1 d470 cbef cc30 d471 d492 d4d2 d4f3 d4f2 dcd2 d4f2 dcf2 dcd2 d513 dd74 dd74 d554 d513 d4f3 d4f3 d513 d513 d4f3 d4f3 d4b3 d492 d4d2 d534 d554 d4f3 d4d2 cc51 cc50 cc31 cc50 ccb2 d553 ddd4 e5f4 dd72 dd32 d573 dd93 dd94 ddb5 ddd5 de16 e636 e636 e615 e5f6 ddd5 e5f5 ddd5 ddb5 dd95 ddb5 ddb5 ddd5 ddd5 ddd5 ddf6 ddf6 ddf6 ddf6 de16 ddf6 ddf6 de16 e5f6 e616 e637 e617 e637 e637 e636 e616 d4d1 cc50 cc0f cc51 d4b1 d533 d512 c38d c38e cc50 dd33 ddb4 e5f4 e656 9b0d 50a7 50a8 5047 58c8 5929 58c8 58e8 58c7 60c7 58a7 5887 5887 5887 5887 60a7 60c7 5887 58a8 58c9 692a 796b 81ac 9a8d bb4f d3af d3cf d3cf cbaf cbaf cbcf cc10 d430 d450 d450 d44f d450 d470 d44f d42f d42f d450 d450 d450 d44f d450 d44f d44f d44f d430 d44f d42f d42f d44f d44f d450 d44f d44f d42f d42f d42f d44f d42f 
aa09 a9e9 a209 a1e9 a1e9 a1e9 a1e9 a1e9 a1e9 a1e9 a1e9 a9e9 a1e9 aa09 aa09 aa09 ba49 caca d32b db8c e3ec e40c ec4c ec6e ec8e ec8e ec8e ec8e ecae ecae ec8e ec8e ec8e ec4d ec2d e3cc e38b d30b c289 aa29 99a9 9168 9168 9168 9168 99a9 a1c9 a1c9 a1e9 a9e9 aa09 aa2a aa09 aa09 aa09 a9e9 a9e9 aa09 a9e9 aa09 a9e9 a9e8 aa09 aa09 b209 b209 b209 b209 b229 b1e9 a9e9 aa09 a1c9 a1aa cbab f674 fdae f54f f50d ec8e e48d e3eb e4ce e42c db6b db8c d32b d36c db4b caaa c249 b22a aa2a a9e9 a1a9 a9e9 ba6a ba4a ba4a ba2a b1e9 baac cb6d d38d cb4d cb2d d34c d32d d32c cb4d cb4d cbce c32d b2cc b2ac c2ed cb4d d34d d36d d3ce d3ef d3ce d3ae cb8e cb4d cbae d3cf d3ef cbee cbef cb8e cc10 d430 d40f d3cf cb6e d38e d451 d431 d40f dc70 dc91 dc71 dc71 dc71 dcb1 dc91 dc71 dc71 dcb1 dcb1 dc91 dcd1 dc91 d450 d410 dc2f dcd1 dcd2 d451 dc50 dc90 dcb1 d4d1 d491 cc10 cc0f cc51 cc72 d471 d4b1 d492 d4b2 dcd1 dcf2 dcd2 dcf3 d470 d4d3 d492 dd33 dd54 d534 d513 d4f3 d492 d4d2 d4d3 d4f3 d4d3 d491 d4b3 d492 d4f3 d533 d4f3 ccb2 c452 c410 cc71 ccf3 ddb4 e5f5 dd72 dd32 d532 dd53 dd53 ddb4 ddf6 de17 e616 e636 e616 e615 e5f5 e5f6 ddb4 dd94 ddb5 ddb5 ddb5 dd95 ddb5 ddd6 ddd6 ddd6 ddf6 de16 de16 e616 e616 de16 de16 e616 e5f6 e617 e657 e637 e637 e636 e636 dd53 cc4f cc30 cc50 d4b1 dd32 d512 c38d bb2d cbcf d492 dd33 ddb4 e655 d5b5 7169 4867 5067 5067 5067 58a8 58c7 6149 6128 60c7 5887 5867 5866 58a7 60a7 60a7 60a7 5887 58a8 60e9 714a 81ac 9a2d b30f cb8f d3ef d3cf d3cf cbaf cbaf cbcf d410 d450 d450 d470 d470 d450 d46f d450 d44f d450 d44f d42f d42f d44f d44f d44f d44f d44f d42f d42f d42f d44f d44f d42f d44f d44f d44f d44e d42f cc2f d44f d42f 
a9e8 aa09 a1e9 a1c8 a1e8 a1e9 a1c9 a9e9 a1e9 a1e9 a1c9 a1e9 a1e8 a9e9 a9e9 b209 ba6a caca d32b db8c e3ac e40c e44d ec8d ec8e ec8e ecae ecae ecae ecae ecae ecae ec8e ec6d ec2c e3ec e38c d30a c289 b229 a1c9 9148 9148 9169 9969 9988 a1c9 a1c9 a1e9 a9e9 a9e9 aa09 aa09 aa09 b209 aa09 a9e9 a9e9 a9e9 aa09 aa09 aa09 a9e9 a9e9 b209 b209 b209 b209 b209 a9e8 aa08 a9e9 a1a9 a1a9 d40d f673 f5cf f52d ecce eccd ec2c e40c ec4c db8b e3cc db4b db4c db6b d34c caca ba29 b22a b209 a9ea aa0a b24a b22a b24a ba09 a9e9 b26c cb6e d38e d38e d36d cb6d cb0c cb4d cb2d d38e cb8d baeb aaab baac baed cb6e d3ae d36e d36d d3ae d3ce cbaf cb2d cbae cb8e cb6d d3cd cbf0 c32c cbf0 d3f0 d42f d430 d40f d38e cb4e d3ae dc70 dcb1 d472 d410 d40f dc30 d410 dc30 dcb1 dcd2 dcb2 dc50 dc70 dc91 dc70 dc50 d470 d471 d450 d430 dc4f dc90 dcd1 d491 dc50 dc4f d42f d430 cc52 cc50 d491 d491 d4b1 d4b1 dcd1 d4b2 d492 dcf2 dcf2 dcd1 d471 dcb2 d4b2 d4b2 dd12 dd33 dcf3 d4d2 d4b2 d4b2 d4b1 d513 d4d3 cc71 d4b1 ccd3 d4b2 d4d3 ccb2 cc72 c472 ccb2 dd73 e5d4 e592 dd11 d4d1 d553 dd73 dd94 ddb5 ddf6 e637 e656 e636 e616 e5f6 ddf5 ddd5 ddd5 d594 ddb5 ddd5 ddd5 ddb5 ddb5 ddd5 ddd5 ddd6 ddf6 de16 de16 de16 ddf6 ddf6 de16 e616 de17 e616 e637 e657 e637 e637 e636 e5f5 cc70 cc0f cc71 d4b1 d512 d511 c3ad bb4e c3ae d471 dcd2 dd13 e5b4 ee96 bcd2 5887 4867 5067 5047 5067 58a7 58c7 6109 58e8 58a7 58a7 5067 5887 58a7 60a7 60a7 60a7 5887 58a8 692a 714a 89cc a2ae c38f d3ef d40f d3cf cbcf cbaf cbcf cc10 d450 d44f d450 d470 d450 d450 d470 d470 d42f d44f d430 d42f d44f d44f d44f d44f d450 d44f d44f d44f d42f d42f d42f d42f d42f d44f d44f d42f d42f cc4f cc4f d42f 
a9e9 aa2a aa29 a1e9 a1e9 a1e9 a209 aa09 a9e9 a1c9 a1e9 a9e9 a9e9 a9e9 a9e9 b209 ba6a cacb d30b e36b e3cc ec0d e44d ec6d ec8e ecae ecae ecae ecae ecae ecae ecae ec8e ec6e ec2d e3cc e38c db2b c28a b229 a1a9 9168 9148 9168 9988 a1a9 a1e9 a9c9 a1e9 a9e9 a20a aa09 a9e9 a9e9 aa09 aa09 a9e8 a9e9 a9e9 a9e8 a9e9 a9e9 aa09 b209 aa09 b22a b209 a9e9 a9e9 aa09 a9e9 a1c8 a1a9 a1a9 dcaf fe73 fd8e f4ee f50e ec8d e48e ec0c dbcc dbcc e3ab db6b d30b d2eb db8c caaa ba6a ba6a b209 b24a b24a ba49 ba4a ba0a b24b b28c cb2d d38d d38d d36d d34d cb4d cacc caec cb6e cb8e bacb b2cd bb0d c2cc cb2d d38e d3ae d3ae d38e d36d d36d d38e cb4d d38e d38d cb8f c32d cb8f c36e cbce d430 d3ef d3ef d3af cb8f d410 d410 d40f dc2f dc70 d451 d410 d3af d42f d451 dc30 dcb0 dcf2 dc51 d410 d430 d430 d430 d450 dc70 dc91 dc91 d471 dc2f dcb0 dc91 cb8e c3af cc31 d491 d4d1 d491 d451 d471 d4b1 d450 dc70 dcb2 d4b3 dc91 dcf2 dc91 d471 dc71 dcd1 d4b2 dc71 dcb1 d4b2 d4b2 d4f3 d4b3 d472 d4b1 d4d3 cc92 cc51 cc92 cc31 cc30 cc51 cc91 d553 e5b3 e5b3 dd31 dcf1 d4f2 dd52 dd73 dd94 ddf6 e615 e616 e636 e616 e615 e5f5 ddd5 ddb5 ddb5 ddb5 ddd5 ddb5 ddd5 ddb5 ddb5 ddb5 ddd5 ddf6 ddf6 ddf6 ddf6 e616 de16 ddf6 de16 de16 de16 de36 de37 e637 e657 e657 e657 e656 d512 cc30 cc50 d4b1 dd32 d4f1 c3ce c38e c3f0 cc51 d4b2 dcd2 dd13 e5f5 e697 9b2d 4867 4867 5087 5087 5867 58a7 58c7 58a7 58c8 58c8 5067 5067 5887 58a7 60c8 60a7 5887 58a8 60c9 694a 798b 9a4d b32f cbcf d40f d3ef d3af cbaf cbaf cbef cc0f d450 d450 d44f d46f d470 d450 d450 d44f d42f d42f d42f d42f d430 d430 d44f d44f d450 d44f d44f d42f d42f d42f d44f d42f d44f d44f d42f d430 cc2f cc50 d44e d44f 
a1e9 a1e9 aa09 a1c9 a1e9 a1e9 a1e9 a1e9 a9e9 a1c9 a1c9 a1c9 a9e9 a9c9 a9ea b209 c24a caca db2b e36b e3cc e42c e44d ec6d ec8e ecae ec8e ecaf ec8e ec8e ec8d ec8e ecad ec8e ec2d e3cc e38c d32b c2aa aa2a a1c9 9189 9148 9189 9989 a1a9 a1c9 a1c9 a1e9 aa09 a9e9 a9e9 a9e9 a9e9 a9e9 a9e9 a9e9 b1e9 a9e9 aa09 a9e9 a9e9 aa09 b229 aa09 aa09 b209 b209 aa09 aa09 a9c8 a1c9 a189 a9c9 e50f fe31 f56f f56e ed0d ecee eced e3ed dbec e3eb dbee db6b d2ea d36b d34c caea ca8a c28a ba6a b24a b20a b22a b20a b1c9 c2ac cb4d d38e d38e d36d d34d cb2d cb2d cb2c cb2d cb6d baec b26b c2ec c2ec cb6e d3ae d38e d36d d3ce d3cf cb4d cb4d d38d cb8e cbae c32d c32d c36e d3ae d3ef d3ce d3cf d3ae cb2d cb4e d40f dc30 dc70 d431 dbef dc0f d430 d430 d431 d3ef dc0f d471 d430 dc4f d450 cbf0 cc32 d451 d451 d471 dc50 dc90 dcb1 dcb1 d42f cbef cbcf c3af cc10 d4b0 d4d2 dc70 dc70 dc90 d4b1 d4b1 d491 d430 d471 dcb2 dc92 dcb1 dcd3 dc71 d492 d451 d491 d472 d451 d450 d471 d4d2 d4b2 d492 d451 d4b1 d492 cc11 cc10 c431 c431 d4b2 dd73 e5d4 e572 dd11 d511 dd52 dd32 dd94 e5d4 e5f5 e616 e614 e5f5 e5f5 ddd4 e5d4 ddb4 ddb5 ddb5 dd94 ddb5 ddd5 ddd5 ddd5 ddd5 ddd5 ddd6 ddf5 ddf6 ddf6 e616 e616 e617 e616 de16 de16 e616 de16 e637 e637 e657 e657 e657 e657 e5d4 cc70 cc10 cc50 d4f2 d4d1 cbef c3af cc50 d491 d4b1 d451 d471 dd94 ee76 ddf5 71ca 4887 5088 5087 58a8 58a7 58a7 58c7 58c8 58a7 5909 58c8 5087 5887 60a7 60c8 58a7 58a8 58a8 610a 714b 89ac aace c38f d3f0 d40f d3cf cbaf cbcf cbcf cbef d430 d450 d450 d44f d44f d44f d44f d42f d42f d42f d42f d42f d42f d42f d44f d44f d44f d44f d42f d44f cc2f d42f cc2f d44f d44f d42f d44f cc2f d42f cc2f d42f d42f d42f 
a20a a9e9 aa2a a1e9 a9c9 a1c8 a1c9 a9e9 a1e9 a1e9 a1e9 a1e9 a9c9 a9e9 b209 ba29 c26a d2ca db0b e36b e3cc e40d e44c ec6e ec8d ec8e ecad ecae ec6e ecae ecae ec8e ec8d ec6e ec2d e3cc dbac db2b c2aa b24a a1a9 9168 8928 9188 9988 99c9 a1c9 a1c9 a9e9 a9e9 a9e9 aa09 aa0a a9e9 a9e9 aa09 a9e9 b209 a9e9 aa09 a9c9 a9e9 aa09 a9e9 b1e9 a9e8 a9e9 aa09 aa09 aa09 a9c8 a1a8 9969 a9e9 e551 f610 f5d0 f54e f54f f56e ec8d ec8d e3ec dbcb e44c db8b db6c db4a db8c db2b caaa cacb c269 ba4a b24a b20a a9ea ba8b cb2d caec d34d d36d cb4d cb2c cb2d cb4d cb8e cb2c baab b28c baac c2cc cb2d d3ce d3ae d38e d38e d3ce d3ae cb4d cb4d cbae c3ae c2cc bb0d cb4e d3ae d3ce d3ef cbef cb8e cb4d cb4e d3ef dbef d42f dc30 dc30 dc30 d3cf d3af dc0f dcb1 d451 d3cf d3ef d431 cb90 cbb0 c391 c413 d452 d452 dc71 dc90 dc90 dc70 d430 cbf0 c3f0 cc51 d471 d471 d450 dcb0 d491 d430 dc50 dc70 d491 dc91 d471 dc51 d450 d4b2 d451 d491 d472 dc91 d492 d430 d470 d471 d471 d451 d471 d4b1 d471 d431 d471 cc71 c411 c3f1 ccb2 dd53 e5b4 e5b3 dd31 d4f1 dd11 dd32 dd94 ddd5 e5f5 e5d4 e5f4 e5d4 e5d3 e5b3 dd93 dd73 dd53 dd94 ddb4 dd94 ddb5 ddd5 ddd5 ddd5 ddd5 ddd5 ddd5 ddf5 de16 ddf6 e616 e616 e617 e637 e616 de16 e616 e617 e617 e637 e657 e657 e657 e657 e616 d4b1 cc10 cc50 d4d1 d4b1 cbae c3f0 cc71 d4b1 d450 cbcf cbcf d491 e615 eeb7 bc91 58e8 4888 5067 5088 58c8 58a7 58c7 58a7 58a7 58a8 50a7 58c8 5909 60c8 60e8 60e8 58a7 58a8 58e9 694b 796b 9a4d bb4e cbef d40f d3ef cbcf cb8e cbaf cbef d430 d450 d450 d450 d46f d44f d44f d42f d44f d42f d40f d42f d430 d44f d42f d450 d44f d42f d42f d42f d44f d44f cc2f d42f d44f cc4f d42f d42f d42f d44f cc2f d42f d44f d42e 
a1e9 a1e9 a20a aa09 aa09 a9e9 a9c9 a9e9 a1e9 a9e9 a9e9 a9e9 a9e9 b1e9 b1e9 ba2a c28a d2cb db2b db8c e3ac e40d e44d ec6e ec8d ecae ecad ecae ecae ecae ecad ecae ec8d ec6d ec2d e3cc e38c db2c c2ab b26a a1c9 9168 8928 9168 9968 99a9 a1a9 a1c9 a1c9 a9e9 a9e9 aa09 a9e9 a9c9 a9e9 aa09 a9e9 b1e8 a9e9 a9e9 a9e9 a9e9 aa09 a9e9 a9e8 b1e9 a9e9 aa09 b209 a9e8 a9c8 a1a8 9969 aa29 edd2 fe32 fdaf f5b0 f56e ecce ed0f ec8c e40e e44c e3ec e3cc e3ab db2a dbcc d32b caeb caaa ba29 ba49 b209 a9c9 b28b cb2c d34d cb0d cacc d32c cb4e cb0d cb2d cb6e cb8d baab b2ac bacc c2ac cb2e d36d d36d d36d d38e d3cf d38e d36d cb6e cb6e c34d baac baed cb2d d38e d3cf d3cf d3ce d3ef c32e cb6e d3ef d430 d430 d410 dc0f d430 d410 d3ef d3d0 d3b0 d451 d493 cc33 cc13 c454 bbf3 bbf3 abb2 ab71 b370 bb6f bbaf c38d cbad cbaf cc31 d430 d451 dc70 dc91 dc70 d470 d470 d450 d470 d471 d430 d450 dc90 dc91 dcb1 d430 d450 d492 d450 d492 d492 d491 d492 d410 d450 d4b2 d472 cc10 cc50 cc52 cc11 c410 cc30 cc71 d512 dd73 e5b4 dd31 dcf1 dd32 dd53 dd33 dd94 e5f5 e616 e615 e5f5 ddb3 dd94 dd73 dd73 d553 d553 d574 dd74 ddb5 ddb5 ddd5 ddd5 ddb5 ddd5 ddd5 ddf5 ddf6 de16 de16 de16 e616 e617 e617 e616 de16 de16 e616 de16 e637 e657 e657 e657 e677 e657 d574 c410 cc50 d4d2 d490 c3cf cc10 cc70 cc4f c38d baec bb4e cc31 dd54 ee76 e677 92ab 4867 4887 5088 5088 58a8 58e8 58c8 58c7 58c7 6109 58a8 58c8 6149 6129 60e8 60e8 60a8 58c9 58c9 692a 81cc aace cbaf d3f0 d3ef d3cf d3cf cbaf cbcf d40f d42f d44f d44f d44f d42f d44f d42f d42f d42f d44f d42f d42f d42f d42f d42f d42f d44f d44f d44f d42f d42f d42f cc2f d42f d44f d44f cc4f d42f d44f d44f cc2f d42f d42f d40f 
a9e9 a1e9 a1e9 a1e9 aa09 aa09 a9e9 a1e9 a1e9 a1e9 a9e9 a9e9 aa09 b209 b229 c229 ca8a d2aa db0b db8c e3cc e42d e44d ec6e ec8e ecae ecae ec8e ecae ecce ecae ecae ec8e ec4d ec2d e3ec e3ac d32b c2cb aa09 a1c9 9148 9147 9148 9168 9988 99c9 a1e9 a1e9 a1c9 a9c9 a9e9 a9e9 a9e9 a9e9 a9e9 a9c9 a9e9 a9e9 aa09 b209 aa09 aa09 aa09 a9e8 a9e9 a9e9 a9e9 a9e9 a9c9 a9c8 a188 9949 aa09 ed91 fe31 f611 fdef f52e ed91 f52e ec6d ecee e44c e44d e3eb db4b db6b e3ab db8c db6b caaa ba6a b9e9 a989 b20a cb0c d34c d36d cb2d c2ed c2ec cb2d c32d cb4d cb4d baab b2cc bb0d c2cc cb2e d3ae d38d cb4d cb4d cb8e d38d d34d cb6e cbcf c2ed baed baed cb2e cb6e d3cf d3ef d3cf cb6e cb0c cb0d d3ae dbef dc70 dc51 d430 d410 d3f0 d411 cb90 cbf1 c3d2 c3b2 c3f2 c413 c433 bc33 b3d1 b3d2 a371 ab51 ab6f a370 9aae 920d 91ca bb6e d4b1 d450 dc30 dc70 dc70 dc50 d42f dc4f d450 d451 dc50 d450 d430 dc50 dc71 dc71 d451 d40f dc50 d451 d431 d450 d492 d451 d451 d431 d450 d492 cbf1 cbcf cc51 cc11 c3f0 cc91 dd73 e5b4 e572 dd31 d4b0 dcf2 dd53 ddd5 dd94 e5b3 e615 e615 e5d4 ddb4 dd93 dd93 d573 d594 d594 d594 ddb5 ddd5 ddb5 ddb5 ddd5 ddd5 ddd5 ddf6 ddf6 ddf6 ddf6 de16 e616 e616 e616 e616 e616 e617 e616 de17 e616 e637 e637 e657 e657 e657 e677 e636 cc91 c430 ccb1 d470 c3cf cc30 cbee c36c aa6a a22a aaac bb4e d4b2 e616 eed7 d5d5 6928 4867 4867 5067 50a8 50c8 58e8 6109 60c8 58c8 58e8 58c8 58c8 6108 6969 60e8 60c8 58a8 58c8 60c9 712a 9a2d bb2e d3cf d3ef d3cf d3cf cbae cbae cbef d42f d450 d450 d44f d430 d44f d44f d42f d42f d42f d42f d42f cc2f d42f d40f d42f d42f d42f d42f d42f d42f d42f d42f cc4f d42f d42f d44f cc2f d42f d42f d42f cc2f d42f d42f d42f 
a9e9 a9e9 aa09 a9e9 aa0a a209 a9e9 a1e9 a1e9 a1e9 a9e9 aa09 b209 b229 b22a c229 ca69 d2ca db0a db6b e3ab e40c e44d ec6d ec8e ecae ecae ec8e ecae ecae ec8e ecae ec8d ec6d ec2d e3ec e3ac db2b c2aa aa09 a1a8 9168 8927 8928 9188 99a9 99a9 a1c9 a1ea aa0a a9e9 a9e9 aa0a aa09 a9e9 a9c9 a1c9 a9e9 aa09 aa09 a9e9 a9e9 a9e9 aa09 b1e9 aa09 aa09 b1e9 b1e8 a9e8 a1c8 a188 9949 aa29 edd3 fe53 fe10 f54f f5af f58e ecae ecce ec2b e48e e44c e3ab dc0d e3ab dbac e3ec db4b d30b caaa b1e9 a9c9 c28b cb0c caec d32c cb2d cb2d c2cc c30d cb6e cb6d bacc b28b bb0d c2ec c30d d3ae d38d d34d d34d d36d d36d d36d cb6d cb4d c2cc baed c32e cb4e c32e cb4e d3ce d410 cb6e cb2d c34e cb6f d38e dbef dc10 dc2f d410 cb8f bb2e aace a28e a2ae a2ae a2ae a2ce ab0f bb2f cbd0 d3f0 c370 b2ef c3f1 cbcf c3cf b38f 9acf 81ac aacd d471 dc50 d450 dc30 dc70 d470 d430 d410 cbf0 c412 cc32 d431 d471 d430 dc71 d471 d471 d410 d3ef d410 cc51 c3b0 c3cf d493 d431 d472 cbf0 cc30 cc11 c3af cbf0 cc31 d4d2 dd93 e5d3 dd52 dc90 dcd1 dd12 dd74 dd94 e5d5 e5d5 e5d4 e5f5 e5f4 ddb4 dd93 dd94 dd94 ddb4 ddb4 dd94 ddb5 ddb5 ddd5 ddd6 ddd6 ddd6 ddf5 ddf5 ddf5 ddf5 de16 e616 e5f6 e616 e616 e617 e617 e616 e637 e617 e616 e637 e637 e637 e657 e657 e657 e657 dd53 c430 cc91 cc50 c410 c3ee b30b a209 9a2a 9a0a a22b b30d c3f0 dd74 ee97 eeb7 b40f 50a7 4847 4847 5067 5087 58c8 58a7 60a7 58a7 58a8 58a8 5887 58a7 6108 6908 60c8 60c8 610a 60e9 692a 818b aace c38f d3ef d3ef cbcf cbaf cbaf cbcf d40f d42f d44f d44f d44f d44f d44f d44f d44f d42f d430 d42f d40f d42f d42f d42f cc2f d42f d42f d42f d42f d42f d42f d42f d42f d42e d42f d44f cc2f cc2f cc2f cc0f cc2f cc2f d42f cc2f 
aa0a a9e9 aa09 aa09 a209 a1c9 a9e9 aa09 aa09 aa09 a9e9 aa09 b209 b229 ba29 c229 c26a d2ca db2b e36b e3cb e40d e42d ec8d ecae ec8e ecae ecae ecce ecae ecae ecad ecad ec8e ec4d e3ec db8b d32b c2a9 b209 a1a8 9148 8927 8948 9168 9189 99a9 99c9 a1c9 aa0a aa09 a9e9 a9e9 a9e9 a9c8 a9c9 a9c9 aa09 a9e9 a9e9 a9e9 b209 b1e9 b1e9 b1e9 aa09 b1e9 b209 a9e9 a9e8 a9c8 9988 9149 aa09 edb1 fe73 f5d0 f612 f5af f50f ed4f ec8c e42d eccd e3cb e44c e44c dbcb e3ed e3aa dbed db2b c249 b24a ba4a c2cc cb0c c2ec c2ec cb0c cb0c cb0d cb2d cb8e baab aa6b b2cd c2cc c30d d38d d38e d38d d38e d34d d36e d34d d38d cb6e baec b2cd c2ec cb4d cb6d cb8f cb6e cb4d cb8d c34d cb0d d3ef d3d0 d3af d3af d3cf cb8f bb0e a22c 9a6f a2cf ab0f aace a26d 9a4d 920c 920c 9a4d aaad c36e baee a28e c3b0 cbd0 cc31 cc31 b3b0 9aaf 926d bb6e c38f cbcf d430 d431 d430 d470 d451 c3b0 b3b0 b3b1 c3d1 cbaf c3b0 d451 d451 d431 d452 cbd2 b350 aaef 922d 81aa bb90 cc12 d431 c3f2 c3af c411 c3b0 cc10 dd12 e5b4 e572 dcf0 d4d1 d4d2 dd74 ddb5 e5d5 e5d5 e5f5 e5f5 e5d4 e5d5 ddd4 dd94 dd94 dd94 ddb4 ddd5 ddb5 ddb5 ddd5 ddb5 ddd6 ddf5 ddf6 ddf6 ddf6 de16 ddf6 ddf6 de16 e616 e616 e637 e636 e617 de16 e636 e636 e616 e617 e637 e637 e657 e677 e678 e657 ddd5 d4b1 cc91 cc30 c40e bb4c a229 91a8 9189 99ea a20b aaad c3f1 d514 e637 eed7 de35 822a 4847 4846 4846 5067 5887 58a7 58a7 58c8 5887 5887 5887 58a8 58c7 68e8 68c8 58a7 58c8 58c9 60c9 714a 924d b32e d3cf d3ef d3ef cbaf cbaf cbcf cc0f d42f d450 d44f d450 d44f d450 d44f d44f d44f d42f d42f d42f d42f d42f d42f d42f d42f d42f d44f d42f d42f d42f d42f cc2f d40f d42f cc0f cc2f d42f cc50 cc2f cc2f cc0f cc2e d42e cc2f 
a209 aa0a aa09 a9e9 aa0a a1e9 aa0a aa0a a1e9 aa09 aa09 aa09 b209 ba09 ba29 c229 c26a caca db2b e38b e3cb e40c ec2d ec8d ec8e ec8e ecae ecae ecae ecae ecae ecad ecae ec6d ec4d e40d e3ac db2b caaa b229 99c8 9168 8907 8927 9147 99a9 a1a9 a1c9 a1e9 aa09 aa09 a9e9 a9e9 aa09 a9e9 aa09 a9e9 a9e9 a9e9 aa09 a9e9 a9e9 a9e9 a9e9 aa09 aa08 b1e9 b1c8 a9c8 a9e9 a9e8 a1a8 9948 aa09 edb2 f653 fe32 fdcf f56f f5f2 f50d e46d ecad e42c e44d e40b db8c e42b e3cb e3cc ebeb db2b c2ac c28a c2cb c2ab c2cb c2ab c2ec c2ec c2cc cb4d c34e bacb aa4b b28c baec c2cd d36d d36e d34d d36d d36e cb0c cb2d d38e c32c baab baec c32d c30d cb2e cb6e cbce cbcf cb2d c2ec cb4e d38e d3ef d410 d3f0 d3d0 cb4e b28d 920d 9a6e b370 c3b1 c36f c34f bace b2ad aace a24d 9a4d 89cb 920c 91ec 9aaf bbf1 d472 dc72 dc71 d451 bbb1 9af1 92b0 9270 9290 a2cf aaef b2ee c38f d472 d431 d411 c431 bc53 ab71 a2af b34f c3d2 bb30 cbf1 bc55 9b31 9b51 92f0 694c 690a 9aae c432 cc32 c390 cb8f d491 dd53 e592 dd31 dc90 d4b0 d491 dd74 e5b4 e616 e616 e615 e5f5 e5b4 ddb4 e5d4 ddd5 ddd5 ddd5 ddb5 ddb5 ddd4 ddb5 ddd5 ddd6 ddd5 ddd6 ddf6 de16 ddf6 ddf6 de16 e616 de16 e5f6 e616 e617 e637 e636 e616 e616 e637 e616 e617 e616 e636 e657 e658 e677 ee77 e616 d4d1 d4b1 cc2f bb8d aa8a 9188 89a9 91c9 99c9 a22a aa8c bb4e d4d3 e5f6 ee97 eeb7 c490 60c7 4847 4867 5066 5067 58a7 58c7 5887 58a7 58a7 58a7 5887 58a7 60c7 60c7 60e8 58c8 58c8 58c9 690a 818b a2ae c38f cbef d3ef d3ef cbaf cbaf d3cf d42f d450 d450 d44f d44f d450 d450 d44f d44f d44f d42f d42f d42f d450 cc4f d430 d42f d42f d42f d44f d42f cc2f d42f d42f cc2f d42f d44f cc2f cc2f cc2f cc2f cc2f d40f cc0f cc2f cc2f cc0f 
aa0a aa0a aa09 a9e9 aa0a a209 a20a a9e9 aa09 aa09 b209 a9e9 b209 ba09 ba09 c229 ca6a d2ea db2b e38b e3cb e40d ec4d ec8e ecae ecae ecae ecae ecce ecae ecad ec8d ecae ec6d ec4d e40c e38c db2a caaa b229 a1a8 9147 8128 8948 9188 9988 99a8 99a8 a1e9 a9e9 a9e9 aa09 a9e9 a9e9 aa09 aa09 b1e9 a9e9 a9e9 b209 b1e9 b209 b1e9 aa09 b209 b1e8 b1e9 b1e8 b1e8 a9c8 a9a8 a188 9928 a9e9 ed91 f695 f611 f590 f5f1 f56f ed4f ed4d ec8c e48e ec2c db6b e42c e38b db8c e44c e36a db2a d2ca c28a c28b bacc c2ab c28b c2cb c2ec c30c cb4d baec aa6c b2cc baac c30d d36e d36d d36d d34d cb2d cb2c cb4d cb2d c30c bacc baac c2ec cb2d c32d cb2d cb4e cb8e d3ae c30d c30d cb8e d3cf d3af d3af d3ef cbd0 baef a24e aaef bb70 c36f cb90 c30e c30e bace b2ae aa6d a26d 9a6d 89ec 798c 712b 92d0 bc34 d493 dc93 dc72 d472 c3b2 ab32 a373 9b12 92f2 9312 92f2 9290 924e 9a8d b32e c36f cbb1 c3f1 bbf2 a330 9aaf 9aae 8a0d 89eb 8aae 79cc 820d 9aef 820e 5089 6129 b3d1 c432 c3f1 d472 dd74 e572 dc90 d470 d470 dcb2 dd54 dd94 e593 e5f4 e5f5 e5f5 e5d4 ddb4 ddb5 ddd5 ddd5 ddd5 ddd5 ddd5 ddd5 d5b4 ddb5 ddd5 ddd5 ddd5 ddf6 ddf6 ddf6 e5f6 de16 ddf6 e616 e616 e616 e616 e616 e637 e636 e616 e616 e617 e616 e617 e637 e637 e657 ee77 e656 e5f4 d512 cc4f c3cd b30b 99e9 8989 91c9 91e9 9a2a a1ea aa6b bb0d d431 e595 ee77 eeb6 ddf4 8209 4866 4867 5087 50c7 5887 58a7 58a7 58a7 58c7 5887 5887 5866 58c7 60c7 68e8 60e8 58c8 58a8 60c9 716b 922c b32f cbaf d3ef d3cf d3cf cbaf cbcf cbef d430 d450 d470 d450 d44f d42f d42f d44f d44f d44f d44f d44f d42f d42f d42f d44f d42f cc30 cc2f cc2f cc2f d42f d42f d42f cc0f d40e cc0f d42f cc2f cc0f cc2f cc2f cc2f cc0f cc0e cc2f cbee 
aa09 aa09 aa09 a9e9 aa0a aa09 a22a aa0a aa09 aa2a aa2a aa09 aa09 b229 ba29 c26a ca8a daea db2b e36b e3cc e3ed ec4c ec6d ec8e ecae ec8e ecce ecce ecae ecae ecae ecae ec8d ec4c ec0d e3ab db2a c28a b229 99a8 9148 8927 9148 9168 9968 99a8 a1c9 a1e9 a1c9 a9e9 a9e9 a9e9 a9e9 aa09 aa29 aa09 a9e8 b209 b22a a9e9 b209 b1e9 b1e9 b1e9 b209 b1e8 b1e8 a9e8 a9c8 a1a8 9988 9948 a9c9 e551 fe53 f5f1 fe32 fd8f f571 f5cf f50d ecee eced e3cc dc2c db6a d32a e42d e38a e40c e3cb caca c26a ba4a c2aa c2ab ba8b ba8b c2ec c32c bacc aa2b b28c bacd c2ed cb6d d36d d36d d32c d34c cb4d cb4d cb6d c2cc b2ac bb0c c30d c30c cb2d cb4d cb4d cb4d c34d c2ec c30d cb6e cb8e d36d d3af d3d0 d38f c34f b2ef b350 c3b0 cb8f cb6f c2ef aa8e a26d a24d 9a6d 89eb 81aa 796a 798b 798c 68ea 8a90 abf4 cc33 d472 d453 cc33 ab33 9b53 a373 ab73 a373 9b33 9312 8290 79ef 718d 79ee 822e 820d 81ed 8a0d 81cc 81cc 79ab 798c 58c9 58c9 610a 58c8 614a 694a 4868 50a9 92ad cc32 dd34 e594 dd11 d42f d450 d450 d4f3 dd95 e5d5 e5d5 e5b4 e5d5 e5f5 e5d5 ddb4 ddb4 ddd5 ddd5 ddd5 ddf5 ddd5 ddb5 ddd5 d5b5 ddb5 ddb5 ddd5 ddd5 ddd6 ddf6 ddf6 ddf6 ddf6 ddf6 e616 de16 ddf6 e616 e636 e637 e636 e616 e637 e617 e637 e617 e637 e637 e657 e635 dd72 d470 c3cd bb0b 9a09 91c8 8988 91a9 99e9 99c9 a20a aa0a b2ed cc31 dd34 e616 ee76 e656 ab6d 50a7 4867 4846 5066 58a7 58a7 58a7 58a7 58a7 58c7 5866 5866 5866 60a7 60c7 60c7 58a7 50a8 50a8 60e9 81ab a2ce c38f d3ef d3ef cbcf cbaf cbaf cbcf d430 d450 d470 d470 d450 d46f d470 d42f d450 d44f d42f d450 d430 d42f d42f d42f d42f cc2f d42f d42f d42f d42f cc2f d42f d42f cc0f cc2f cc0f cc2f cc2f cc2f cc0f cc2f cc2f cc2f cc2e d42e d40e 
a9e9 aa2a aa09 aa09 aa09 a209 a229 a229 a209 aa09 aa0a aa29 b229 ba29 ba2a c269 d2aa d2ea db4b e38b e3ec e40d ec4d ec8d ecae ecce ecad ecae eccf ecae ecae ecce ecae ec8e ec4c ebed e38b db2b caaa b229 a1c9 9148 8948 9128 9148 9988 9988 a1c9 a1e9 a1e9 a9e9 a9c9 aa09 a9e9 aa09 b209 aa09 b1c8 aa09 aa09 a9e9 a9e9 b1e9 b1e9 a9e9 b1e9 b1e8 b9e8 a9e8 a9c8 a9c8 a188 9949 a1a9 e510 f654 fe52 fdaf f5b0 fdd1 f54e f570 f54e ecac e46d db4a d30a d32a db2a dbad ec4b db2a ba8b b22a ba4a ba8b c2eb bacc c2cc c30c baab a22a aa6c baac c2cc cb4d d36d d36d d32c cb4d cb4d cb6d cb4d bacc baac c2cc c30d c32d cb0c cb2d cb4d cb2d bb0d c30d c2ed cb6e d3cf d38e cb4d d38e d3af c32f a24d b2ef cbb0 cbd0 c34f baee a24d 920d 9a4d 9a4d 922c 89aa 89cb 81ab 794a 712b 716d 82b1 a3d4 bbf3 cc12 c3f3 abd4 a394 a393 9ad1 8a2e 79ed 822f 79ee 614b 71ad 7a4f 8ad1 71ed 614b 698c 614b 692a 692a 60e9 690a 50a8 50a8 50a8 50a8 48a7 4887 4868 58ea 92ef d554 e5b4 d491 cc10 d430 d4d2 d534 dd94 e5f5 e615 e5f4 e5d4 e5f5 e5d5 ddb5 ddb5 ddb5 ddd5 ddd5 ddd5 ddd5 ddb5 ddb4 ddb5 d5b5 ddb5 ddd5 ddd5 ddd5 ddf5 ddf6 de16 de16 de16 ddf6 e5f6 ddf6 e5f5 e616 e637 e637 e616 e637 e637 e637 e637 e636 e636 e5f4 dd31 cc4e bbac aaec a229 99e9 91a8 91a8 91a8 99c8 99e9 99c9 aa4b b2ed c3f0 dd33 e5b4 ee56 ee96 c512 6927 5087 4867 5087 50a7 58a7 58c7 58a7 58a7 58a7 58a7 5887 58a7 6087 60c7 60e8 60a7 5887 5088 58a8 6929 924d b32e cbcf cbef cbcf cbaf cbaf cbaf cc10 d430 d450 d470 d450 d450 d44f d450 d44f d44f d44f d44f d44f d42f d42f d42f d42f d42f d42f d42f d42f d40f d40f cc2f cc2f cc2f cc2f cc2f cc2f cc2f cc0f cc2f cc2f cc2f cc2f cc2f cc2f d40f d40e 
aa0a aa09 aa09 aa2a aa29 aa29 aa09 a209 aa09 aa09 aa09 b209 ba29 c229 c229 ca49 d269 daea db6b e38b e3ec ec0c ec4d ecad ecae ecae ecad ecae ecce ecae ecae ecae ecae ec8e ec4d e3ec e3ac db2b caaa b249 9988 9168 8928 8948 9168 9988 9988 a1e9 a1e9 a1e9 a9e9 aa09 a20a a9e9 b209 aa09 a9e9 a9c8 aa2a b229 b1e9 a9e9 b1e9 b1e9 a9e9 b209 b1e8 b9e8 a9e8 a9e9 b1c8 a9a8 9968 a169 dc2c f695 fe10 f5d1 fdef f56f f5d2 fdcf f50e ecac e40a d38a d34a d289 cb0a e3eb db4a c2ab b24a b24a ba4a ba6b baab c2cc c2ec baab a20a aa2b baac bacc cb4e d36d cb4d cb2c cb2c cb2c d34d cb6d bacc baed c30d cb0c c32d bb0d cb2d cb4d cb4d c32d baec bacc cb6e cb6e d38e d36e cb6e cb4f bace aa8d aaef bb70 cb6f cb6f b30f 9a4e 9a2d a28e aaae a24d 91ec 9a4d a28e a28f 920f 820f 8210 8b13 9b12 a2f0 ab51 a373 a3b4 9b32 8a6f 81ee 696c 614b 610a 612b 696d 8270 8b12 7a6f 612b 610b 71ce 694b 58c9 58a8 50a8 50a8 5067 5088 50a9 4888 48a8 48a9 592a 8b10 bcf4 dd32 d470 cbf0 cc52 d534 ddb6 ddf6 e5f5 e5f5 e5d5 e5d4 e5b4 e5f5 ddd5 ddb4 ddb5 ddd5 ddd5 e5d5 ddd5 ddd5 ddd5 ddb4 d5b5 d5b5 ddd5 ddd5 ddd5 ddf6 ddf5 ddf6 e5f6 e5f6 e616 ddf6 ddf6 ddd5 e5d5 e636 e637 e636 e617 e637 e637 e637 e636 ddd4 d511 cbcc b2cb a249 9a09 91e9 9a09 99e9 99a8 99c8 99a8 a1e9 a20a a22b b30d cc11 dcf2 e594 edf5 ee76 de15 928a 5929 50c8 5067 5087 58a8 58a7 60c8 60c8 58c8 58a7 58c8 5087 60a7 60a7 60c8 60c7 58a7 50a8 4867 58a8 796a a2ce c38e cbf0 cbcf cbcf cbae cb8e cbcf d410 d450 d470 d470 d470 d450 d470 d450 d44f d44f d44f d450 d44f d44f d450 d42f cc50 cc30 cc2f cc50 d40f cc0f cc0f cc0f cc2f cc2f cc2f cc2f cc2f cc2f cc2f cc0f cc0f cc2f cc2f cc2f cc2f d42e d40e 
a9ea aa09 aa29 aa2a aa2a aa29 aa09 aa09 aa2a a9e9 aa09 b209 b209 ba49 c249 c249 ca8a daca db6b e38b e3cb ec2c ec6d ec8d ec8e ecae ecad ecae ecae ecae ecae ecae ecce ec6e ec2d e40d e3ad db2b caaa b229 9988 9148 8907 8948 9188 9988 99a9 a1c9 a1ea a1e9 a1e9 aa0a aa0a a9e9 a9e9 a9c9 aa09 b1e9 b209 b209 b1e9 b209 b1e9 b209 a9e9 b209 b209 b209 aa09 a9e8 a9c8 a1a8 9988 9969 cb6a f653 fe32 fe31 fd8f f5f2 fe10 f58f f590 ec8c e3ec db6a d2c9 c289 d32a d30a cb0b baab baab b28b ba8b ba6b ba8b c2eb baec aa29 aa6b b28c ba8b c30d d34d d32d cb4d cb2d cb2d cb2d cb2d c2ec b28b c30c cb2d cb0d cb2d c34e c30d cb2d cb4d c30d c2ec c32d d36e d38e d36e d34e d36e c32e aa4d a28e bb2e cb8f cb6f bb0f 9aaf 9a6e b2ef bb2f b2ad aa4e a28f b351 b331 a2f1 8a4f 796c 798c 822f 8250 81ee 8a8f 9b72 92f0 81ee 71ad 7a0e 694b 612b 60eb 71ad 8af2 828f 698b 614b 614c 612b 71ad 698c 50a9 5088 4868 4867 4847 50a9 510b 4068 596c 82b1 a3b0 cd13 dd11 cbef bbd0 cc32 dd75 e5f5 e616 e616 e615 e5f4 e5d5 ddd5 ddb4 ddd4 ddb4 ddb5 ddb4 ddb4 ddb4 ddd4 ddd5 ddd5 ddb4 ddb4 ddb4 ddb5 ddd5 ddd5 ddd5 ddf6 ddf6 ddf6 ddf6 e5f6 e5f6 ddf5 ddf6 ddb4 e5f5 e657 e636 e616 e637 e657 e636 ddb3 cc6e b32b a269 99e9 91c9 91c9 91c9 9a0a 91e9 99e9 99c9 99c9 99e9 aa4b b2ad b34e cc31 dd33 e573 e5d4 ee14 e5f4 ab6d 60c7 5088 50a8 5067 5887 58a7 60c7 60a7 60a7 58c8 58c8 58c8 5087 5887 60c7 68c8 58a7 5087 50a8 4868 60e9 89cb b32e cbaf d3cf cbcf cbaf cbaf cbcf d3ef d450 d470 d470 d450 d450 d470 d44f d44f d450 d450 d44f d44f d450 d450 d42f d44f d450 d450 cc50 cc50 cc2f cc0f cc0f cc0f cc0f cc0f cc2f d42f cc2f cc2f cc2f cc2f cc2f cc0f cc0e cc0f cc0f cc2e d40f 
a9e9 aa09 aa09 aa2a aa4a aa4a aa09 a9e9 a9e9 a9e9 aa09 b229 b22a ba29 c229 ca49 d289 d2ca db2a db8b e3cb e42d ec6d ecad ecae ecae ecae ecae ecae ecae ecae ecae ecae ec8e ec2d e40d e3ac db4b caca aa29 99a8 9168 8948 9168 9188 9988 99a9 a1c9 a209 a20a a9e9 a9e9 aa09 aa09 a9e8 a9e8 a9e9 aa09 aa09 b209 b1e9 a9e9 aa09 b209 b1e8 b209 b1e9 b1e9 b1e9 a9c8 a9c8 a9a8 9968 9949 ba49 edf2 fe73 fdf0 f612 fe10 fd8f fdf0 f58e ecce ec6c d2ea ca8a c249 c26a c32c cb4b c30c c28a c28b baac b26b baac bacb b28b aa4b ba8b baac c2ec cb6e d34d d32d d32d d32c cb4d cb4c bb0d b26b c2cc c2ec cb0d cb2d cb4d cb4e c32d c30d c2ed c2ec c32d d36e d36e cb4d cb4d d36e c32e aa4d a2ae b32f c30e c32f c2ee aacf 9a6e aacf bb0f b2ae aa6e a24f a2b0 ab10 926e 8a2e 716c 714b 79ac 79ac 798d 79ad 8ab1 92b1 8250 8250 79cd 71ad 692c 71ae 7a0f 8290 720c 696c 71ad 71ad 698c 616b 69cd 694b 590a 50c8 5087 4867 4067 4047 4067 48a9 826e bcb2 d533 d48f cbce c3cf c473 d534 ddd5 e5f5 e615 e615 e5d5 e5d5 e5d5 ddd5 ddb4 ddb4 ddd5 ddb5 ddb4 ddb5 ddd5 ddf5 ddd5 ddb5 ddd5 ddd5 ddb5 ddb5 ddd5 ddb5 ddd5 ddf6 ddf6 ddd5 ddf6 ddf6 ddf6 e616 e616 e5f6 e616 e657 e636 e656 e635 dd92 c3ed aaca 9a29 91c9 91c9 91c9 91a9 91c9 99e9 9a09 99e9 99e9 a209 a20a a26b b32e c3cf d451 e4f2 edb3 edd3 e5d3 c40d 8a49 60c7 5066 5067 5067 5887 60a7 60c8 60a7 60a7 60a7 58c7 58c7 58c8 58c8 60c7 60c7 68e8 60a7 5087 4867 5088 712a 9a8d bb6f cbef cbef cbcf cbaf cbaf cbef d430 d470 d470 d470 d46f d470 d450 d44f d470 d470 d470 d450 d44f d470 d44f cc4f cc50 d450 d42f cc2f cc30 cc2f cc30 cc2f cc2f cc2f cc2f cc2f d42f cc2f cc2f cc2f cc2f cc0f cc2f cc2f cc0e cbef cc0e d40f 
aa0a aa09 aa2a aa2a aa09 aa29 aa09 aa09 a9e9 a9e9 a9e9 b229 ba2a ba29 c229 ca49 d2a9 daea db2a e38c e3ec e42d ec6d ecad ecae ecae ec8e ecae ec8e ecae ecae ecae ecae ec6e ec6d ec0c e3ab db2b c2aa aa29 a188 9148 8928 8968 9168 9988 a1c8 a9c9 a1e9 a20a a9c9 a9e9 a9e9 aa09 aa09 aa09 a9e9 a9e9 aa09 b209 aa2a a9e9 b209 b209 b1e9 b209 b1e8 b1e9 a9e8 a9e9 a9c8 a9a8 9968 9948 a9e9 edd1 fe33 fe33 fe31 f5b0 fdf1 fdaf f571 f4ed e40b d36b caaa c209 cb0c d3ee d32d d3ad c30d c28b c30c bacc b28b aa2a aa0a b28c ba8c c2ec cb2c d34d d36d cb4d cb4d c32d c34e baac b2ac c2ec c2ec caec cb2d cb2d cb4e cb2d c34e c32d baac c2ec cb2d cb4d d36e cb4e cb2d cb2e b2ad aa8e bb2f c34f c32f c30e b2ae 9a4e a2af b331 b2f1 a2f1 a2f0 922e 81cc 718a 692a 692b 610a 60c9 60e9 710b 712c 79ce 8a70 8270 8b34 8a91 8a51 8a51 8a70 9333 8ab1 79ad 826f 824f 696b 60ea 58a9 590a 7a4f 698c 50a8 50a8 48a8 4868 3847 3847 50e9 7a6e b472 dd72 d42e bb0d bb8f ccd3 dd95 dd53 e593 e594 e5d4 ddb5 ddd5 ddd5 ddd5 ddb5 ddb4 ddb5 ddb4 ddb4 dd94 ddb5 ddb4 ddb4 ddd4 ddd5 ddd5 ddb4 ddb5 ddb4 ddb5 ddb5 ddd5 ddd5 ddd5 ddd6 ddf6 e616 e636 e616 e616 e616 e637 e657 e636 e615 ccaf aaea 91e9 91e9 99ea 91c9 99e9 99c9 99a8 91a9 99e9 a20a a20a a22b aa6c aacd bb4e cc30 dcb1 e533 edb4 edf3 e5d3 ab6b 68e6 50a7 5067 5067 5887 5087 58a8 60c7 60a7 58a7 6087 5867 58a7 5887 58c7 60c8 60c7 68e7 60e7 58c8 5088 5088 58a9 81cb b30e c38f d3ef cbce cbaf c38f cbaf cc0f d42f d470 d490 d470 d46f d46f d450 d44f d450 d470 d450 d450 d450 d450 d450 cc4f d450 d450 d430 cc50 cc30 cc50 cc30 d430 d42f cc2f cc2f cc0f cc0f d42f cc0f cc2f cc2f cc2f cc0f cc0f cc2f cc30 cc0f cc0f 
b22a aa2a aa2a aa2a b22a aa2a aa09 aa09 a9e9 a9e9 a9e9 b209 ba29 ba29 c229 c269 d289 db0a db2b e38b e3cc e40c ec6d ec8e ecae ecae ecad ecae ecce ecce ecae ecad ec8e ec6e ec4d ec0c e3ab db2b caca b209 a1a8 9148 8948 9168 9168 9968 a1a8 a9c8 a9e9 a1e9 a9c9 a9e9 aa09 aa09 a9e9 aa09 a9e9 aa09 b209 b209 a9e9 a9e8 a9e9 b209 b1e9 b1e8 b1e9 a9e8 a9e8 a9c8 a9c8 a1c8 9988 9948 a188 dcad f675 fe10 fdd0 f632 fdaf f5d0 f611 ec8d e40c db4b caab c28b d38d dc0e d38e d32b d3ad c2ab c2ec baab aa6b aa0b b26b ba8c c2ec cb0c d34d cb0d d36d cb4d cb4d c32e bacc b2cc c2ed c2cc c30c cb0d cb0d c32d c34e c30d c2ec c2cc cb0c cb4d d34d d36e d34d d32e c2cd b26d a26d b2ee c32e c34e c30e c2ef aa6f 9a4f a2f1 9ad0 926f 8a4e 820d 716b 692a 692a 60c9 60e9 60e9 60ea 68ca 68ea 79ae 8a71 8250 8b53 8af1 822f 8a50 79ad 8a70 8ab0 79cd 92d1 9332 718b 610a 696d 610b 592a 7ab0 69cd 4868 4047 4047 4868 48a9 592b 8b0f c4f3 d4f1 cbcd b2cc bb2e d4d2 ddb5 e5d4 dd93 dd73 dd53 dd73 dd93 ddb5 ddd5 ddd5 ddb4 ddb4 ddb4 ddb4 ddb4 dd93 dd94 ddb5 ddb4 ddd5 ddb4 ddb4 ddb4 ddb4 d5d5 d5d5 ddd5 ddd6 ddd5 ddd5 ddd6 ddf6 ddf5 e5f6 e5f6 e5f5 e616 e636 e5f5 dd93 c44f a2ac 9a0a 99e9 99ea a209 99e9 99e9 99c9 99a9 99c9 a1ea a24b b2ac b32e c38f cbcf dc50 e4d1 e553 edb4 edf4 e614 bc0f 60c7 5067 5087 5887 5887 5887 5887 60a8 60c8 60c7 60a7 5867 5887 58a7 5887 5887 60a7 60c7 68e8 60e8 58c9 50a9 50c9 692a 9a4d bb6e cbcf d3cf cbef cbaf c3af cbef d450 d470 d490 d470 d470 d470 d46f d470 d450 d450 d44f d450 d450 d470 d450 d450 d450 d44f d450 d42f d450 cc30 d450 cc2f cc30 cc30 cc2f cc2f cc2f cc2f cc2f cc2e cc2f cc2f cc2f cc2f cc0f cc2f cc30 cc0f cc0f 
b24a aa4a aa2a b229 b229 aa2a aa09 a9e9 a9e9 a9e9 a9e9 b1e9 b229 ba29 c229 c229 ca89 d2ea db2a e38b e3cc e40d e44d ec8e ecad ecae ecad ec8e ecae ecce ecae ecad ecae ec6e ec4d e40c e3ac db2b caca b209 a1a8 9188 8968 8948 9148 9988 99c9 a1c9 a9c8 a1c9 a9e9 a9e9 a9e9 a9e8 a9e9 a9e9 aa09 a9e9 a9e9 aa2a aa09 a9c8 a9e9 b1e8 b209 b209 b1e8 a9e9 a9e8 a9c8 a9e9 a9e8 a208 9988 9969 cbcc f674 fdb0 fe11 fdef f5b0 fe10 f5af ecee e3eb d30b d2ea db4c d38c d36d d3ee cb0d d36c cb4d c2cc b22a aa0a b26b b26c c2ab cb0d cb2c d34c cb4e cb2d cb2c cb4e baad b28c baed c2ed c2cc caec cb4d cb2d c32d c32e c30d c2cc c2ec d36e d36e d32d d34d d34e cb0e b26d 9a2d b30f bb0e c32e cb4f cb0e baef 9a4f 8a4e 8a4e 718c 714b 716c 79ad 796c 798d 712b 68e9 60c9 610a 60ea 68ea 798c 8a91 8a90 8ad1 9311 79ee 79ce 692b 68ea 820e 81ee 8250 8ad0 820e 716d 720f 71ef 58eb 5088 7af1 618c 4067 4047 3847 40a8 69ad 9b70 cd32 dcf0 c36d b2cd b32e ccb2 dd93 e5d4 e5b3 dd72 dd32 dd53 d553 d574 ddb5 ddb5 ddb5 ddb4 dd94 ddb4 ddb4 dd73 d553 d594 ddb4 ddb4 ddb5 ddb5 dd94 dd94 ddd5 ddd5 ddb5 ddd5 ddd6 ddd6 ddd5 ddd6 ddf6 ddf6 ddf6 ddd5 ddf5 ddf5 d532 b3ce b3b0 a36f a30e 9a0a 99ea a209 a1e9 99c9 91c9 99c9 99ea a22a aaac bb4e c3ae d40f dc4f dc4f e4d0 e511 ed72 e5b3 e615 ccf0 7968 5087 5888 58a7 58a7 58a7 5888 60a7 60c8 60a7 60c7 60a7 5887 5887 5087 5887 60c8 60e8 6908 6928 6149 58e9 50c9 58e9 79ab aace c38f cbcf d3cf cbcf c3ae cbaf d42f d470 d490 d490 d490 d490 d470 d46f d470 d450 d470 d470 d450 d44f d470 cc50 cc50 d450 d450 cc4f cc30 cc50 cc50 cc50 cc2f cc30 cc4f d42f cc2f cc4f d42f cc2f cc2e cc2f cc30 cc2f cc2f cc2f cc0f cc30 cc2f cc0f 
b24b b24a b22a b24b b209 aa2a a9e9 a9e9 aa09 a9e9 b209 b1e9 b209 ba09 ba2a c249 ca8a d2ca db2a db8b e3cc e40d e46e ec6e ec8e ecce ecae ecae ecae ecae ecad ecae ec8d ec8d ec4d e40c e3ab db2a caaa b229 a1a8 9168 8928 8928 9168 9188 99e9 a1a9 a1e9 a9e9 a9e9 a9e9 aa09 a9e8 aa09 a9e9 aa09 b1e9 b22a aa09 aa09 a9e9 a9e9 aa09 aa29 a9e9 a9c9 b1e8 aa09 aa09 aa09 a9e9 a1c8 9968 9928 b2a9 f5f2 fe74 fdef f5b1 fdf0 f56f f5d1 eced e40c e3eb db0a d30b cb2d d3ae db8c d3ee d36d cb4c bacc a20a aa4b b28c ba6b caec d34d cb0c cb2d cb2d cb4d c30c c30c b28b baed c2ed c2ed c2ec c2ec cb2d cb4e c32d baed c2cc c2cc cb6e d3af d34d cb2d cb2d cb0d c2ee aa2d 9a2d c36f c34f cb2e c2ce b28e 9a0d 81ad 716c 694b 692b 798d 820f 81ee 718c 716b 60e9 60a8 60a8 60a9 6089 712b 8a70 9b33 8a6f 9312 824f 718c 60a9 58a9 60c9 71ad 8271 79ee 718c 79ce 7a50 71cd 612a 4868 50a8 7ab0 590a 4067 3847 4067 616a a3b0 d4f2 dc8f c38d b2cd bbb0 d4f3 dd52 e5b3 e5b3 dd72 dd32 d532 d533 d553 d594 ddb5 dd94 dd94 dd94 ddb4 ddb3 dd74 dd73 dd94 dd94 dd94 dd94 ddb5 dd94 dd94 ddb5 ddb5 ddb5 ddd5 ddd5 ddd6 ddd5 ddd6 ddf6 e5f5 e5f6 e616 ddf5 d532 bc0f 9aad 8a2c a350 abb0 ab4f aaac a22a a209 a1ea 99ea 9a2b aa8c b30e bb4d cbef d42f dc2f e46f e48f e4b0 e4f1 ed31 edb3 e5f4 c48f 7988 5067 5067 5887 58a7 58a7 5887 60c8 60e8 60c8 60c8 60c8 58a7 5867 5887 5887 5886 6086 60c8 68e8 60c8 6109 596b 58e9 694a 924c bb4f cbcf d3ef cbef c3cf cbaf cbcf d44f d470 d490 d470 d490 d470 d470 d470 d470 d450 d450 d450 d470 d44f d450 cc6f d46f d44f d470 cc50 cc70 cc50 cc50 cc50 cc2f cc30 cc30 d42f d42f cc2f cc2f cc2f cc2f cc2f cc30 cc2f d42f cc2f cc0f cc0f cc0f cbef 
b24a b22a b22a b24a b22a aa2a aa09 aa0a b22a b209 b209 b209 b209 ba09 ba29 c249 ca89 d2ca db4b db8b e3cc e40c e44d ec6d ec8e ecad ec8e ecae ec8d ec8d ec8e ec8e ecad ec6d ec4d ec0c e3cb db4b caca b24a 99c9 9188 8948 8948 9188 9988 99a8 a1a8 a1c9 a1e9 a1e9 a1c9 a9e9 a9e9 a9e9 b209 a9c9 a9e9 aa09 a9e9 aa09 a9e9 aa09 a9e9 aa09 b229 b1e8 b1e8 b1e9 a9e9 b209 a9e8 a1c8 a188 9948 a1a9 e52f fe74 fe11 fdf1 f56f f5b1 f5af ed2f eced e3cb d34c c2aa cb4c dbee d34c dbcc d3ee baac b22a aa0a baac baac c2ed cb4d d32c d32d cb2c cb2d cb4d b28c aa8c bacd c2ec c30d c2cc caec c2ec cb2d cb2d c30d bacc c28c cb0d d34e d34d d34d cb4d cb4d cb2d c32e aa6d a24d c34f cb4e bace a24d 89cd 798c 690a 60ca 716c 8a2f 824f 71ac 694a 60e9 58e9 60c9 5888 60c9 60a9 60a9 8a0f 9b53 9af1 92f1 8aaf 718b 5888 5868 5889 60ea 82d1 8270 692b 71ad 82b0 7a0e 58c9 4888 4068 50e9 7ab1 618e 4889 4088 69cc abaf d511 d42f c34d bb2e c3f0 d555 ddb4 e592 e5b3 dd73 dd32 d533 d533 dd54 dd74 dd94 dd94 dd94 dd74 dd94 dd94 dd93 dd73 dd93 dd93 dd73 d594 dd94 ddb5 ddb4 dd94 ddb4 d5b5 ddd5 ddd5 ddd5 ddd5 ddf5 ddf6 ddf6 ddf5 e5f5 d593 bc6f 928b 8a2c 928e 926d a330 abd1 b390 b32e aaad aa8b b2cc baec c36e cbef dc2f dc6e e48f e46e e46f e46e e48f e4d0 e511 ed93 e614 c44f 7167 5087 5067 5867 5887 58a7 5887 60c8 60c7 60e8 60a7 60c7 60e8 5887 58a8 5887 5067 5887 60a7 68e8 6929 6129 58e9 58e9 60c9 79ab a2ce c38f d3cf cbcf cbcf cbae cbaf d40f d46f d490 d490 d490 d490 d470 d490 d48f d470 d490 d470 d470 d470 d470 d470 d470 d44f d450 cc70 cc50 cc30 d450 cc50 cc30 cc30 cc30 cc30 d42f cc4f cc2f cc2f cc2f cc2f cc2f cc2f cc2f cc30 cc2f cc0f cc2f cc0f cc0f 
b26b b24a b20a b22a aa2a aa2a b22a b22a b22a a9e9 b209 aa09 b1e9 ba09 ba09 c249 ca89 d2ea db4b db8b e3cc e40c e44d ec6d ec8e ec8d ec8e ecae ecae ecae ecae ecae ec8d ec6d ec4e ec0c e3ac db4b caaa b229 99c9 9168 8928 8948 9168 9189 9988 a1a8 a1c9 a1c9 a1e9 a9e9 a9e9 aa09 a9e9 a9e9 a9e9 b209 aa09 a9e9 a9e9 aa09 aa09 a9e9 a9e9 aa09 b1e8 b1e9 b209 b209 b209 aa09 a1e9 a1a8 9968 9969 d3cb f674 fe32 f58f f5f1 f58e f570 f5cf ec8d e46d dc2d c34d cb0b dbac d3ae d2ea d38d bacb aa6b b24b ba8b cacc d34d cb6d cb2d d34d cb2c cb2d c2cc b26b b2ac c2ec c2cc cb0d c30d cb0d c2cc c2cc c32d c2cc bacd c30e d36e cb4e cb0d d32c d34d d34e d36f cb6f aa8e a20c c34f bacd 920c 79ac 692b 60ea 68eb 79ce 8a90 79ed 6929 58a8 5888 58a9 58e9 60c9 5888 60c9 5889 692b 92d1 9af1 9ad0 8a4d 718b 60a8 60c9 5869 60ea 82b1 8af1 716c 718d 7a0f 7a2e 610a 4867 4888 4868 618c 7ab0 7251 50ea 7a2c b430 d4d1 d40d bb0c bb2e cc51 dd54 e5f5 e5d4 e5b3 dd73 d554 d553 d533 d533 d554 dd74 dd74 dd53 dd53 dd74 d573 d574 dd93 dd53 dd53 dd73 dd94 dd74 dd94 ddb5 ddb4 ddb4 ddb4 ddb5 ddb5 ddd5 ddd6 ddd5 ddd5 e616 ddf5 d593 c46f 9aeb 8a4c 79ab 820c 92ae 928e 9b0f abb1 b3d1 c3b0 cbf0 cbce d3ee dc0e e44f e44e e46e e48e e46f e4af e4b0 e46f e4b0 ed11 ed92 ee14 ccaf 7168 5066 5067 5087 5867 60a7 58a7 60e8 6908 6108 60e8 60c8 60c7 60a7 5887 58c8 58a7 58a7 5887 60a6 68e7 60a7 58a7 58a8 58c9 60e9 922c b32e cbaf cbcf cbce cbcf cb8e cbaf d42f d470 d490 d470 d470 d490 d490 d490 d4b0 d490 d490 d470 d46f d470 d470 d450 d470 d450 d450 d450 cc4f d450 d450 cc4f cc30 d42f cc2f cc2f cc2f cc2f cc0f cc30 cc2f cc2f cc4f cc2f cc2f cc0f cc2f cc0f cc0f cc0f cc0f 
b26b b24a b20a b24a aa2a aa4a aa0a b22a b20a a9e9 aa09 b209 b209 ba09 ba09 c249 ca69 d2ca db0b db8c e3cc e3ec e46d ec6e ec8e ecae ecae ec8d ecae ecad ec8e ec8d ecae ec8e ec4d e40c e3ab db4b caca b249 99c8 9168 8928 8948 9168 9988 9989 a1c9 a1e9 a9e9 a1e9 a9e9 a9e9 a9e9 b209 aa09 aa09 b209 aa09 aa09 aa09 a9e9 aa09 a9e9 a9e9 a9c9 a9e9 a9c8 b1e9 b209 b209 aa09 aa09 a1a8 9968 9949 baa9 f654 fe12 f611 fdaf f570 f5f1 f56e ed6f ed0f e40d dc6e cb8d d36b dc4e cb0b c2cb b24a b26a baac c28b cb0d d34d d32d d34d cb0d c30c ba8b aa0a b26c c2cc c2ec c2ed c30c c30d cb0d c30c bacd baac baac aaad b30e bb2e b2ed bacd caed cb2e d34e d38f cb6f b2ae 9a0c b2ee 920c 714a 690a 60ea 694b 820e 822e 694a 60e9 58a8 50a8 58a8 60c9 60c9 5867 5888 58a9 58a9 79ce 9b32 8a2e 922d 81ac 60c8 58a9 60ca 690b 8270 9373 820e 694c 79ee 79ee 6109 4867 5089 5089 4888 6a2f 71ed 698c 8a6e bc30 dcf1 cbad c30c bb2e cc52 dd54 e5d4 e5d5 e5b3 dd72 dd73 d553 d533 d534 d554 d573 dd93 d553 d573 d553 d533 d553 d573 dd53 d553 dd73 dd74 dd74 dd94 dd94 dd94 ddb4 dd94 ddb4 ddb5 ddd5 ddd5 ddf6 ddf6 e5f5 ddd4 c4cf a2eb 6948 6949 8a8d 8a6d 8a0c 926d 928d 926d ab71 b3b1 cc10 dc50 e44e e44e e44e e46e e46e e46e e46e e46f e48f e4b0 e4b0 ed31 edb3 ee14 d511 81e9 5087 5067 5066 5867 5887 60a7 60c8 60e7 60e8 60e8 60c7 60a7 60c7 60a7 5887 60a7 58a7 60c7 60a7 60a7 60e7 58a7 5067 50a8 58a8 716a a2ae c38f cbcf cbce cbcf c3cf cbae cbef d46f d490 d490 d470 d470 d490 d490 d4b0 d490 d490 d470 d470 d470 d46f d470 d470 d470 cc50 d450 d450 cc50 d450 d450 cc50 cc50 d450 cc30 cc2f cc4f cc4f cc2f cc2f cc2f cc2f cc2f cc2f cc2f cc2f cc2f cc2f cc0f cc0f cc0f 
b24a b24a b24a aa4a aa2a b229 b22a b22a aa2a aa09 aa09 b209 b229 ba09 ba29 ba49 ca69 d2ca db0b e38b e3cc ec0c ec6c ec6d ecae ecad ecae ec8d ecae ecae ecae ecae ecae ec8d ec4d ec0c e3ab db4b caca b24a 99c8 9168 8907 8948 9168 99a9 99a9 a1c9 a1c9 a1e9 a1e9 a9e9 a9c9 a9e9 a9e9 aa09 aa09 aa09 aa29 aa09 aa09 aa09 a9e9 aa09 aa09 aa09 a9e9 a9e9 b209 b209 b209 b209 aa09 a1c8 a188 9969 b229 edd1 f675 fdcf f5b1 fe12 f56e f5b1 fdd0 eccd dc6f e44d dc8f db8c e42d d3ad b209 aa29 b28c c2ec c30d cb4e d34d cb2d d34c cb4d baac aa0a aa4b baac c2cb c2cc c30d c2ec c2cd c2ed c30d baed baac baac c34e bb4e b2ed 9a6d 9a0c 99eb b26c cb0e d36e cb4e b28d 89cb 89ec 692a 618b 694b 694b 81ed 79cc 690a 6109 58ea 5888 58a8 610a 692a 5888 5047 5889 60ca 692c 92f1 92f1 712a 798b 6909 5888 5889 692b 82b1 9332 8a70 822f 822f 82b1 590a 4847 50ea 69af 4048 4087 7ab1 7a0d 92ef c450 d48e cbad baec bb6e cc92 dd33 e593 e5f4 e5d4 dd73 dd53 d533 d513 d533 d554 d554 d573 d554 d553 d553 d533 d532 d533 d533 d533 d553 d573 d554 dd74 dd94 ddb4 ddb4 ddb4 dd94 ddb4 ddd5 ddd5 ddf5 ddd4 ddd3 d551 a32b 79a8 81eb 60e9 6949 930f 9b30 928e 928d 9acf 924d a370 b3f1 cc10 dc70 e44f e46e e46f e46e e48e e46e e48e e46f ecb0 ecf1 ed52 edd2 ee34 d511 81e8 5087 5067 5067 5046 5886 58a7 60c7 60c7 60c7 60c7 6108 60c7 60e8 60e8 60a7 5887 5887 5887 5887 60a7 68c8 60e8 58e8 5088 58e9 60c9 81eb b30e cbcf d3cf cbcf cbaf cbaf cbcf d42f d470 d490 d490 d48f d48f d490 d470 d4b0 d490 d490 d470 d46f d470 d470 d470 d470 d450 cc4f cc50 d44f cc50 d450 d450 cc50 cc4f d450 cc30 cc4f cc4f cc2f cc30 cc4f cc50 cc30 cc2f cc2f cc2f cc0f cc2f cc0f cc0f cc0f cc0f 
b24a b24a b24a b22a b22a b22a b22a b22a aa09 aa29 b209 b209 b229 b1e8 ba09 ba29 ca8a d2ea db2b e36b e3cc e40d e44d ec6d ecae ecae ecae ecae ecae ecae ecae ecad ec8e ec8d ec2d ec0c e3ab db4b caca b24a a1c9 9168 8928 8948 9168 99a9 a1a9 a1e9 a1c9 a1e9 a1c9 a9e9 aa09 a9e9 a9e9 a9e9 a9e9 a9e9 aa09 a9e9 a9e9 a9e9 a9c8 a9e9 aa09 aa09 a9e9 b208 b208 b209 b209 b209 aa09 a1e8 a1a8 9968 a1a9 dc4b f654 f613 fe31 fdaf f5b1 fdf0 f50e e42e e4cf e4b0 e4ae dc0e db6a d38c aa29 aa2a c2ec caec caec cb2d d34d cb4d cb0c c2ec b26b b2ac bacd c2cc c2ec caec c30d bacd b2cc baed c30d bacc baab cb0d d36d d34d d34e c32e b2ce a26d 89cc 99ec b24c bacd aa8d 81ab 692a 610a 694b 71cc 79ad 716b 694b 610a 610a 60ca 60a9 690a 716b 60c8 5046 5047 5869 690b 822f 8a8f 79ad 60c9 68e9 60c9 60a9 60ea 7a2f 8ab1 79cd 820f 9312 8ad1 698c 4869 50a9 72b1 69ce 3827 40a9 8b74 ab91 c4b2 d42e c34c bacc bb4e d4b2 ddb5 dd74 e5b4 e5d5 ddb5 d574 d533 d513 d513 d533 d553 d554 d553 dd53 d553 d553 d532 d532 d553 d533 d512 d533 d553 d594 d594 dd94 dd93 dd94 dd94 dd94 ddb5 ddd5 ddd5 ddd3 ddb3 c4af 8208 58a7 7149 8a6c 81ed 712a 928d abd1 9b2f 928d 9aef 9aae 9aef b3b1 cc32 dc50 dc30 e44f e48f e48f ec8e ec8f ecaf ecd0 ed11 ed52 edb2 ee13 d551 8a09 5066 5087 5067 5887 5887 5887 58a7 60a7 60c7 60e7 60c7 60e8 60c7 60c7 60c7 60a7 5886 5887 58a7 58a7 60a7 60c8 58a8 58c8 58c8 60c9 7129 9a6c bb4e cbaf cbcf cbaf cb8e cbaf d3ef d450 d490 d46f d490 d48f d490 d490 d46f d4b0 d4b0 d490 d46f d490 d46f d470 d490 d470 d46f d46f d470 cc50 d470 d450 d450 d450 cc30 cc30 cc2f cc4f cc4f cc4f cc2f cc2f cc2f cc30 cc30 cc2f cc2f cc2f cc2f cc2f cc2f cc0f cc0f 
b22a b22a b22a b22a b24a aa2a aa2a b229 aa09 aa09 b209 b209 aa09 b209 b208 ba09 ca49 d2aa db0a e36b e3ab ec0c ec4d ec8d ecad ecae ec8e ecae ecae ec8d ec8e ec8e ecae ec8e ec4d e40d e3ac db6b d2eb b249 a1a9 9148 8128 8928 9168 9989 99c9 a1c9 a1c8 a1c9 a1e9 a9e9 a9e9 a9c9 a9c9 a9c9 a9e9 aa09 b229 aa09 a9c9 a9e9 a9c8 a9e8 a9e9 a9e9 a9e8 b209 b229 ba29 ba29 b229 b208 aa09 a9e8 99c9 99a9 b269 e570 f695 fe11 f612 fe31 f56f eccf e44e e4af ed30 e46e e46d c30b b229 a9e9 ba8b cb0c c30d c2cc cacb cb2d cb2d c2ac b24b b26b baed c30d c2ec cb0c c2cc c2cc baac baac c2cd c2cc bacc c2ed d34d d36d d34d d34d c32e b28d aa2c 9a2c 922d 89ab 818b 81cb 718c 696c 694b 714c 79ad 79ce 718c 694b 610a 60ea 58a9 714b 820e 692a 5067 5047 5067 60ca 716c 79ec 826f 692a 58a8 60c9 60e9 60ca 71ad 8a90 798c 79ad 8ab1 826f 71cd 50a9 58ca 7270 8333 50ca 3848 618d a435 ccb3 cc2e b2ec b2cc bb4e ccb2 dd94 e5f4 e5d4 e5b4 e5b4 ddb4 d594 d553 d533 d533 d553 d553 d553 d533 d553 d553 d532 d512 d512 d533 d532 cd13 d512 d553 d594 dd94 d594 ddb5 ddb5 dd94 dd94 ddb4 ddd4 ddb3 d551 bc0d 8a09 60c7 5867 7129 926d 9aae 81ab 81cb ab6f abb2 9ace 9b0e a330 9ace ab90 bc12 cbf0 dbef e46f e48f ec8f ecae ecaf ecf0 ecf0 f551 edd3 edb1 c40c 8208 58a6 5066 5087 5067 5887 5887 58a7 60c7 60c7 60a7 60c7 60e8 60c8 60c8 60e8 60c7 58a7 5887 5887 58a7 5887 60c7 60c7 58a8 58c8 58c8 60e8 81ab a2ad bb6f cbaf cbaf cbaf c38e cbcf d42f d470 dc90 d4b0 d490 d48f d4b0 d490 d48f d490 d490 d490 d490 d490 d470 d46f d470 d46f d470 d470 d450 cc70 cc4f d450 d450 d450 cc50 cc30 cc50 d450 cc4f cc4f cc2f cc4f cc4f cc2f cc2f cc2f cc2f cc10 cc2f cc2f cc0f cc2f cc0f 
b24a b24a b24a b24a b24a b24a b22a b20a aa09 aa09 b209 b1e9 aa09 b229 b208 ba08 c269 d2ca d2ea e36b e3cc e42d ec6d ec8d ecae ecae ecae ecae ecae ec8e ecae ecad ecad ec8e ec4d e40d e3ac db4b d2ea ba49 a1a8 9148 8107 8928 9168 9188 99a8 a1c9 a1a8 a1c9 a1e9 a1e9 a9c9 a9e9 a9e9 a9e8 a9e9 a9c9 a9e9 a9e9 a9e9 b1e9 a9e9 a9e9 a9e9 a9e9 a9e9 b209 b229 b209 ba29 ba29 b229 b229 a9e9 a1c8 99a9 a189 d42c f674 fe74 fe72 fdcf f5d1 ecef e40d e48e eccf e510 e48e cbad a9e9 a9e9 cb0c d30c cb2d cb2d c2cc c30c c30d b28b aa4b bacc c2ed c2ec c2ed c2cd c2cc bacd bacc baac c2cc c2ac c2ed cb4e cb2d d34e d36e cb4d bb0d 9a0c 78e9 68e8 796a 794a 716b 71cc 71cd 718c 718c 81ee 820f 696c 612b 612b 58a9 5068 60ea 8a6f 820d 5087 5067 5067 5068 692b 820e 718b 79ed 60a8 5067 5868 5888 60c9 798b 81cd 694b 696b 7a0d 7a0f 610b 4869 6a0e 9456 7ab0 4048 4889 8b12 b495 bb8f b32e b2ed bb8f d4d3 dd94 e5d4 e5f5 e5d4 dd94 ddb4 dd94 d594 d574 d554 d553 d554 d533 d534 d554 d553 d533 d512 d512 ccf2 cd33 d533 d553 cd13 d533 d594 d5b5 d5b5 ddb5 ddb5 ddb4 dd94 dd93 dd93 d512 c3ef a209 8169 8149 794a 7108 89ea 9a8d 9aae 81cc 8a4c abd1 a371 9aee a350 9acf a2ce bbf1 c3f1 d3ef e46f e46e ec8f ecaf ecaf ed11 ed52 f5d3 dd70 aaea 68c6 5887 5086 5046 5046 5887 5867 6087 60a7 60c7 68c7 60e8 60e8 60e8 6948 6108 60e8 60c7 60a7 58c8 5887 6087 60a7 60a7 60c7 58c8 58c8 60e9 692a 8a0c ab0e bb8f c38e c38e c38e c36e cbef d44f d490 d48f dc90 dc90 d470 d490 d490 d48f d490 d470 d490 d470 d490 d470 d490 d490 d490 d46f d470 d450 d470 cc50 cc50 d450 cc4f cc50 d450 cc50 cc30 cc4f cc4f cc2f cc2f cc50 cc4f cc50 cc2f cc2f cc0f cc2f cc0f cc0f cc0f cc10 
ba6b b24a b24a b26a b24a b24a b24a b24a aa2a aa09 a9e9 a9e9 aa09 b209 b209 ba09 ca69 d2aa d2ea db6b e3ac e40d ec6d ec8e ecae ec8e ec8e ec8e ecae ecce ecaf ecae ecad ec6e ec2d ec0d e3ac db4b d2ca ba49 a1a8 9168 8128 8928 9168 9989 9988 a1c9 a1c9 a209 a1e9 a9c9 aa09 a9e9 a9e9 a9e9 a9e9 a9e9 a9c8 a9c8 a9e8 b209 b1c9 a9e8 b1e9 aa09 a9e9 b209 b229 b209 b229 ba49 b229 b209 b209 a9e8 a1a8 a189 b269 e54e fe95 fe31 f633 f611 ed50 e46e e48e e4af ed4f e4cf cb4c b22a baab cb4c cb2d cb0d cb2d caec c2cc baab b26b b28c c2cd caec cb0d c30d c2ed bacd c2cd baad c2ad c2cd c2ad d32d d34e cacd ba8c b26c aa2c a26d 9a2d 89cc 796b 712a 792b 798c 696b 694b 718c 820e 718c 694b 610a 5909 58a9 5088 58ca 79cd 9311 716b 5067 5047 5068 5888 716b 8a2f 714a 718c 5887 58a8 60c9 712a 710a 6929 68ea 58a9 610a 7a6f 71cd 5069 5089 7af1 9436 596b 50aa 71ce a392 b36f 9a6d aaee c3d0 d513 e5d5 e5b4 e5d4 e5d4 ddb4 ddb4 dd94 dd94 d594 d553 d553 d553 d533 d534 d574 d573 d553 d513 d512 d4d2 ccd2 d533 d553 d553 d533 d553 d594 ddb5 d594 dd94 ddb4 dd94 dd73 dd53 dd54 dd13 d471 bb0d 99ca 8969 920b 8a0c 796a 81cb 926d 8a4c 8a0c 92ad abd1 9b0f 9b0f 9aef 9a8d b390 c411 d3cf e42f e46f ec8f ecd0 ecf1 f572 edf3 dcef 9a69 60c6 5087 5087 58a7 5067 5066 5887 6087 60a7 60a7 6087 60a7 68e8 60e8 68e8 6928 60c7 58a7 58a7 58c7 5887 5866 5886 60a7 60c7 60c8 58c8 60c9 692a 796a 9a4c b34e bb8e bb6e bb6e bb6e c38e d40f d46f d490 d490 dcb0 dcb0 d4b0 d490 d48f d490 d490 d490 d46f d470 d470 d490 d490 d470 d470 d470 d46f d470 d46f d46f d450 d450 cc50 d450 d450 cc50 cc50 cc50 cc4f cc4f cc4f cc30 cc50 cc2f cc30 cc2f cc0f cc2f cc0f cc0f cc0f cc0f 
b24a b24a b24a b24b b26a b26a b24a b22a aa2a aa0a a9e9 a9e9 a9e9 b1c8 b1e8 b209 c249 d2aa d30a db6b e3cc e40c ec4e ec6d ecae ecae ecaf ec8e ecae ecae ecce ecae ecae ec8d ec4d e40d e3cc db6b caca ba29 9988 9168 8948 8948 9188 91a8 9968 a188 a1c9 a1c9 a1c9 a9e9 a9e9 aa0a a9e9 aa09 aa09 a9e9 a9e9 a9e9 a9e9 b1e9 a9e9 a9c9 b1e9 aa09 a9e9 b209 b229 b229 b229 b249 b229 b249 b209 aa09 a9e9 a1a8 a189 c32a f5f1 f674 fe73 f5d0 f570 ed51 e4f0 ecef ed4f e4ee c36b baab cb6d caec caec c32d cb2d c30d baac b28c b28c bacc caec cb0d cb2d c30d c2ed bace bacd bace baad baae c34f cb2e caee b2ae aaae b2ae aaae b2ad aa6d a22d 9a0d 89cc 81ac 712b 690a 714c 81ed 79ed 612a 58c9 5088 5088 5068 58aa 692c 8a6f 9b32 692a 5067 5047 5088 5888 716c 822e 694a 716c 5867 60c8 68e9 60a8 60c9 60c9 58a9 58a9 614a 82f1 696c 4848 50ea 8332 8b33 698c 92b0 9333 92af a28d 9a4d abb2 d555 e5b3 e5d4 e5d4 e5b4 ddb4 ddb5 dd94 dd74 d574 d574 d553 d553 cd33 d533 d554 d553 d553 d553 cd12 ccd1 ccd2 cd13 d553 d554 d533 d554 d554 d594 d594 d594 d594 d553 d553 dd13 e574 ed95 ed74 e4d2 d3ef b24b 9189 8949 89eb 926e 81ec 81eb 8a4d 8a2c 8a2d a34f a371 9b0f 9aef 9a6d ab30 c3d1 d3f0 e430 ecb0 ecf1 ed52 f5b2 edb1 d46e 89a8 58a7 5067 5087 5887 5887 5866 5886 58a7 60a7 68c7 60c7 60a7 60a7 68e8 60e8 6908 68c7 60a7 58a7 5887 58a7 58a7 5887 5887 60e7 60e8 60c9 58c8 692a 714a 81cb a2cd bb6e bb6e b34e b34e bb2e c3af d450 d4b0 d4b0 d4b0 dc8f dc90 d490 d490 d470 d490 d470 d470 d470 d470 d46f d470 d46f d490 d470 d470 d470 d470 d44f d470 d470 d450 d450 d470 d470 cc50 cc50 d450 cc4f cc4f cc2f cc50 cc4f cc4f cc2f cc2f cc30 cc2f cc0f cc0f cbef cc0f 
b26b b26a b24a b24a b24a b229 b22a aa2a aa29 aa29 b209 aa09 a9e9 a9e8 a9e8 b1e8 c229 ca89 d30a db4b e3ac e40c ec4e ec6e ec6e ecaf ecae ecae eccf ecae ecae ecae ecae ec8d ec6d ec0c e3ac db4b cacb ba4a 99a9 8948 8128 8948 9168 9168 9989 99a8 a1c9 a1c9 a1a9 a9e9 aa09 a1e9 aa09 a9e9 a9e9 a9e9 a9e9 aa09 aa09 b1e9 a9e9 a9e9 a9e9 b209 b209 ba09 b229 b229 b249 b229 b229 ba29 b229 b209 a9e9 a1e9 9989 a1ca dc4c f695 fe31 f5d1 f590 f5b0 ed70 ed4f ed2f dbcd ba08 cb2b d3ab c2ab c2ab c30d cb0d c2ed bacd b2ad baac c2ed c30c c30e baee bb50 bb51 baf0 baf0 baf1 b2b0 aab0 b310 c2ef c30f c2ef c2ee c2ed ba8c a24c 9a0b 99cb 99ec 898b 796b 714c 798c 820e 8a4e 79ed 610a 50a8 5088 4868 5048 58a9 714c 92b0 92f0 60c8 5067 5088 58a8 58a9 716b 718b 694a 714b 5888 60a8 690a 60c8 5888 60e9 5889 5068 616b 82b1 692d 5069 69ce 8b75 8ad2 a331 b3d2 9b93 81cc a24c ab30 bcb4 dd94 e593 e5b4 ddb4 ddb4 ddb4 ddb4 dd74 dd53 d553 d553 d533 d533 d533 d532 d533 d554 d533 d512 ccf2 ccf3 ccf3 d533 d554 d574 d554 d554 d574 d595 d574 d553 d533 dd34 e534 e575 ed75 ed94 ed74 e513 dc50 caec aa0a 91ca 794a 89eb 9aef 926e 926e 8a2d 92af 9ace abd1 a350 a32f a2ef ab2f bbd1 d411 e471 ed11 ed92 f5d2 e50f bb4b 8167 58a7 5887 5067 5867 5887 5887 5867 60a7 60a7 68c7 68c7 60c7 60a7 60a7 60e8 60c7 60e7 68c7 60c7 58a7 58a7 58a7 58a7 5887 60a7 60c7 60e8 60a8 60e9 6929 798a 924c ab0d bb8e bb6e ab2e ab0d b32e cbf0 d470 d490 d4b0 d4b0 d4b0 d490 d490 d470 d490 d46f d48f d490 d470 d46f d470 d490 d490 d490 d46f d470 d490 d470 d450 d450 cc70 cc50 cc50 cc30 d450 cc50 cc70 d470 d44f d44f d42f d450 cc50 cc4f cc50 cc10 cc50 cc2f cc2f cc2f cc2f cc0f 
b26b b24a b24a b24a b24a b22a b22a aa2a aa2a aa09 a9e9 b209 aa09 a9e8 a9e9 b1e8 c229 ca89 d30b db4b e3ab e40d ec4e ec8e ec8e ecae ecaf ecae ecaf ecae ecce ecee ecaf ec8d ec4d ec0d e3ac db4b caca ba29 a1a9 9148 8128 8948 9168 9168 99a8 9988 a1a9 a1c9 a1c9 aa0a aa09 a1e9 a1e9 a9e9 a9e9 a9c9 a9e9 aa09 a9e9 aa09 b1e9 b209 aa09 aa09 b209 b229 b209 b229 ba49 ba29 ba49 ba49 ba49 b249 aa29 a9e9 a1a8 9989 baa9 edd1 fe53 f5d1 f590 f590 f590 f590 ed30 cb0b ba8b d3ac d32b c28b c28a c2ec c2ec baac b26c baed c2ed c2ed cb0d c30f b2ee bb0e bb2f b2ce b2ef b311 b311 b311 aab0 a24f aaaf b311 baf0 b28e a20c 796a 712a 89ac 818c 794b 81ac 81ad 89ee 8a2e 822f 716b 60e9 58c9 58a8 5088 5048 58a9 71ad 92d0 826f 5887 5047 5868 694a 718c 60e9 60e9 60e9 60c9 60ca 690a 798c 798d 716d 718d 716e 60ca 71ee 8271 696e 60eb 7a70 8b13 8a91 b391 b392 9b32 8a2e ab91 c474 ccf5 dd73 e593 e594 dd74 dd94 ddb4 dd94 d574 d553 d553 d553 d533 d553 d533 d533 d553 d533 d512 d4f2 cd12 d512 d4f2 d533 d574 d574 d554 d554 d574 d554 d554 dd54 e554 ed54 e554 ed95 edb5 e5b5 e594 e533 dcb1 d36e c26a a1c9 91cb 818b 8a2b a350 9ace 926d 8a2c 8a2c a34f abd1 a370 ab70 ab50 bbd1 d431 e4d2 ed51 ed50 d40c a208 7107 5887 5887 5887 5887 5887 5887 5867 6067 60c7 68e7 60e7 60e8 60c7 60c7 60c7 60e7 60c7 68e7 60c7 60c7 5887 5867 5887 60a7 6087 60c7 60e7 60c8 58a8 6109 692a 81aa a2cd b34e bb8e b34e ab2e ab2e bb8e cc0f d491 d4b0 d4d0 d4b0 d4b0 d490 d490 d470 d470 d490 d490 d470 d470 d490 d490 d490 d490 d470 d470 d470 d490 d46f cc70 cc70 d450 d470 cc50 d450 d450 d450 d450 d450 cc50 cc50 cc50 cc2f cc4f cc4f cc50 cc2f cc2f cc2f cc0f cc2f cc0f cc0f 
b24a b24a b24a b26a b24a aa2a b22a b209 b229 aa29 aa09 aa0a a9e9 a9e9 a9c9 a9c8 ba09 ca89 d30b db4b e3ac e40d ec4d ec8d ecae ecae ecae ecaf ecae ecae ecae ecce ecce f48e ec4d ec0c e3cc db4b caea b229 99a8 9148 8928 8907 9148 9168 9988 99c9 99a8 a1e9 a1c9 a9e9 a1e9 a1e9 a1e9 aa09 a9e9 a9e9 b1e9 a9e9 a9e9 a9e9 a9e9 aa09 a9e9 aa09 b229 b22a b22a ba29 ba49 ba4a ba6a ba4a ba49 b24a b229 b1e8 a1c8 a1a9 a1a9 dc6d f696 f633 f5d1 f58f f570 f5d0 ed50 cb2b d36b d36c caeb c28b ba8b baab b28b b22b b26c baec c2ed c30d c32e c30e baad baad b26c b24c b28d bace c32f c330 bb10 bb0f aaf0 9aaf 926f 89cd 796b 712a 716b 796c 794b 81ac 89ac 81ac 8a4e 8a4f 79ac 694b 60ea 60e9 60e9 5088 5088 60ea 79ad 820d 822e 58a9 58a8 68ea 71ac 718b 5887 58a8 58a8 58a8 60e9 610a 714b 718c 79cd 718c 71ac 714c 7a0e 7a2f 718d 696d 71ed 8ab2 79ef 9290 a394 9af2 a392 cd14 ccb3 d535 dd73 dd73 dd53 dd53 dd74 dd94 d574 d553 d553 d512 d512 d512 d513 d513 d512 d512 d512 d512 d512 d512 d513 d4d2 d533 d554 d554 d554 d534 d554 dd75 e575 ed74 ed74 ed74 ed95 ed95 edb5 edf5 edd5 e594 e533 dc0f d30c b1e9 99c9 89aa 794a 820b 9b0f 89ec 79ab 798b 81eb abb1 ab90 ab71 ab70 bb91 d411 dc91 dc4e cb6b 99e9 68a7 5887 5867 5866 5087 5887 58a7 58c7 5887 6087 60a7 68e7 60e7 68e8 60c7 60c8 6908 68e8 68e7 68e8 60c7 58a7 5866 5866 5887 60a7 60a7 60c7 60e7 5887 58a8 692a 716a 89eb aaed b34e b36e ab2d ab2d b32e c3ae cc50 d4b0 d4b0 d4b0 d4b0 d4b0 d490 d46f d470 d470 d490 d490 d490 d490 d48f d470 d490 d46f d470 d44f d470 d490 d470 d470 d470 d450 cc70 cc6f d44f d470 cc70 cc50 cc4f cc50 cc4f cc4f cc4f cc4f cc4f cc4f cc2f cc0f cc2f cc2f cc0f cc0f cc0f 
b26a b24a b26a b24a b24a aa2a b22a b209 b229 b229 aa09 a9e9 a9e9 a9e9 a9c8 a9c8 ba29 c28a d2eb db6b e3ac e40d ec2d ec6e ecae ecae ecae ecae ecae eccf ecce ecaf ecae ec8d ec4d ec0c e3cc db4b caea ba49 a1c9 9148 8107 8928 9148 9188 9988 99a8 a1c9 a1a9 a1c9 a9e9 a9c9 a9c9 a9e9 a9e9 a9e9 a9e9 a9c9 a9e8 aa09 aa09 aa09 a9e9 a9e9 a9e9 b209 b229 b229 ba2a ba29 ba49 ba6a ba6a ba49 b249 b249 b209 a9e9 a1c9 a18a cb8c f694 f6b5 f613 f5d0 f5b0 f5d0 ed50 dc0d d36b cb0b c2cb c2cc baac baab b24b aa2a b28d bacd c2ed c30d c2ed baad b26c b26b b26c bacd cb2e d30e cacd c2cd ba6c c30e c32f b2ce 9a6d 818b 692a 694b 714b 690a 690a 816c 794b 798c 8a0e 820e 718b 696b 610a 60c9 58c8 50a9 58a9 692b 716c 79ac 820e 692a 694b 694a 694a 58c8 5887 5887 58a7 58a7 58a7 58e8 58a8 60a8 60e8 58c8 5088 5888 614b 718c 696c 716c 71cd 7a30 71ae 8b12 9b93 9b11 b413 c472 c473 d513 dd32 dd12 d4f2 d533 d553 d573 d553 d533 ccf2 ccd2 d4d1 ccf2 d513 d512 d4f2 d4f2 d512 d513 d512 d513 d512 d513 d513 cd13 cd13 d534 dd54 e595 ed94 ed95 ed94 ed75 ed94 edb5 ed95 edb5 edd5 edb5 ed94 ed74 e4b1 db8e c24a a9c9 9189 796a 6109 79ea 92cf 81eb 81ec 718b 92cd abb1 ab90 b391 b3b1 cc11 cc10 c32d b2aa 91ca 6087 5847 5847 5887 58a7 5067 5887 5887 60a7 60a7 60a7 60c7 68e7 68e8 68e8 60c7 68e8 60e8 60e7 60e8 60c7 5887 5866 5887 58a7 60c7 60c7 60c7 60a7 58a8 60e9 6929 81ab 9a8d b34e bb6e b34e ab0e ab2d b34e c3cf d470 d4b0 d4b0 d490 d4b0 d4b0 d4b0 d490 d490 d490 d490 d470 d46f d48f d48f d48f d470 d46f d46f d46f d470 d490 d470 d470 d470 d470 d470 d46f d490 d470 cc70 cc50 cc4f cc50 cc4f d44f d450 cc2f cc2f cc4f cc4f cc0f cc2f cc2f cc0f cc0f cc2f 
b24a b24a b26a b24a b22a b22a b22a b229 aa09 aa09 aa0a a9e9 aa09 a1c9 a1c9 a9c8 b229 c289 d2eb db4b dbcc e3ec e42d e46e ec8e ecae eccd ecae ecaf ecaf ecce eccf ecae ec8d ec6e ec0d e3ac db4b d2ea ba69 a1c8 9148 8107 8928 9148 9168 9188 99a9 a1a9 a1a9 a1e9 a9e9 a9e9 a9e9 a9e9 a9e9 a9e9 a9e9 a9e9 a9c8 a9c9 a9e9 aa09 a9e9 a9e9 b209 b209 b209 ba29 ba29 ba29 ba4a ba6a ba8a ba4a ba6a b249 b209 aa09 a1c9 a1a9 cb4b f654 fe92 fe74 f611 f5d0 f5d0 f550 e4ce d36c c2cc c2cc c2ec c2ed b26c aa0a b26c baac bb0d c2ed c2ed bacd baad b28d ba8c c30d cb4d d30d cb0e c2ce b28d 99ab b2cd cb2e baee aa6d 818a 712a 694b 694b 610a 60e9 690a 68ea 716b 820e 79cd 798c 694b 610a 58c9 58a9 58c9 60ea 696c 692b 68ea 820f 81ee 79ee 716b 58a8 58a8 58a7 5887 58a7 5887 58a7 58a8 58c8 58a7 5887 50a7 5067 5067 58ea 718c 79ac 8a4e 79cd 71cf 614c 82b1 92f1 9352 abd2 bc31 c492 d512 dd33 d4f3 d4f3 d533 d533 d553 d513 ccf2 ccf2 ccd2 ccb2 cd13 d513 ccf2 ccf3 d513 d513 d533 d4f2 d4f3 cd13 cd12 ccd2 ccd2 d534 e574 edb4 edd5 ed94 ed95 ed95 ed95 ed94 edb5 edb5 ed95 edb5 edb5 edb4 ed93 ecf2 e3ee d2ab b1e9 a1a9 8149 7129 58a8 79ea 8a4d 8a0c 796b 79ca a350 ab71 b391 b3d1 c412 c3cf c32d b28a 99a8 68a7 5067 5067 5887 5087 5067 5887 5887 60c8 60c8 68c7 60c7 68e8 68e8 68e8 60e8 60c7 68e8 60e7 60c7 58a7 5887 5866 5866 5887 60a7 68c7 60c7 58a8 58a8 6929 714a 8a0c a30d b36e bb6e b34d aaed ab0d bb8e c3ef d450 d490 d4b0 d490 d4b0 d4b0 d490 d490 d48f d4b0 ccb0 d470 d48f d490 d470 d490 d490 d48f d46f d470 d470 d48f d470 d470 d470 d470 d470 d470 d470 d470 d46f cc50 d44f d450 cc4f cc2f cc50 cc4f cc2f cc2f cc2f cc2f cc4f cc0f cc0f cc0f cc0f 
b22a b24a b24a b22a b229 b22a b229 b22a aa09 aa09 aa09 aa09 aa09 a9c8 a1a8 a1c8 b229 c28a d2ca db4b dbac e3cc e42d ec8e ec8e ecae ecae ec8e ec8e ecae ecce ecae ecae ecae ec6d ec0d e3ac db2b d2ea ba49 99a9 8948 8107 8948 9168 9148 9968 99a9 a1e9 a1c9 a1c9 a9e9 aa09 aa09 aa09 aa0a aa09 aa09 a9e9 a9e9 a9e9 a9e9 aa09 a9e9 aa09 b209 b209 b22a b229 b209 ba4a ba6a c26a ba6a ba4a b26a ba49 ba29 aa09 a1a9 a189 c32c f675 fe74 fe73 f653 f5f1 f5d0 ed6e e40c caeb c2ab c2ec c2cb c2ec baac b26c baac c2cc baec baac baac b26c baad c2ed cb2d d34d d32c d2ec cacd c2ed b28d 91eb aaad b28c aa0b 99eb 894a 796b 714b 690a 60e9 60c9 5889 60a9 694a 79cd 716c 714b 714b 718c 714c 610a 58ca 58c9 718d 690b 5089 8230 8ab1 8a6f 718c 5067 5867 5887 58c8 58a7 58a7 58a7 58a8 58e8 58c8 5087 50a7 5088 5088 612a 8a0e 9a8e 9a4d 89cc 79f0 71cf 93d5 9bb3 ac54 c4b2 ccb1 d4f2 d513 d513 d513 d554 d574 d553 d533 d4f2 ccd2 d4d1 ccb2 ccf2 d512 cd13 d513 d533 d533 d4f2 d4d2 ccf2 d513 cd13 ccd3 ccb2 d514 e574 ed74 ed95 edd5 edb5 edb5 edb5 edb5 edb5 edd5 edb5 edb5 edb5 edd4 edd4 ed73 ed11 e40f d30c ba09 a9e9 8969 7108 60c9 5088 79eb 8a0c 81ab 714a 9aae ab71 b370 bbf2 c411 cc10 c34d b28a 8948 6087 5887 5067 5867 5066 5887 5887 6087 60e8 6908 68e8 60c7 60c7 68e8 6908 6908 6908 6928 60e8 60a7 60a7 5887 5867 5866 5886 5886 60c7 60a7 58a8 58c9 68e9 798a 9a6d b32e bb6e b34d b34e b2ed b32e c3af cc2f cc50 d490 d4b0 d4b0 d4b0 d4b0 d490 d490 d4b0 d490 d490 d490 d48f d490 d470 d46f d490 d48f d48f d470 d470 d470 d470 d470 d470 d450 d450 d450 d470 d471 d450 cc50 cc6f cc4f cc4f cc4f d44f d44f cc4f d44f cc2f cc2f cc2f cc2f cc2f cc2f cc0f 
b24b b24a b24a b22a b22a b22a b22a aa2a aa29 a9e9 a9e9 a9e9 a9e9 a1c8 a1a8 a1c9 b229 c28a d2ea db4b db8b e3ed e42c ec8d ecae ecce ecae ecae ecaf ecce ecce ecaf ecce ecae ec6d ec0d e3cc db4b d30b ba49 a1a8 8948 8908 8948 9168 9168 9989 99c9 a1c9 99a9 a1e9 a9e9 a9e9 a9e9 a9e9 aa09 aa09 aa09 a9e9 aa09 a9e9 b1e9 a9c9 a9e9 a9e9 b209 b209 b209 b22a b229 ba4a c26a ba6a ba6a ba6a ba69 ba29 ba29 aa09 a9c9 a989 c30b f674 fe94 fe52 fe74 fe32 f5d0 eccd cac9 ba4a ba8a c2cc c2cc baac baac bacc c2cc c2ec b2ac aa4b b24c baad c2ed cb2e d34d d32c d32c cb2d c2ed ba8c aa2b 918a a22b 99ea 8949 7909 816b 81cd 716b 60c9 58c8 50a8 5088 58a8 60e9 716b 79ad 716b 696c 718c 81ce 694b 58c9 58c9 718c 690b 5068 79ce 8ab1 9312 820e 58a8 5887 58a8 58a7 58a7 58a8 58a8 5887 58c8 50a7 5067 4867 5067 58c9 79ab 9aef aaad 898a 89cc 9270 8ab2 b4b5 b3d1 ccf3 dd52 dd12 dd12 dd33 d533 d554 d595 d594 d553 d533 ccf2 ccb1 cc91 ccd2 ccf2 d4f2 d533 d533 d533 d512 ccd2 cc50 ccd1 ccf2 ccb2 d4d2 dd33 e574 ed95 edb4 edb5 edf5 edd5 ed95 edb5 edb5 edb5 edb5 edb5 edb5 edb5 edb5 edb4 ed73 ecf2 e44f db6d c249 b1a8 9168 7929 60c8 5088 60e8 8a6c 81cb 798c 8a2c ab71 ab91 bbb0 c3f1 cbf0 cb6d b28b 7908 6087 5887 5067 5867 5067 5887 5887 6087 60a7 68e7 68e7 60e7 68e8 68c7 68e8 68e8 6908 68e8 60c7 60a7 60e8 58a7 5886 5867 5886 60a7 60c7 58a7 58a8 58a8 692a 81ec a2ed b36e bb8e b36e ab2d ab2d b36e c3ef cc50 d46f d46f d48f d4b0 d490 d490 d490 d48f d490 d490 d48f d48f d46f d46f d46f d48f d470 d46f d48f d46f d490 d48f d46f d470 d46f d470 d470 d490 cc70 cc50 cc50 d470 d470 d44f cc70 d44f d450 d44f cc50 d44f cc50 cc4f cc2f cc0f cc0f cbef cc0f 
b24a aa2a aa2a aa2a b24a b24a b24a b24a aa29 aa09 aa09 aa09 a9e8 a1c8 a1c8 a1a9 b229 c28a caea db4c e3ab e3ed e42d ec6e ec8e ec8e ecae ecae ecaf ecce ecae ecaf ecae ecae ec4d ec0d e3cd db6c d2ca ba69 a1a9 9168 8928 8928 9148 91a9 99a9 a1ea a1c9 a1c9 aa0a aa09 aa0a aa09 aa09 b20a aa09 b209 aa0a aa09 a9e9 b1e9 b209 a9e9 a9e9 b1e9 b209 b209 b229 ba49 ba6a c26a c26a ba8a ba8a ba6a ba49 b229 b22a a9c9 a189 cb0b f654 fe93 fe73 fe72 fe73 f58f dbab ba49 b209 ba8b c2ec bacc b2ac bacd c2ac c2cc bacc b26b aa2b b24c cb0d d32e d32d cb2d cb0c caed caab c2cd bacd 9a0b 7928 8107 7908 6088 60c8 81ed 79ac 6909 5888 58c8 5087 50a8 58a8 58c9 696b 81ee 714b 694b 71ac 79ed 71ac 50a8 58c9 718c 690b 5068 610a 8291 9352 92f2 694b 5087 5887 58a7 58c8 58a7 5887 5087 5087 5047 4846 4847 5088 81cb 9aae 9acf 9a0c 898b a2ae abd4 9b53 bc95 bbf2 d533 dd32 dd32 dd52 d553 dd74 dd74 dd94 d553 d533 d4f2 ccb1 cc91 cc71 ccb1 ccb2 ccb2 d513 d554 d533 ccf2 cc71 c451 cc71 d4d2 dcf2 e533 ed54 ed94 edb4 edb4 edb5 edf5 edf5 edd5 edb5 ed95 ed94 edb5 edb5 f5f5 edd5 edd5 ed95 ed94 ed33 e470 db8d ca6a b1c9 9968 7908 60a7 58a7 58a8 7169 81cb 798b 79ab a350 b391 b370 c412 d3ef c38e a1e9 70c8 60a8 5887 58a7 5887 58a7 58a7 5887 6087 60a7 68a7 68e8 6908 68e8 68e8 6928 6908 6908 6908 60e8 5887 5887 5887 5887 5867 60a7 68c7 60c7 5887 5888 60c8 716a 926c b34e bbae bb8e b34e b32d b32d bbaf c410 cc2f cc6f d46f d490 d490 d4af d4b0 d490 d48f d490 d490 d490 d48f d46f cc6f d46f d46f d490 d490 d470 d470 d490 d46f d46f d48f d46f d470 d450 d450 d450 d450 d450 d450 d42f d450 cc4f d450 d450 d42f d44f d450 d44f cc30 cc2f cc2e cc0f cc0f cbef 
aa4a b24b b22a b22a b24b aa4a b24a b22a aa2a aa09 a9e9 aa09 a9e9 a1a8 a1c8 a1a8 aa09 c26a d2eb db4c e38c e3ed e42d ec6e ec8e ec8e ecae ecce ecae ecae ecae ecae ecae ec8e ec4d e40d e3ac db4b d2ca ba6a a1a8 9148 8928 8948 9148 9188 9989 a1c9 a1ea a1c9 a1ea a9e9 aa09 a9e9 a9e9 a9e9 aa0a b1e9 a9e9 aa0a a9e9 b209 b1e9 b209 b1e9 b209 b209 b24a b229 b24a ba6a c26a c28a ba8a ba6b ba6a ba6a ba49 b22a a9c9 a9a9 c2cb f633 fe94 fe73 fe51 fe72 ed4e cac9 b209 b209 ba6a c2ab ba8b ba8b baac c2cc c2cc b2ac b24b b28c c2cc caed cb2d caed cb0d d30c cacc bacd baac bacd 91ca 6087 5867 60a8 60a8 6109 79cc 6929 60c8 5088 5887 50a8 58c8 58a8 5088 610a 81ed 79ad 690b 716b 79ed 79ed 50c9 50a8 696b 718c 5048 5089 698d 8ab1 9b94 92b1 716c 692a 60e9 58a8 5087 5067 5067 4846 4846 4867 5088 81cb b36f b30e 924d 9a0c aaae c473 c4b4 a352 ac55 c494 d574 dd33 dd33 dd53 dd73 dd94 ddb4 dd94 d573 d512 ccb2 cc91 cc50 cc71 ccb2 ccd2 ccf3 d534 d554 d513 ccb2 c451 d471 dcb2 e4f1 e513 ed33 ed53 ed94 edb5 ed94 edb4 edd5 edd5 edd5 edd5 edb5 edb5 edb5 edd5 edd5 edf6 f5f5 edd5 edd5 ed53 ecb1 dbae ca8a b1c9 a189 8128 6087 5887 5068 60a7 81aa 81ab 714a 9aee b3f2 b3b1 c453 cc31 bb8f 8989 60a7 60c8 58c8 58a7 5887 58a7 5887 60a7 6087 68c7 68c7 68c7 68e8 68e8 68e8 6929 6929 6908 6908 60c7 58a7 58a7 5886 5886 58a7 60a7 60a7 5887 5087 58a9 68e9 81ab a2ad bb6e c38e bb8e b34e b34d bb8e c3cf cc0f cc2f cc0f cc0f d44f d470 d490 d490 d490 d490 d4b0 d4b0 d490 d490 d490 d470 d46f d46f d46f d46f d46f d470 d470 d48f d46f d490 d48f d470 d470 d470 d450 d46f d450 cc50 cc50 d44f cc50 d450 cc4f cc50 d44f cc4f cc2f cc2f d42f cc2e cc2f cc0f cbef 
aa4a aa4a b24a aa4a aa4b aa4a aa2a aa2a aa0a aa09 aa09 aa09 aa09 a1e9 a1c8 a9c8 b229 c28a d2eb db4b dbac e3ed e42d ec6f ec8f ec8e ecae ecae ecaf ecaf ecaf ec8e ecaf ec8e ec4d ec0d e3cc db6c d2ea ba69 a1e9 9168 8928 8948 9148 9168 9188 a1c9 a20a a1c9 a9e9 a9e9 aa09 aa0a a9e9 aa09 b20a aa2a aa0a a9ea a9e9 a9e9 a9e9 b209 b209 b22a b22a b22a ba29 ba4a ba4a ba4a ba6a c26a ba6a c26a ba4a ba49 ba49 b1e9 a9ca ba6a edd1 fe95 fe93 fe72 fe11 e3eb ba69 b209 ba29 b229 ba4a ba8b ba8b ba8b baac ba4b b24b ba8c cacc caed c2cc c2cc ba4a cb0d caec ba6c baac bacd baed 924c 6129 5067 5868 68e9 71ac 798b 60c8 5887 5888 5887 5887 5887 58a8 5888 58c9 718b 79ad 716c 690a 716b 79cd 692b 50a8 698b 79ad 4847 5089 58aa 69ad 9b93 9af2 81ef 820e 824f 716c 5067 4846 4867 4846 4047 4888 79ab b3af cbef aa8c 91ec aaef cc73 dcd1 cc71 a372 9b73 bc94 dd74 d532 d512 dd73 ddb4 ddb5 ddb4 dd74 d513 d4d2 cc91 cc91 cc70 cc71 cc92 ccd3 d533 d554 d533 d4d1 d470 dc50 e490 e4b1 e4d1 ed33 ed33 ed73 ed94 edb4 ed94 edb4 edd5 edf5 edd5 edd5 edd5 edf5 edf5 f5f6 f5f6 f616 f5f6 f5f6 f5f5 ed93 ecf1 e40f d2eb b9e9 a1a9 8948 6087 5067 5888 5887 7969 818a 712a 926d bc12 bbf1 cc72 d471 bb6f 7949 60a8 5887 5887 5887 5867 5887 58a7 60a7 60a7 60a7 68a7 68e7 60e8 68e8 6908 6908 6928 6908 68c8 58a7 58a7 5887 5887 5886 6086 60a7 60a7 58a7 58c8 60c9 7149 924c ab2d bbae c3ae bb6e b34d bb6e c3cf c40f cc2f cc0f c40f c40f cc2f cc2f cc6f d46f d470 d490 d4b0 d490 d490 d4b0 d490 d48f d46f d48f d470 d46f d46f d46f d470 d48f d490 d490 d490 d470 d46f d470 d44f d46f d44f cc4f cc50 d44f d44f cc6f cc50 cc4f cc4f cc4f cc2f cc2f cc2f cc2f cc0f cc0f cbef 
aa0a aa2a aa2a b24a aa2a aa2a aa09 aa2a aa0a aa09 aa09 aa29 a9e9 a9e9 a1a8 a1c8 b229 c28a caeb d34b dbac e3ed e42e ec6e ec8e ecce ecae ec8e ecae ecce ecae ecae ecaf ec8e ec4e ec0d e3ed e36c d2eb ba6a a1e9 9148 8928 9128 9168 9168 9988 a1c9 a1c9 a1c9 a9e9 a9e9 a9e9 aa09 b209 b1e9 b209 b209 b229 aa09 a9e9 aa09 a9e9 b209 b209 b229 b229 b209 b229 ba4a ba4a ba6a ba6a c28a c28a c269 ba4a ba4a ba29 b209 a9ea b20a e48d fe95 fe73 fe93 f5d1 cb0a ba29 b249 ba49 b24a b24a ba6a baab b28b b2ac b28b bacd c2ec cacc cb0c c30d c2ec a1ea b28c ba8c b26c b26c b24b aa2b 922c 68e8 5868 5888 796b 820d 7129 5887 5067 5067 58a8 60c8 5887 58a8 58a8 50c8 58c9 696b 79ad 694b 692a 716b 694b 60ea 69ac 79ce 5087 60ea 58ca 612b 9392 92d1 60e9 60e9 6929 60e8 5087 4867 4046 4047 4847 71aa b3af d3ef c2cc b26c b2ef cc93 dd12 dc70 d471 b3d2 9b73 b434 cd55 d534 d4d2 dd33 ddb5 dd74 dd73 dd54 d4f2 ccd2 cc91 cc92 cc71 c471 ccb2 cd33 d553 d533 d4b0 d40f dc30 e471 e471 e4d2 e4f2 ed33 ed53 ed74 ed94 edb4 ed94 edb4 edf5 edd5 edf6 edd5 edd5 edf6 f5f6 f5f6 f636 f637 f616 f636 f616 edd4 ed32 ec70 db4c c229 a9a8 9168 70a7 5067 5087 58a8 68e8 798a 794b 89cb b3d2 bc12 cc93 cc72 b34f 7928 5887 60a7 58a7 5867 58a7 5887 5887 60a7 60c7 60c7 68e7 60e7 60e7 68e8 68e8 6908 6929 6908 60c7 5887 5887 5886 5887 5886 60a6 60c7 5887 5887 58a8 60e9 798a 9aad b36e c3ae bb8d bb4d b32d bbaf c40f cc2f cc2f cc0f c40f cc0f cc0f cc0f cc2f cc50 cc4f d450 d46f d490 d48f d470 d46f d470 d48f d46f d46f d46f d46f d44f d46f d46f d46f d46f d48f d470 d450 d470 d44f d46f cc50 cc50 cc30 d430 cc50 cc50 cc4f cc4f d44f d44f cc2f cc2f cc2f cc0f cc0f cc0f cbee 
aa2a aa2a aa2a b22a b22a aa4a b229 aa2a b229 aa29 aa09 aa29 aa09 a9e9 a1c9 a1e9 b22a ba8a caeb db4b dbac e3ed e42e ec6e ec8e ecae ecae ecae ecaf ecae ecce ecae ecce ec8e ec6e e42c e3ed e36c d2eb ba6a a1e9 9169 8908 8927 9168 9168 9988 99c9 a1e9 a1c9 a9c9 aa09 aa09 aa09 a9e9 a9e9 b209 b209 b209 b209 aa09 aa09 aa0a aa0a b1ea b209 b229 b209 b209 ba2a baab c2ab ba4a c28a c28a c26a c26a c26a c249 ba29 b1e9 b1ca d36b f654 fe94 fe93 ed70 caaa ba4a ba69 ba6a ba6a b26b ba6a ba8b b24a b24b baac cb4e cb0c c2ac caac cacc bacc 99eb 91ea 99eb 99eb 898a 8129 7949 7969 6909 60a8 60a8 81ec 820e 68c8 5087 5087 5067 60c8 60c8 58a8 60e9 58a8 58a8 58c8 60e9 718c 716b 692b 692a 610a 694c 71ac 71ad 5088 694c 58ea 610a 9352 9312 58a8 5067 5066 5067 4846 4846 4026 4047 6949 ab8e d44e c2cc b24c bb2f d493 dd53 dcb1 dc70 d471 bc11 9b93 a435 bcd5 c4f4 cc93 dd33 dd95 d533 d513 d534 ccd2 d4d2 ccb2 ccb2 cc92 ccb2 ccd3 d533 d512 d42f d40f dc30 e450 e4b1 e4b1 e512 e513 e533 ed74 ed94 edb5 edd5 edb5 edd5 edf5 edf5 edf5 edd5 edd5 f5f5 f5f6 f616 f636 f637 f636 f636 f636 f5f4 ed73 ecb0 db8e ca6a b1c9 9968 78c7 5847 4867 5087 60a8 7129 796a 714a ab2f c432 cc93 d4b2 b36f 7949 58a7 60a7 60a7 5887 60c7 68e8 60c7 68e8 60c8 60e8 68c8 60c7 60e8 68e8 6928 6908 6928 68e7 60a7 58a7 58a7 5887 5887 60a7 60c7 60c7 5887 5087 58a8 6909 8a0b ab0d bbaf c3ce bb6e b32d bb4d c3ef cc30 cc4f cc2f cc0f c42f cc0f cc0f c40f c3ef cc0f cc2f cc2f cc2f cc4f cc4f cc4f d46f d44f d46f d44f d46f d46f d470 d46f d46f d46f d490 d470 d490 d470 d450 cc70 cc50 d470 d470 cc70 d42f d430 d450 cc50 cc4f d44f d44f cc2f cc2f cc2f d42f cc0f cbef cc0f cbef 
a9e9 aa0a b26a aa2a aa2a aa4a b22a aa2a b229 aa09 aa09 aa09 aa09 a9c9 a1c8 a1c9 aa09 ba6a caeb db6c e3ac e3ed e42e ec6e ec8e ec8e ecae ecaf ecae eccf eccf ecae ecaf ecce ec8d e40d e3ac db4b d30b ba6b a1ea 9189 8948 8968 9148 9168 9988 99a9 a1c9 a1e9 a209 aa09 aa2a aa0a aa2a aa0a aa4b b20a b22a b209 b209 b20a aa09 aa0a b20a b209 b209 b20a b20a bacc d450 cb0a c24a c26a c28a c26a c26a c249 ba49 ba29 b20a b1ea c2aa edb1 fed6 fe94 eccf ca89 ba6a ba6a c2aa c2ab ba8b ba6a b22a b20a b28c cb2d cb2c caec cb0c c2ac a1ea 91eb 816a 712a 714a 89cb 816a 7909 8149 89aa 792a 60a8 60c8 822e 81cc 58a8 5087 5087 5088 692a 6909 60e9 68e9 5888 5888 58a8 60c8 60e9 692a 692a 610a 58ca 692b 79ee 79ee 6109 71ee 58aa 58a9 7a4d 9b94 60ea 5087 5047 4846 4846 4026 4047 60e9 a32d d42f c32c b24c c2ee d472 dd32 dcd1 dc90 dc70 d471 c431 a3b3 b474 bcf4 bcb4 c4b4 d574 d595 d554 d553 d4f3 d4d2 d4d2 d4d2 ccd2 ccd2 ccd3 d4f2 d4d1 d40f d3af dc0f e450 e470 e4b0 e4d1 e512 ed53 ed33 ed74 ed94 ed94 edd5 edb4 edd5 edd5 edd5 edd5 edd5 edd6 f5f6 f5f6 f616 f616 f636 f636 f615 f636 f5f5 f5b4 ecf1 e3ef cacb ba09 a1a8 80e7 6087 5087 5067 5867 68c8 796a 712a 8a4c bc32 cc72 d4b2 bbd0 818a 58e8 6908 60c8 58c7 60a8 68c7 60a7 68e8 60e8 60c8 60e8 60e8 68e8 6908 6929 6928 6928 60c8 60c8 5887 5887 58a7 60a7 60c7 68e7 60e7 58a7 5088 5888 6929 926c b36e c3cf c3ad bb6d b34d bb8e cc0f d44f d470 d44f cc0f cc30 c40f cc10 cc0f cc0f cc0f c3ef cc0f cc0f cc0f cc0f cc30 cc2f cc30 cc6f cc6f d46f d46f d46f d46f d470 d46f d46f d470 d46f d470 d470 cc70 cc50 d450 d44f d450 d450 cc2f cc50 d42f d42f d42f d44f cc4f cc2f d42f d42f cc0f cc0f cc0f cbee 
b20a b22a b22a b229 b22a aa2a aa29 aa29 aa09 aa09 aa29 aa09 a9e9 a9c9 a1c9 a1c9 aa29 c269 caeb db4b e38c e40d e44d e46e ecae ecae ecae ecae ecae eccf ecce ecce ecaf ecae ec8d ec0d e3cc db6c caeb ba6a a1e9 9189 8928 8948 9148 9168 9968 a1c9 a1c9 a1c9 a9ea aa0a aa2a b20a b22a b22a b22a b20a b22a aa2a b209 a9e9 aa0a aa09 b1e9 a9e9 b1e9 b20a bacc d42d dbab c269 c26a c26a c28a c26a c269 c269 c26a ba69 ba4a b22b b24b dc6d fed5 feb4 e4ae ca49 ba8a ba6a c2aa c2ab baab b24b aa0a b28c c2eb cb0d caec c2cc cb2d c32e aa6c aa8d a24c 89eb 798a 89aa 7108 6087 68c8 68c8 5888 5888 60e9 8a8f 79ab 58a7 5088 5087 60e9 694a 60e9 60c9 60c9 58a8 58a8 60c8 60e9 5888 58c8 610a 610a 58c9 60ca 79cd 8a71 822f 8a70 60ea 5889 696a 9393 698b 4847 4847 4846 4847 4867 58c8 9aed cc2f cb6d baac baed d472 dd12 dcd2 dcd2 d4b1 d490 d4b2 c472 a3d3 bc94 d533 ccf3 ccf4 d574 d5b5 ddb5 d554 d4d2 ccd2 d4d2 d4d2 ccd2 d4d2 d4d1 cc91 d3ee dbaf e40f e450 e471 e490 e4b1 e4d2 ed33 ed73 ed53 ed53 ed94 ed94 edb5 edb4 edb5 edd5 edd5 edf5 edd5 edf5 f615 f616 f636 f636 f636 f636 f636 f657 f615 f594 ed32 e42f db0c c229 a168 88e7 68c7 50a7 5047 5847 5887 6909 794b 796a b3d2 c452 d4b2 bbd0 922c 60e8 60c8 60e8 5887 58a7 60a7 60a7 60c7 60e8 68e8 68e8 68e8 6929 6908 6949 6928 6908 60c7 60a7 5887 5887 58a7 6087 60c7 60c7 60c8 5887 5068 58a8 718a a2cd bb6e c3ae c38e bb4d bb6e c3ce cc50 d490 d46f cc4f cc2f cc0f cc2f cc2f cc0f cc0f cc0f c40f c40f cc0f c3ef c3ef cc0f cc0f cc0f cc2f cc2f cc4f cc4f cc2f d44f d44f cc50 d44f d470 cc90 cc70 d470 cc70 d46f cc70 d44f cc4f d450 cc4f cc2f cc2f d44f d42f cc2f cc4f cc0f cc2f d42f cc2f cc2f cc0f cbef 
b229 b24a b24a aa4a aa4a aa2a aa29 aa0a aa2a aa2a aa09 a22a aa09 a1e9 a1c8 a1c8 b209 c28a caeb db4b e38c e3ed e42d e48e ecae ecae ecaf ecae eccf ecaf ecae ecce ecae ecae ec6d e42d e3cc db4b caeb b26a a20a 9189 8128 8948 9188 9988 99a8 a1c9 a1c9 aa0a aa0a aa0a aa0a b20a aa2a aa4a b24a b209 b22a aa2a b209 a9e9 aa09 b209 a9ea b20a b1e9 ba29 cb2b d30a c28a c26a c26a c28a ba6a c28a c26a c28a c28a c28a ba6a b24a b24a cb0b f5f1 fed5 e531 ca89 c26a c28a c26a c26a c28a ba8b ba8b c2ec c2cc ca8b cb0c caed d30e d30d c2cd b24b b24b a22c 91cb 7949 60c8 58a8 60c8 5887 5067 5888 60e9 824e 716b 5047 5067 58a8 716b 692a 58c8 610a 60a8 5087 58c8 60e9 60c9 5088 58a8 692a 60c9 60c9 60ca 716c 8a50 92b0 92d1 718d 60cb 60ea 8b52 824f 5088 4026 4046 4047 58c8 928c cc2e d36d c2cc c2ed d452 dd33 dcd1 dd12 dd33 d4d2 d492 d4d3 c473 abd3 bc74 d4d1 d4d1 d533 dd94 ddb5 ddb5 d553 d4b2 ccd2 ccd2 ccd2 ccd2 ccb2 d430 d3ce dbcf e3ef e42f e470 e470 e491 e4b1 e513 ed53 ed74 ed74 ed74 ed95 ed95 edd5 edd5 edd5 edd5 edf5 edf5 edd5 edf5 f615 f636 f637 f636 f636 f636 f637 f636 f616 f5d5 f573 ec70 db4d c229 a988 9128 70a7 5067 4826 5047 5867 60e8 81ac 712a b3b1 cc73 d4b2 bbcf 922b 6109 60c8 6108 5929 58a8 60c8 60c7 60c8 60e8 68e8 6908 6908 6908 6909 7149 6928 68e8 60a7 60a7 5887 5887 58a7 60a7 60c7 68c7 58c7 5067 58a8 60e9 8a0b ab0d c3ae c3ae bb8e bb4d c38e c40f d46f d4b0 cc90 cc70 cc4f cc4f cc2f cc2f cc2f cc0f cc30 c40f c430 c40f c3ef cc0f c3ef cc2f cc0f c40f cc0f cc0f cc2f cc0f cc2f cc4f cc4f cc4f d470 d46f d470 cc70 cc70 cc70 cc70 cc4f cc50 d450 cc50 cc2f cc4f cc4f cc2f cc2e cc2f cc2f cc0f cc2e cc0f cbef cbef cbce 
b22a b22a b24a b24a aa2a aa2a aa09 b1e9 aa09 aa09 aa09 aa09 a1e9 a1c9 a1c9 a1e9 b229 c269 caea db4b db8c e3ed e42e ec6e ec8e ec8e ecce ecce eccf ecce ecae ecce eccf ecae ec6d e40d e3cc db6b cb0b b28b a20a 91aa 8949 9169 9189 9189 99a9 a1c9 a1ea a20a aa2a b20a b20a aa0a b20a b229 b20a b209 aa09 b209 b209 b209 a9e9 b1e9 b209 b229 b229 ba29 c2ab ba6a c26a c26a ba8b c28a c28a c28a c28a c28a c28a c28a c28a ba6a b22a ba6b e46d fed5 edd3 cb0b c2aa c28a ba6a ba2a ba6a c2ab caeb caec c2cc c2ac cacc cb2e caed cacb ba6b aa2b a20b 8929 70c8 60a8 60c9 6909 60e9 5067 4867 5868 5888 820d 718b 5087 58a8 60c9 6109 58c8 58e8 690a 5888 58a8 60c8 6109 58c8 58c8 60e9 690a 5888 5888 694b 79ce 79ce 79ad 820e 8230 79cf 798e 93d4 9bb3 694a 4026 4026 5088 8a4b c3ee d38c bacd baad cc11 dd53 e4d1 dcd1 dd33 dd53 dd13 dd13 d513 c4d4 ac14 b454 cc91 d4b1 d533 ddb5 ddf6 ddd5 d513 ccb1 d4d2 d4d2 cc91 cc92 d430 dbcf dbcf e40f e410 e450 e490 e491 e491 e4b1 ed13 ed33 ed74 ed74 ed94 ed94 ed95 edb4 edd4 edd5 edd5 edf5 edf5 edf5 f5f5 f5f6 f616 f637 f636 f637 f636 f636 f636 f636 f5f5 f574 ecb1 db8d ca4a a9a8 9968 78c7 5866 4846 4847 5047 60c8 798b 712a a32f ccb4 d492 bbb0 9a0b 7129 60c8 60c8 58e8 60c8 68e8 60c8 60c8 60c8 6908 68e8 6909 6908 7129 6929 6928 6908 60c7 5887 58a7 58a7 5887 60a7 60c7 60c7 58a7 5087 58a8 716a 9a8d b36e c3ae c3ae bb6e bb4d c3ae cc2f d48f d4af d490 d46f cc70 cc4f cc4f cc2f cc2f cc0f c40f c40f c40f c40f c3ef c3ef c3ef c3ef c40f c40e c40f c40f c3ef c3ef c3ef c40f cc0f cc2f cc2f cc50 cc50 cc70 cc70 cc70 cc50 cc4f cc30 cc2f cc4f cc4f cc2f cc2f cc2f cc2f cc2f cc2f cc0f cc0f cbee d3ee d3ee d3ee 
b22a b24a b24a aa4a aa4a aa29 a9e9 a9e9 b1e9 aa2a a9e9 a209 a1c9 a1c9 a1c9 a9e9 b209 ba69 caca d32b db8c e3cc e42d ec6e ec8f ecae ecae ecce ecce ecce ecce ecce eccf ecae ec6e e42e e3ac db6b cb0b ba6a a1ea 9189 8969 9189 91aa 99a9 99c9 a1e9 a1e9 a1e9 aa0a aa09 aa0a aa0a aa0a aa0a aa09 b209 b229 aa0a b209 b22a b209 b22a b20a b22a b209 ba4a ba8a c2ab c26a ba6a ba6a c28a caaa c28a c2ab c28a c28a c28a c28b c26a ba6a ba4a d32b f611 f613 db6c caaa c2aa ba69 ba4a c26a cb0c cacb cacb caec cb2e cacc cb0d c2ed ba4a a9ea a20a 918a 68e9 60c9 60a9 694a 79ad 58a8 5067 4867 5068 5888 71ac 79ed 610a 694a 6109 58a8 58c8 612a 60c9 58a8 58a8 60c9 60c9 58a8 58e8 696b 6909 5888 5048 60e9 8250 718c 79ae 716c 718c 610b 610a 8b30 9372 60e9 4027 4867 81eb bbae cbae c2cc bacd c3b0 dcf2 dcf1 dcb1 e4d1 dd53 dd74 dd54 d514 d534 c493 ac34 b412 cc92 cc91 d533 ddd5 ddf6 d574 d4d2 cc91 cc92 cc91 cc91 d430 dbcf dbef dbef e430 e450 e450 e491 e4b1 e491 e4d1 ed13 ed33 ed53 ed94 ed94 edb5 edb5 edb5 edb5 edd5 edf5 edf6 edf5 edf5 f5f5 f616 f616 f636 f636 f636 f656 f656 f657 f656 f615 f5b4 ecf1 e3ae ca8a b1e9 a188 80c7 6087 4867 4867 5067 5888 7129 798b 9a4c ccb4 d4b2 bbb0 a24b 818a 58a8 58c8 5887 60a8 68e8 68e8 60e8 60e8 6108 6908 6908 68e8 7128 7128 6928 60e8 60c7 5887 5887 60c7 60a7 60c7 60e7 60e8 58a7 5088 60c8 89eb ab2e c3af c3ce c3ae bb6e bb6e c3ee cc50 d490 d490 d48f d490 d490 cc8f cc6f cc6f cc4f cc2f c42f c42f c40f c42f cc0f c40f c40f c40f c40f c40f c40f c3ef c3cf c3ef c3ef c3ef c3ef c3ef cbef cc2f cc30 cc30 cc2f cc30 cc50 cc30 cc30 cc2f cc2f cc2f cc0f cc2f cc2f cc2f cc2f cc2f cc2f cc0f d40f d40e d3ef cbef 
b22a b22a b22a b22a b22a aa0a aa09 aa0a aa09 a9e9 a9e9 a1c9 a1e9 a1c9 a1a8 a1a8 aa09 ba6a cacb db2b db8c e3ed e42e ec8f ecaf eccf ecae ecce eccf ecee ecce eccf ecae ecae ec6d e40d e3cc db6c d2eb b26a a1ea 9169 8949 8969 9169 99ca 99ea a1e9 a20a a1c9 aa09 aa09 aa09 aa09 aa09 aa0a b20a b209 b249 b22a b209 b209 aa09 b209 b20a b22a b209 ba2a c2aa c32d c26a ba6a ba6a c28b c2ab c2aa caaa caab c2aa caaa c28b c26a c26a c26a c2ab e46c f612 dbcc caca c2aa c229 ba2a caec d32c cb0d c2ec cb0d cb2d cb0e c2cd c2cc aa0b 9189 8108 60a8 60ca 58c9 79ce 822e 718c 5067 5067 5088 5068 5068 612a 824f 796b 60e8 58a8 58c8 696a 71ac 60c9 5887 60c8 6109 5888 5888 610a 716b 60c9 58c8 5868 60c8 7a0e 610a 696b 716c 60c9 4848 4848 6169 9393 718d 4847 718a bb6e d3cd c2eb bacc c34f d4d2 dc8f dc90 dcd1 dcf1 dd52 ddb4 dd74 d574 d554 bc52 ac13 abb1 ccd3 d4f3 dd74 ddd5 dd94 d513 ccb1 cc51 cc71 d491 d42f dbef dbef e430 e40f e451 e471 e491 e4b1 e4b1 e4b1 e4b1 ed11 ed32 ed53 ed94 ed74 ed74 edb5 edb4 edd5 edd5 edf5 edf5 edf5 edf5 f5f5 f615 f616 f616 f636 f636 f637 f657 f657 f657 f636 f5d4 ed12 e40f d2ec ba2a a188 9127 6887 5088 5087 5087 5088 60e8 816b 89cb cc93 d4d2 c431 9a4b 818a 5887 58a8 58c8 60c8 60e8 68c8 60e8 6108 60e8 60e8 6908 60e8 6908 6928 6908 60e8 60c8 58a7 5887 58a7 60c7 60e7 60e7 58a7 58a7 58a8 6909 926c b36e c3ce c3ae bb8e bb4d bb8e cc0f cc6f d4b0 d4b0 d48f d48f d48f d490 d46f cc90 cc6f cc4f cc50 cc50 cc50 cc4f cc2f cc30 c430 cc2f cc2f c42f c40f c40f c3ef bbef bbef c3ef bbee bbef bbef c40f bbef c3ef c40f cc0f cc30 cc30 cc2f cc2f cc2f cc2f cc0f cc0f cc0f cc2f cc0e cc2f cc2f d40f d40f cc0e d40f cbee 
aa09 aa2a aa29 b22a aa09 aa2a aa2a aa0a aa09 aa0a a9e9 a1e9 a1c9 a1c8 a1a8 a1a8 a9e9 ba8a caeb db2b e3ac e3ed e42e ec6e ec8e ecae ecce ecce eccf eccf ecce ecaf ecae ec8d ec6d e42d e3cd db6c cb0c ba4a a1e9 9169 8949 8969 9169 99c9 99c9 a1c9 a1ea a1e9 aa0a aa0a aa09 b22a b209 b20a b209 b209 b22a b22a b22a b22a b20a b22a b20a b22a b24a ba29 ba4a caaa c26a c28a c28a c28a ca8a caaa c28a caab c2aa c2ab c2ab c28a c26a c28b caab d34b e4ad d32a caca c28a ba2a cacb d32d d30c d30d cb2f c2ee c30f c32f bb0f aa2b 99aa 70c8 60a8 610a 58a9 5088 698b 824f 692b 5068 5087 58e9 5068 5068 5888 696a 81ed 60c9 5088 60e9 71ac 694a 58a8 60a8 60c8 60c9 5868 5888 718c 692a 690a 690a 58a9 58a9 58e9 58c9 692a 71ad 5888 4827 4827 5088 82cf 8a71 714a ab2d d3ee c2eb baab c32e d4b2 dc70 dc4f dc70 dcd0 dd12 dd53 dd94 dd74 dd74 d574 bc93 ac12 a350 ccd3 d553 ddb5 dd94 d512 ccb2 cc50 cc30 d450 dc0f dbcf e3ef e410 e430 e431 e471 e491 e491 e4b1 ecd1 ecd1 e4d1 e4f2 ed12 ed33 ed74 ed94 ed94 ed94 edb5 edd5 edd5 edd5 f5f5 edf5 edf5 f5f5 f5f5 f616 f636 f636 f637 f637 f657 f657 f657 f636 f5f5 ed53 e450 db4d c229 a9a8 9148 70e8 5888 5088 5067 5067 60a8 81ac 818b bbd0 d4b2 d472 a24b 7949 60a8 60c8 5887 58c8 60e8 68e8 68e8 6928 6929 6908 68e8 6108 6908 68e8 68c7 58c7 60c7 58a7 58a7 58a7 60c7 60c7 60a7 5887 5087 58a8 798a a2ad bb8e c3ce c3ae bb6d bb6e c3ce cc4f d490 d4b0 d490 d48f d490 d48f d490 d46f cc6f cc70 cc6f cc90 cc90 cc70 cc4f cc4f cc4f cc2f cc2f cc2f cc2f cc2f c40f c40f bbef bbef bbef bbef bc0f c3ef c40f bbef c3ef bbef c3ef c3ef c3cf cbef cc0f cbef cc0f cc30 cc0f cc0f cc0f cc0f cc2f cc2f cc0e cc0f cc0e d3ee d3ee 
b209 aa2a aa29 b20a aa09 aa09 aa2a aa09 aa09 a9e9 aa09 aa09 a1e9 a1c9 a1a8 a1c9 b209 c269 caeb db4b db8c e3ad e42e ec6e ec8f ecae ecae ecce ecce eccf ecce ecce ecce ecae ec4e e42d e3ed db8d d2eb b26a a1c9 9189 8969 8948 9189 99a9 99c9 a1e9 a1ea a1e9 a20a aa2a aa09 b20a aa0a b22a aa2a aa2a b24a b20a b20a b20a aa0a b209 b20a b22a b24a ba2a ba4a ba6b c28a ba8a c26a c26a c26a c26a c269 c28a c26a c289 ba69 c249 caaa cb0b d30b c2a9 cb2a caea c269 c28a caab d2eb d32d d34e d34f c330 b311 b310 aaef a26d 91cb 7909 5887 694a 692b 5868 4847 58e9 7a4f 60ea 5068 610b 612a 58a8 5888 5047 5887 716b 712b 60e9 79cd 79cc 6109 5867 5867 60a8 60c9 5068 58a8 79ed 60c9 610a 714b 58a9 5068 5088 610b 694a 8270 58a9 4046 4027 4827 616b 8a8f a330 cbee cb4c b28b bb0d cc52 dcb0 dc4e dc4f dc4f dc70 dcf2 dd73 dd74 d554 dd74 d574 cd14 bc52 a371 c4d4 d554 dd94 d513 ccb2 cc71 cc30 d410 dbef dc10 dc10 e410 e430 e430 e450 e491 e491 e491 e491 e4b1 ecb1 ecd2 ecf2 ed12 ed33 ed73 ed94 ed94 ed95 edb5 edd4 edd5 edb5 edb4 edd5 edd5 edf5 edf5 f616 f616 f636 f616 f636 f636 f656 f657 f636 f616 ed93 ec90 db6d ca6a b1e9 99a9 7908 58a8 5088 5067 5067 5888 79ab 89cb b36f d4d3 d4b2 a26b 7949 6108 68e8 5887 60c8 6108 6908 68e8 6908 6908 6929 6929 6928 6949 6908 60c7 58a7 60a7 58a7 60c7 60c7 60e8 60e8 5887 5067 58a8 714a 926d ab2e bbae c3ae c36d bb6e bb8e c3cf cc6f d490 d48f d470 d46f d470 d470 cc90 cc8f d46f cc70 cc8f d490 d490 d46f cc70 cc70 cc70 cc6f cc50 cc2f cc2f cc4f cc4f c42f bc0f c3ef bbef bbef bc0f c40f c3ef bbcf bbef bbcf bbcf c3ef bbcf c3ce c3cf cbee cbef cbee cc10 cc0f c40f cc2f cc2f cc2f cc0f cc0e cbee cc0e d3ee 
b209 b22a b22a aa09 aa2a aa29 aa09 aa09 aa09 a9e9 a9e9 aa29 aa09 a1c9 a1a8 a1c9 aa09 ba6a caeb d34b db8c e3cd e42e ec8f ecaf eccf ecaf eccf ecce eccf ecee ecef ecce ecae ec6e e42d e3cd db6b d2ea b249 a1c9 9168 8968 9148 9169 9189 99a9 a1c9 a1ea a1ea aa2a aa0a aa2a b20a aa0a b22a b22a aa2a b22a b22a b22a b20a b20a b20a b22a b24a ba2a ba2a ba6a ba6a c28a ca8a c28a ba6a ba6a ba6a ba6a ba6a b24a b24a b22a ba4a cacb d36a c2a9 a1c8 a209 c2ea ba4a c249 d30c d2cb d2ed cb30 bb31 aaf1 ab10 ab30 a2ae 922b 818a 60a8 50a8 71cd 690a 4867 4848 5909 8290 690a 58a9 71ac 50a7 50a8 58a8 5067 5068 58a9 694b 822f 824e 712a 60c8 5067 5887 60e9 5888 5868 60e9 7a0e 5088 58a8 714b 692b 60a9 58ca 5889 71ac 8b11 60e9 4826 4026 4026 58c8 8a4d b38f c30c b28b bacd cc72 dd11 dc4f dc4f dc4f d450 d471 d4b2 dd33 dd74 d575 d574 d574 d554 c4d3 bc32 cd14 d554 d4f2 d4b2 cc91 cc50 d410 dbef e430 e451 e430 e410 e430 e451 e451 e491 e4b1 e4b1 e4b1 ecb2 ecd1 ecf2 ecf2 ecf2 ed33 ed53 ed73 ed94 edb4 edb5 edb4 ed94 edb4 edb4 edb4 edd5 edd5 edf5 edf6 f5f5 f616 f616 f636 f636 f637 f657 f616 f5f5 edb4 ecf1 dbae ca8a b1c9 a1a8 8108 60a7 5067 5067 5087 5888 7129 818b a2ed d4b3 d4b2 aaed 89aa 58a8 68c8 5887 58a8 60e8 68c8 60c8 68e8 6108 6929 6949 6928 6928 6908 60c7 5887 5887 58a7 60a7 60c7 60c7 60c7 5887 5087 58a9 716a 9ace b34f bbae c3ae bb6d bb6e c38e cc0f d46f d48f d48f d490 d46f d46f d470 cc6f cc6f cc6f cc6f cc8f cc90 d490 d490 d490 d490 d490 d490 cc6f cc4f cc2f cc2f cc4f c42f c40f bc10 c3ef bc0f bc0e c40f c40f c3cf bbef bbef bbef c3ce bbcf bbcf c3af c3cf c3cf c3ee c3ef c3ef cc0f cc2f cc2f cc0f cc0f cc0f cbee cbee cbef 
b229 b229 b24a aa09 b229 aa09 aa09 aa09 aa09 a9e9 a9e9 a1e9 aa2a a1c9 a1a8 a1a8 aa09 ba6a caeb db4c dbad dc0d e44e e48e ec8f ecae ecaf ecce ecce eccf ecef eccf ecae ecae ec8d e42d e3ac db4b d2ca ba49 a1e9 9189 8949 9148 9168 99a9 9989 a1c9 a1ea a1ea aa0a aa0a aa0a aa2a aa0a aa2a b20a b22a b20a b229 b209 b20a b20a b22a b20a b24a b22a ba4a ba49 ba4a c28a ca8a ca8a ca8a ca8a ca8a ca8a c2aa c28a c28a c2aa caaa cb4d c2cb 9989 a22a b34c c3ad c32d c24a cacc cacd c2f0 b311 b352 ab10 b2cd c2cc bacc a24b 8149 60a9 616b 824f 60c9 4847 4848 592a 8ad1 716c 60ea 58c9 4867 58c9 60c9 610a 60ea 690b 824f 79ed 716b 68e9 5888 5067 5087 60e9 5888 5047 694a 79ed 5068 5088 718c 79ce 60ea 58c9 58c9 7a8f 696a 50a7 4868 4047 4887 79aa a32e a2ad 9a2b aa8c cc11 d4f2 dc6f dc50 dc70 d470 d42f d450 d4b1 d553 dd94 d595 d554 d574 d554 cd13 ccf3 d554 d512 ccd2 d491 d450 dbef dc10 e451 e451 e451 e451 e430 e451 e471 e471 e491 e4d2 ecd1 ecb2 ecb2 ecd1 ecf2 ecd2 ecd1 ecf2 ed53 ed53 ed74 ed94 edb4 ed94 ed94 ed94 edb4 edb5 edd5 edd5 edf5 edf5 edf6 f616 f616 f636 f636 f637 f637 f636 f616 f5f5 ed32 e3ee ca8b b1e9 a1a9 8128 60a7 5067 5087 5087 5888 7109 816b 9a4c cc92 d4d3 b34f 89ca 58c8 68e8 60c8 6109 6949 68e8 6908 6908 6908 6908 6949 6928 6908 6908 58e8 58a7 58c7 60c8 58a7 60c7 60c7 58a7 58a7 5888 60c9 81eb a30e bb8f c3ae bb8d bb4e bb6e c3ce cc2f d46f d46f d48f d490 d46f d470 d470 cc70 cc90 d46f cc6f cc6f d48f d490 d490 d4b0 d4b0 d490 d4b0 cc90 cc70 cc4f cc4f cc4f cc2f c40f c40f c40f c40f c40f c40f bc0f bbcf bbce bbef bbcf bbcf bbcf bbcf bbcf bbcf bbce bbcf bbcf c3cf c3ef cc0f cc0f c40f cbef cbee cbef cc0f cc0f 
aa0a aa29 aa2a aa09 aa09 aa2a aa09 a9e9 a9e8 a9c9 a9c9 a9e9 a9e9 a1c9 a1a9 a1c9 aa09 ba6a caeb db4c dbad e40e e42e e46f ecaf ecaf ecaf eccf ecce eccf ecce ecce eccf ecae ec6e e42d e3cc db6b d2ea ba69 a1e9 9169 8948 8948 9168 9189 99a9 a1c9 a1ea a1ea aa0a aa0a aa2a aa0a aa0a aa0a aa2a b22a b22a b20a b22a b22a b229 b22a b209 b22a b24a ba6a c249 ba4a c26a c28a c26a caaa ca8a ca8a caaa c2ab ca8a ca8a ca8a ca8a dbec c40e b2cb caeb e38b e4ee dcf0 caab c28c b2af ab11 b331 bb2f bacd ba8b caeb ba6b 9189 60a8 58ca 69ac 8290 58a8 4847 4848 612a 8b12 7a0f 60c9 5047 50a8 5888 5888 692b 798c 8a4f 8a4e 71cc 716b 60e8 5887 5087 5887 60e9 58a9 5067 71ab 696b 5067 5068 71ac 8250 60a9 5068 69ac 71ec 5087 50a9 50a9 4847 6108 ab2e c34d a1ea a22b bbd1 dd32 dc8f dc70 dcb1 dcb1 d4b1 d450 d450 d4b1 dd53 dd94 d595 d574 d595 d575 d534 d533 d533 cd12 cc90 cbad d38e dbcf dbef dc30 e430 e451 e451 e451 e491 e471 e491 e4b2 ecd2 e4d2 ecd2 ecd2 ecf2 ecd2 ecd1 ecf2 ed12 ed12 ed32 ed53 ed73 ed94 edb4 ed94 ed94 ed94 edb5 edb5 edb5 edd5 edf5 f5f5 f5f5 f616 f616 f636 f636 f637 f616 f616 f5d5 ed32 e40f d2ec b9e9 9968 80e8 6087 5047 5047 5087 5888 6909 794b 8a0c cc92 d4f3 bb8f 91ca 6909 7129 60e9 6929 718a 6929 60e8 6908 6908 6928 6928 6928 6908 60c7 58a7 58c7 60e8 60e8 60c8 60e8 60e7 58a7 5088 58c8 714a 924c ab2e c38e c38e bb6d b32d bb6e cbef cc4f d48f d46f d48f d490 d48f d470 d470 cc6f cc6f cc6f cc6f cc6f d46f d490 d490 d490 d4b0 d4b0 d491 d490 cc90 cc6f cc4f cc4f cc4f cc2f c40f c40f bc2f c40f bbef c40f bbef bbef bbef bbcf bbcf bbef bbcf bbcf c3cf bbaf bbcf bbcf bbaf bbcf bbcf c3cf c3cf cbce cbee cbee cc0f cc0e 
a9e9 b229 aa2a aa09 aa09 aa0a a9e9 aa29 a9e9 a9e9 a9e9 aa09 a9e9 a9c9 a1c8 a1c9 aa0a ba4a caeb d36c db8d e3ed e42d e46e e48e ecae ecaf ecce ecce eccf eccf eccf eccf ecae ec6e e42d e3cc db6b d2ea ba49 a1c9 9189 8928 8969 9168 9989 99a9 a1c9 a1ea a20a aa0a aa09 aa0a aa2a aa2a b22a aa2a b20a b20a aa09 aa09 b209 b229 b209 b209 b229 ba29 ba4a c26a c26a c26a c28a c28a c26a caaa ca8a ca8a ca8a c2ab caeb cb6e cb2d dbac d3eb a9e8 b228 c268 d349 d3cb cb0d bacf ab11 ab11 c32e c2ed ba8b c2ac cb0c 99eb 68c8 58aa 696d 720e 7a2e 5047 4848 4889 612a 8b32 7a0e 5068 5047 58a8 5888 60a9 714b 79cc 79cc 714a 6929 60c8 5887 5067 5067 5887 58c8 60c9 5887 71cc 6109 5047 5068 71ed 7a2f 5888 5088 7a0e 610a 58ea 58ea 4888 58c8 9acc cbef b26b a1ea bb6f dd54 dcf0 dc8f dcd1 dd11 dd12 d491 d430 d42f d491 d534 dd95 d595 d595 d595 d575 d574 d553 ccd1 bb6b b229 ba4b c2cc cb2d d36e dbae dbcf dc10 dc31 e450 e471 e471 e4b2 e4b1 ecd2 ecd1 ecf2 ecd2 ecd1 ecd1 ecd1 ecf2 ecf1 ed12 ed32 ed53 ed73 edb4 edb4 edb4 ed93 ed94 ed93 edb4 edb4 edd4 f5f5 f5d5 f5f5 f615 f616 f616 f636 f636 f616 f5f5 f5d4 ed32 e42f caeb a9a8 88e7 70a7 6067 5866 5067 5067 5067 60c8 794b 798a c472 dd13 c3cf 91eb 7949 7129 60c8 6929 6949 6929 6108 6109 6908 7149 7149 6928 68e8 60c7 58a7 58a7 60e8 60a7 60c7 60e8 60c7 50a7 50a8 60e9 79cb 9ace b34e c38e c38e bb6e b34d bbae cc0f d44f d46f d470 d48f d46f d46f d46f d46f d46f cc6f cc6f cc6f cc6f cc6f d48f d490 d48f d490 d4b0 d4b0 d490 d490 d46f cc4f cc4f cc4f cc6f cc4f cc4f c42f c42f c40f c42f bbef bbef bbef bbef bbef bbef bbcf bbcf bbcf bbcf c3cf bbaf bbaf bbcf bbcf c3cf bbcf c3ae c3ae c3ce c3ae cbce 
b22a aa29 aa0a aa09 aa09 aa09 a9e9 aa09 aa09 a9e9 b1e9 aa09 aa09 a9c8 a1c9 a1a8 a9e9 ba4a caca d34c db6c e3ed e44e e46e e48f ecaf ecaf eccf eccf eccf ecce eccf ecce ecae ec6e e42d e3cd db6b d2ea ba4a a1e9 9189 8929 8969 9189 99a9 99a9 a1c9 a1c9 a1ea aa0a aa2a aa2a b22a aa0a aa0a aa0a a9e9 aa2a b209 aa0a aa09 aa09 b209 b22a b22a ba2a ba4a c26a c28a c26a ca8a c28a c2aa ca8b caaa ca8a ca8b cacb dcd2 e591 dc8c d3cb 99c8 5867 6086 6886 70a7 9189 baee b352 b351 bb0e caec c28b ba4a ba8a a9e9 8149 60c9 696c 71cd 7a6f 696b 4847 4868 58ca 7a0e 9332 694b 5047 5067 60c9 60c8 6909 6929 60e8 58a8 60e8 60c8 5887 5067 5087 5888 5888 58c8 60c9 58a7 694a 58a8 5048 58c9 7a2e 7a2f 5888 610a 7a0e 60ea 58e9 4867 4887 8a4b c3ee c30c a20b b2cd d513 dd31 dcb0 dc90 dd11 dd52 d512 d470 cc0f d3f0 d491 d554 ddb5 ddb6 ddb6 ddb5 dd94 d573 c48e a269 9147 9988 a1ea b24b b26b baac caed cb0d cb2d d36e dbaf dc10 e471 e492 e4b2 ecd2 ecf2 ecf2 ecf2 ecd2 ecd1 ecd1 ecd1 ecd1 ecf1 ed12 ed33 ed53 ed94 edb4 ed94 ed93 ed74 ed74 ed94 ed94 edb4 edd4 edd5 f5d5 f5d5 f615 f615 f616 f616 f5f5 f5b4 ed52 e490 dbae c28a 9947 78c8 6887 6087 5866 5047 5047 5067 60a8 818c 6929 bc32 dd33 c410 9a4c 7108 68e8 6909 6929 6109 6109 6129 6909 6929 716a 718a 6949 60e7 60a7 58a7 58a7 58c7 58a7 60c7 60c8 58c8 50a8 50a8 60e9 89ec ab0e bb8e bb8e bb6e bb4d bb4d c3ce cc2f d46f d470 d46f d46f d44f d46f d46f cc4f d44f cc6f cc6e cc6f cc4f cc4f cc6f cc70 d46f cc90 d490 d48f d490 d490 cc70 cc4f cc4f cc4f cc4f cc2f cc4f cc4f c42f c42f c42f c42f bc0f bc0f bc10 c3ef c3ef c410 c40f bbef bbef bbcf bbcf bbcf bbcf bbcf bbcf bbcf bbaf bbae bbaf c38e c3ae 
a9e9 aa09 b209 aa09 aa09 aa09 aa09 aa09 b1e9 aa09 aa09 aa09 a9e9 a9c8 a1c9 a1c9 aa09 ba49 caeb db2b dbad e3ed e44e ec6e ec8e ecce eccf eccf eccf eccf eccf ecef ecce ecae ec8d e42d e3cc db6c d2ea ba6a a1e9 91a9 8949 8969 9189 99a9 9989 99a9 a1c9 a1ea a9ea aa0a aa2a b22a b22a aa2a aa4a aa2a aa0a aa2a aa2a aa0a aa0a b22a b209 b229 b229 ba29 c26a c26a c28a c2aa c28a c28b c2aa c2aa caab ca8b d36c f614 e4ee ba88 99a7 70c7 4847 4847 5047 5068 89ec bbb2 c495 d535 d38f c28b b20a aa0a aa0a 80e8 60a9 610a 79ee 71ed 8290 50a8 4868 4869 610b 8ad0 9353 610a 4826 5887 60c8 5887 60a8 60c8 60c8 58a8 6109 60e9 5888 5087 58a8 60e9 58a8 58a8 60ea 60e9 716b 60e9 5889 60ea 71ad 7a0e 60c9 614a 694b 4867 4847 4847 7189 bbae c36c aa2a b28b cc71 dd52 dcaf dcd0 dd11 dd52 dd93 dd32 cc30 cc10 cc30 d4f3 dd75 ddb5 ddd6 ddd6 ddb5 d573 c40e aa49 a1ea a20a aa2a aa2a aa0a a9e9 aa2a a1ea 99a9 aa0b b26b c2ac cb2d d3af dc30 e491 e4d2 ecf2 ed12 ecd2 ecd1 ecd2 ecb1 ecd2 ec91 ecd0 ed12 ed12 ed53 ed93 ed93 ed94 ed73 ed53 ed73 ed93 ed74 ed94 edb4 edd5 f5d5 f5d5 f5f5 f615 f5f5 f5f5 ed93 ed32 e46f d3ad c2cb a9e9 8107 70c8 6887 6066 5846 5047 5067 5067 60c8 81ab 68e9 b3d0 dd34 cc11 aaed 7149 60c8 68c8 7149 6949 60c8 6909 68e8 6929 7169 7148 6908 60a7 58a7 58a7 58a7 60a7 60e8 60c7 60c8 58a8 5088 58c8 714a 924c ab2e c38e bbae bb6e b34d bb6e c3ef cc4f d46f d46f d46f d44f d44f cc4f d44f d44f d44f d46f cc4f cc4f cc4f cc4f cc4f cc4f cc4f d48f d46f cc70 d46f d48f d48f cc6f cc4f cc2f cc2f cc4f cc4f cc4f cc4f cc4f c430 c42f c42f c40f c40f c410 c410 c3f0 c410 bbf0 bbcf bbcf bbcf bbcf bbcf bbaf bbaf bbaf bbaf bbaf b3af b38e bb8e 
aa0a aa0a aa0a aa0a aa0a aa2a aa2a aa2a b209 b1e9 aa09 aa09 a9e9 a9c9 a1c9 a1a9 a9e9 ba49 cacb db4b dbad e3ed e42e ec6e ec8f ecaf ecaf eccf ecef eccf ecce ecef eccf ecaf ec6e e42d e3ec db8b d2ea ba49 a1c9 9169 8949 8969 9189 91a9 9989 a1c9 a20a a1e9 aa0a aa0a aa2a aa2a b22a aa0a aa2a b22a b24a b22a b209 b229 b229 b209 b1e9 b229 b22a ba2a ba4a c2aa c28a c28a ca8a c2ab caab cacb caab caac db6c f5b1 d46e a24a 68c7 68a7 5867 5047 6068 7909 a2cf c3f3 ed31 ed70 d3ee ba4a 9968 8969 8989 70e9 60ca 692b 79ed 82d1 71ed 5088 5069 50aa 71ae 8aaf 93b3 614a 4826 5067 5887 5087 60c9 614a 614a 58e9 6109 694b 60e9 5087 58c8 58c8 58a7 5088 58c9 60e9 81ee 79ad 68ea 612b 696c 71cd 60c9 610a 58ea 4047 4868 60e8 ab0c cbee aa4a a24b c3f0 dd11 dcb0 dcd0 dd11 dd32 dd94 ddb4 d4f1 cc30 cc10 d472 d534 dd74 ddb5 ddd6 ddd4 d553 cbcd c2ab c2cc cb2e cb4e cb4e c32d bacc ba8b aa4b a1ea 8988 8127 8948 9188 99a9 b24b c2cc d3ae dc31 e4b1 ecd2 ecd2 ecd1 ecf2 ecd1 ecb1 e4b0 ecb1 ecd1 ed12 ed53 ed94 ed94 ed94 ed73 ed32 ed53 ed73 ed73 ed93 edb4 f5d4 f5d4 f5d4 f5f4 f5d4 edb3 e532 dc6f d3ce c32c ba8b aa0a 9989 8107 70c7 68a7 6066 5846 5067 5067 5067 60c8 716a 60a9 ab2e dd34 cc72 b32e 796a 60c8 60a8 6908 7949 6908 6929 6108 6929 6928 6908 60e8 60e8 58c8 58a7 60c8 60a7 60c7 6108 60c8 60a7 5888 58a8 798a 9a8d b34e c38e bb8f b36e b32e bb8e cc0f d44f d48f d46f d44f d44f d46f d44f d44f cc4f cc4f cc4f d44f cc4f cc4f cc4f cc4f cc4f cc4f cc70 cc70 cc70 cc6f cc70 cc6f cc6f cc2f c42f c42f cc4f cc2f cc4f cc2f c44f c42f cc4f cc2f c430 c450 c430 c430 c430 c410 c410 bbef bbef bbcf bbcf bbcf bbce bbcf bbaf bbaf b38f b38f b36f b38e 
b209 b22a aa2a b22a aa09 aa29 aa09 aa09 aa09 aa29 aa09 b1e9 a9e9 a1c9 a1c9 a1a9 a9e9 ba6a caeb db4c dbac e3ee e42e ec6e ecaf ecce ecae eccf eccf ecce ecef eccf eccf ecae ec6e ec2d e3ec db8c d30b ba6a a1c9 9169 8948 8948 9189 99a9 99a9 a1c9 a1e9 a9c9 a9c9 aa0a aa4a aa2a aa2a aa0a aa09 aa0a aa0a aa0a aa0a b209 b209 b1e9 b209 b229 ba2a ba49 ba4a ba8a c26a c26a c28a ca8a c2ab c2ec caeb cb2c db4c e42d dc2d bb2c 8969 70e8 60a7 5047 5068 7109 aaef cc31 db8c c289 ba8a a1ea 8108 8169 89aa 70e9 60ea 71ad 7a0d 826f 58c9 5089 5089 696c 820f 79cc 8b72 696b 4847 5067 5047 58c9 694b 694a 6129 594a 58a8 696a 696a 58a8 60e9 5887 5046 5067 5047 5067 694a 822f 690b 69ed 616b 614b 692b 610a 50a9 4848 50c8 928c cbee c30c aa2b bbb0 dd54 dcb0 dc90 dcf1 dd53 dd94 e5d4 dd73 d490 cc0f cc50 d4d3 d574 d595 ddd6 ddd5 d531 cb6d cacc d32d db6e dbce dbcf dbaf dbcf dbcf d38e cb2d ba8c aa0a 9968 8927 8107 8107 8127 9168 aa0a bacc d3ce e470 e4b1 e4b0 e4b1 ec91 e491 e4b1 ecb1 ecb1 ed12 ed52 ed53 ed74 ed94 ed74 ed53 ed53 ed74 ed74 ed73 ed73 f5b3 f593 ed73 ed31 e4cf d42e c34c aa8a 9a09 91a9 99c9 99a9 9188 9148 9128 8907 6886 5866 5887 5087 50a8 58c8 6909 60a8 a30e dd14 d451 bb6e 81ab 60e9 60c8 60e8 7149 6929 7169 6928 7149 7129 6908 60c8 58c7 60e8 58a7 58a7 5887 60c7 60e8 60e8 60c8 58a8 60c9 81cb a30e c3ae c38e bb6e b32d b34e c3ce cc4f d46f d46f d48f d44f d44f d44f cc4f cc4f cc4f d44f d44f cc4f d44e cc2f cc2f cc2f cc2f cc4f cc4f cc4f cc4f cc70 cc6f cc6f cc50 cc2f cc2f cc4f cc2f cc2f cc4f cc4f cc2f c42f c42f cc50 cc50 cc30 cc50 c450 c430 c430 c430 c3ef bbcf bbef bbcf bbcf bbef b3cf b3af bbaf b38f b38e b38e b36e 
b22a aa2a aa2a b20a aa09 b229 aa2a aa29 aa09 aa09 b229 b209 a9e9 a1e9 a1c9 a1a9 a9e9 ba29 caaa d32b dbac e3cd e40d ec6f ecae ecae ecae ecce eccf eccf eccf ecef eccf ecaf ec6e ec2d e3cc db6c d32b ba6a a1c9 9169 8969 918a 9189 91a9 99a9 a1c9 a1e9 a9e9 a9ea aa0a aa4a b22a b22a b229 b20a b1e9 a9e9 aa09 a9e9 aa0a b209 b209 b209 b229 b24a ba49 ba4a ba4a c26a ba8a c28a c26a caab cb2c d38d db8c db4c d34b dbcc c38c 8127 68c7 60a7 5067 4868 6109 a30f c32d c2ec a1c9 99c9 99eb 8129 8189 816a 68ca 696c 7a2f 79ee 690a 5089 5069 612b 7a30 79ef 60c9 8311 7a0e 4847 5067 50a8 614a 71ab 692a 58e9 616b 614a 71ac 79cd 60c8 60e8 5067 5067 5067 5046 5047 58a8 698b 7a2e 82b2 610b 58e9 79ce 58a8 4847 4847 718a bbce d40e baab bb0e d513 e511 dc8f dcd0 dd12 dd74 ddd5 ddd5 d512 cc30 cc10 d4b2 d554 d5b5 ddd6 ddd4 ccd0 c30b caab d2cc d32d db8e dbae dbae d30d d36e dc10 e410 dbcf d30d cacc ba8b a9ca 99a9 9168 8927 8107 8907 9169 aa4b d32d dc0f e470 e470 e471 ec70 e491 ecb1 ecd1 ecf1 ed32 ed73 ed73 ed53 ed74 ed33 ed54 ed94 ed93 ed73 ed52 ed72 ecf1 dc6e cb8c b28a a209 99e9 91a9 91ca 91cb a22b b28c b26b b22a b209 a188 78c7 6887 6087 5087 5067 5887 6909 60e9 a30e dd14 cc51 bb6f 922b 6929 60c9 60c8 718a 6949 6948 7108 7149 6928 68e7 60c7 58a7 58c7 58a7 60c8 60a7 60c8 60e8 6108 60e8 58c8 68e9 8a0c ab2e bbaf bb8e b34e b32e bb8e cbee d44f d46f d46f d46f d46f d44f d44f d44f d44f cc2f cc4f cc4f cc4f cc4f cc2f cc4e cc4f cc2f cc4f cc4f cc4f cc50 cc6f cc4f cc4f cc4f cc2f cc4f cc2f cc2f c42f cc2f cc4f cc2f c44f cc4f cc30 cc2f cc50 cc50 cc50 c450 c430 c430 c410 bc0f c40f bbf0 bbef bbcf bbcf b3cf bbaf b38f b38f b38f b36e 
b209 aa0a aa09 aa2a aa0a aa4a aa4a aa2a aa29 aa29 b209 b1e9 aa09 a1c9 a188 a1a9 a9e9 ba49 caab db0b dbac e3cd e40d ec4e ec8f eccf ecae ecaf eccf ecce eccf ecef ecef eccf ec8e e42d e3ed db6b d30b ba6a a1e9 9169 8949 9189 9989 99a9 99a9 a1ea a20a a1ea aa0a aa4b aa2a b22a b209 b20a b20a b209 b209 a9e9 a9c9 aa09 a9e9 b1e9 b22a b209 b209 ba09 ba4a ba29 ba49 ba6a ba6a c28b d34d dbce dc0f dbcd db6d db6c dbcc c3cf 8169 7128 8a2b 79eb 50a8 6109 a310 c30d c34e a1ca 8928 91ea 8169 70e8 68c9 610a 71cd 8270 79ef 60ca 58aa 60eb 7a50 8270 610b 5068 7a6e 9312 58c8 5067 5088 58e9 692a 60e8 5088 5088 58a8 71ac 824f 718b 58a8 5046 5046 5866 5866 5867 5867 5909 616a 7aaf 71ad 58c8 6109 4847 4026 58c8 a2ec cbee cb0b bb0d ccb2 dd52 dcaf dcb0 dd11 dd53 ddb4 ddf5 dd94 d4d1 cc30 cc71 d513 dd95 ddd5 ddd4 cc6e baaa c26a cacb cacb d2ec d34d d32c d34d c2ac b22a d3ae e40f dbcf caec caec cacb b1e9 b20a aa09 a1a9 99a9 9189 9989 a1ca ba6b d34d e430 e450 e450 e450 ec50 ec70 ecb1 ecd2 ed13 ed53 ed73 ed74 ed74 ed53 ed53 ed53 ed53 ed12 ed12 e4d1 d3ce bacb a1e9 99c9 a20a aa6c a22b aa8c b28c bacc cb2d c26a ba08 a9e9 9988 78e7 70c7 6087 5067 5087 5887 6909 68c9 9a8c d4f3 cc52 bb4e 9a4c 6908 60a8 60c8 6949 6929 68e8 6909 6929 7149 6908 60e8 58a7 58c7 60c8 60c8 60c7 60c7 60e8 60e8 60e8 60e9 712a 9a6d b34e c3ae bb8e b34e bb4d c3ae cc2f d44f d46f d46f d44f d44f d44f d44f d44f d42f d42e d44f cc4f d44f cc4f d42f cc2f cc4f cc2f cc2e cc2f cc4f cc4f d44f cc4f cc4f cc4f cc4e cc2e cc2f cc4f c40f cc2f cc2f cc2f cc4f cc4f cc4f c42f c44f c450 cc50 c430 c430 c430 c430 c410 c40f bc10 bc10 bbef b3cf b3cf b3af b38f ab8f b36e ab6f 
aa09 aa2a aa0a aa2a aa2a aa4a aa2a aa2a aa2a aa09 b209 a9e9 a9e8 a1a8 a1a8 a188 a9e9 ba49 cacb db4b dbac e3cd e40d ec6e ecae eccf ecaf ecaf ecce eccf ecce ecee ecef f4cf ec8e e42d e3ed db8c d30b ba8a a9e9 9189 8948 8948 9189 9989 99a9 a1e9 a1ea a20a aa0a b22a b22a aa09 aa09 b22a b209 b209 b209 b209 b1e9 b209 b209 b209 b209 b209 b209 ba29 ba49 ba2a ba4a ba4a c26a caeb dbad dbee dc0e dbce dbad db8d e3ec dd11 bbee a2ac c3ef bb6f 920c 8a4d ab0f c2cc d36c b28b 7928 7969 6908 58a8 60ea 714c 7a0e 8af2 79cd 692c 692c 71ad 82d1 71ce 4868 4847 696b 8af1 694a 50a8 5088 6129 79cd 58a8 5067 4867 5088 696b 8a6f 81ed 5887 5067 5046 5866 5887 5887 5867 5067 5888 58e8 71ac 612a 4847 4847 5067 8a4b c3ce bacc b28c cc51 dd73 dcb0 dcb0 dcf1 dd52 ddb4 e5d5 ddf5 dd53 d4b1 d471 d4d3 dd74 ddf5 ddb4 bbac b229 b209 c249 c249 ba4a ba6a c28a c289 baaa a9a8 80e7 b26a d3ad cb0c b1c9 ba6b a9e9 b1ea ba8c ba8c b20a ba4b b1ea b20a b20a c24b caec db8e e3ef e3ef e40f e450 e450 ec70 ecd1 ed33 ed53 ed94 ed94 ed94 ed73 ed54 ed74 ed53 ecd1 e490 d3ef c2ec b28c aa6c b26b b2ab baab a1e9 aa09 a1e9 b24a b229 a9c8 9167 9968 8928 78e7 7949 60a7 58a8 5087 5888 6929 68e9 926c d4f3 cc72 bb4e 9a6b 798a 60a7 60a7 6108 7149 6108 6928 6928 6928 60c7 58c7 58a7 60a7 60c7 60c7 60c7 60e7 60c7 58a7 60c8 6909 81ab a2ee bb6e c38e bb6e bb2d bb4d c3ae d42f d44f d44f d44f d44f d42f d42f d42e d44f d42f d42e d44f d42e d42e cc2f cc2f cc2f cc2f cc2f cc2e cc4f cc4f cc4e cc4f d46f cc4e cc4f cc4e cc4e cc4f cc2e cc2f cc2f cc2f cc2f cc2f c42f c44f c44f cc4f cc50 cc50 cc50 c451 c430 c430 c40f c40f c430 c430 c40f bbef b3cf b3af b3af b3af b38f ab6f 
a9e9 aa0a aa09 aa09 aa4b b22a aa2a aa2a aa29 aa09 aa09 a9e9 a1c8 a1a8 a188 a188 a9e9 ba49 caca d34b dbac e3ed e42d ec6e ecae ecce eccf ecce ecce eccf ecce ecce eccf ecae ec6e e44e e40d dbac d32c ba6a a1e9 9168 8949 8948 9189 9989 9989 a1a9 a209 a1ea aa09 aa0a aa2a b209 b20a b209 b209 a9e9 b209 aa09 b1e9 b209 b1e9 b1e9 b1e9 b229 b209 b229 b22a b24b b28c b2cd c32e d34c dbad dbee dc0e dbee dbce dbcd e3ec ed0f e4ee d46e dc90 dc30 cb4e aa8c 91eb 99a9 a1c8 8128 58e8 594a 50a8 58eb 718d 820f 8ad1 7a2f 60ea 798d 79af 71ac 8ad1 718c 4847 4827 590a 720c 71cd 5888 5088 612a 79ed 58a8 5087 5047 5068 610a 822e 826f 692a 5087 5087 5067 5887 58a7 5867 5887 5867 5067 5086 610a 4868 4026 7148 bbae c36c aa4b c38e dd53 dcf0 dcb0 dcd0 dd31 e593 e5d5 e616 ddd5 d553 d4d2 d4d2 dd53 ddd5 d593 b34c 99c8 a9c8 a9e8 b1e8 a9e9 99a8 9167 9147 9187 9167 80c6 7086 8967 aa49 9988 70a6 8127 8128 99ca baac ba2a ba2b caab c28b c26a c26b ca6b d2cc db2d db8e dbcf e40f e410 e3ef ec50 ecb1 ed32 ed74 f593 edb4 ed94 ed73 ed53 ed53 ed53 ecd1 dc0f cb6e c30d baec baec a1e8 99c8 8947 78c7 78e7 78e7 8927 8127 8127 8107 8948 8907 7928 7907 5887 5067 5067 58a8 6949 68e9 924c d4f3 cc92 b30d 9a8c 81aa 60a7 58a8 6128 718a 6908 6949 6928 68e8 60c7 58a7 58a7 58a7 60a7 58c7 60c7 60e8 60c8 5887 58a8 6929 924c b32e bb8e bbae bb4e b32d bb6e cbef d44f d44f d44f d44f d44f d44f d42f d42f d42f d42f d42f d42f d44e d42e cc2f cc2f cc2e cc2f cc2f cc2f cc2f cc4f cc4f d44f cc4f cc2f cc2e cc2f cc2f cc2f cc2e cc0f cc2e cc2f cc2f c44f c430 cc4f cc4f cc2f cc4f cc4f c450 cc30 c410 c40f c3ef c3ef c410 c40f bc10 bbef bbf0 bbcf b3af b3af b3af ab8f 
aa0a aa2a aa2a aa09 aa2a aa0a aa09 aa09 a9e9 aa09 b229 a9e9 a1e9 a1a8 9988 9968 a9c9 ba49 cacb db2b db8c e3cd e40d ec6e ec8e ecce ecce ecee ecee ecee ecce ecee ecef ecaf ec6e e42e e40d dbac d32b c28a a9e9 9168 8968 9128 9148 9168 9989 a1a9 a1e9 a1ea aa09 aa09 b209 b209 b229 b209 b209 b1e9 b1e8 b1e9 b1e9 b1c8 a9e9 b1e9 b1e9 b1e9 b1e9 aa0a b26c b32f bb70 c3d0 cbee d38e dbad dbcd dbee dbee dbee e3cd e3cd e3ed db6c caeb dbce dc2f bacd 78e8 68c8 6087 5067 5087 50e9 61ac 698c 71ae 79ce 8ad1 8ad1 690a 60ca 796d 81f0 79ed 8ad1 694b 4868 4847 612b 698b 79ed 58a9 5068 6109 7a2e 5887 5067 4847 5068 50a9 696b 82d0 822f 58e9 5087 5087 5887 5887 6087 58a7 5866 5046 4846 4867 5048 5087 9aec cbef ba8b b2cc d513 dd10 dcb0 dcd1 dcf1 e573 e5d4 e616 e5f6 dd95 d573 d533 dd53 ddd4 dd92 aaca 9168 9967 9988 9147 80e7 8927 8107 70e7 70c7 70a7 68a6 6886 6886 68a6 70a6 6886 6066 6066 6066 78a6 99a9 a1e9 c2ed d30d d2cc d2ab d2cc d2ab d2ec d32d db6d dbae e3ef e3ef e40f ec50 ecb1 ed32 ed94 f573 ed94 ed94 f594 ed94 ed73 ed32 e46f d38d bacb aa4a 91c9 8127 70a6 70c6 68a6 6886 6887 68a7 68c7 70e8 70e8 78e8 8108 8107 8128 68a7 5887 5867 4847 5067 7149 710a 920b d4d2 d4b3 b32e a2cd 89ca 7129 60a8 6908 79aa 6908 7129 6908 68e7 60a7 58a7 58a7 60c7 60a7 58a7 60a7 60c8 58c8 5067 5088 6929 9a8d b36e c3cf bb8e bb6e bb4d c3ae cc0f d44f d46f d44f d44f d44f d44f d42e d42e cc2f cc2e d42e d42e d44e d44f d42f d40e d40e d40e cc2f cc2f d42e cc4f cc4f cc4f cc4f cc4e cc4e cc2f cc0e cc2f cc2e cc2f cc2f cc4f cc4f c42f c42f cc2f cc2f cc4f cc30 cc50 c430 c430 c430 bbef bc0f bbef bbef bbef bbef bbcf bbf0 bbcf bbcf b3af b3af ab8f 
aa09 aa2a aa2a aa09 aa09 aa09 aa0a aa09 aa09 aa09 a9c8 a209 a1e9 a1a8 99a8 9968 a1a8 ba29 caca d32b db8c e3cd e42d ec6e ec8e ecce ecce ecce ecee ecef ecef ecce eccf ecaf ec6e ec2d e3ec db6b d30b c26a a1e9 91a9 8948 8928 9168 9988 9989 a188 a1c9 a1c9 aa09 b209 b229 b209 b209 b1e8 b209 b1e9 b1e9 b1e8 a9e9 a9e9 a9e9 b1e8 a9c8 a9a8 a9c9 aa0b bb4f cc11 d4f1 dd10 d34b d38c dbac dbcc dbee e3ed dbce e3ed e3ee dbce bb0d a20b a20a aacd 9a4c 68c8 5067 4847 4847 50a9 69cd 7a30 79ae 79ae 8250 9373 8a70 714d 692b 79ef 79cf 7a2e 8b12 696b 4868 4868 6129 696b 610a 694b 50a9 6129 826f 58a8 5067 5047 5067 5068 5089 71cd 9312 8270 694b 50a8 5087 5866 5866 58a7 5887 5046 48a8 4047 4826 79ca c40f c34c baac cc51 dd94 dcd0 dcf1 dcf1 dd32 e593 e5f5 e5f6 ddd5 dd74 dd73 dd53 ddb4 d551 a289 8927 8927 8907 88e7 78c7 70a7 68a7 68a7 68a7 6887 6886 6886 6886 6887 68c7 6907 6907 60c7 5866 5846 6066 6866 8928 baab d32e d30c d2cc d2cc d2ab d2ec db2d db4d db6d e3ae e3cf e40f ec30 ecb1 ed12 ed74 f594 f5b5 f5d5 f5d5 f5b4 ed52 e4b0 cb6c aa6a 8148 70e7 68c7 68a7 6886 68a7 68a6 6886 6866 6887 68c7 68c7 68e7 70c7 70c7 7907 70e7 6086 5887 5867 5067 5067 7149 710a 89eb d492 d4d3 bb6f a28c 89ca 7149 60c8 60e8 716a 6909 6908 6928 60e8 5887 5887 58a7 60c7 58a7 60e8 60e7 60e8 58c8 5067 5067 7149 a2cd bbaf c3ae bb8e bb4e c36d c3ce cc2f d46f d44f d44f d44f d44f d44f d42e d42e cc2f cc2f cc0f cc0f cc2f d42e d42f d40e d44f d44e cc2f cc2e cc2f cc2f cc2e cc2f cc2f cc4f cc4e cc2f cc2e cc2f cc2f cc2f cc2f cc2f c42f c40f c42f c42f c42f c430 cc30 cc50 c430 c40f c40f c40f bbef bbef bbcf bbef bbef bbef bbcf b3cf b3af b3af b3af b38f 
a1e9 aa09 aa09 a9e9 a1e9 a209 a20a a9e9 a9c9 a1c9 a1c9 a1e9 a1a8 9988 9968 9168 99a8 b209 caaa d32b db8c e3ed e42d ec6e ec8e ecae ecce ecce ecef ecee ecef eccf eccf ecae ec4e e40d e3cc e38c d32b ba8a a1e9 9189 8928 8928 9148 9988 99a8 99a8 a1a8 a1a8 a9e9 a9c9 aa09 b209 b209 b1e8 b1e9 b1e9 a9c9 a9e9 a9e9 a9e9 a9e9 a9c8 a988 a989 a9eb bb50 cc93 dd12 f631 eccd d2ea db6b dbac dbac dbcd e3ed e3ee dbce d3ce c36e aaad 818a 68c8 81aa 81aa 6087 4847 4047 5089 69ce 8af2 8a50 716c 71ad 8af2 7a0d 71ad 79ef 718d 7a10 718d 82d1 9353 694b 4047 5088 612a 714b 5068 692b 692c 6129 8ad1 60c8 5088 5067 5047 4847 5048 58a9 7a4e 92f2 8ad1 71ad 5088 5046 5846 5887 5887 4866 4067 4027 60e8 ab4d cc0e b22a c38f dd74 dd10 dc8f dcf0 dd11 dd33 e594 e5f6 ddf5 ddb5 dd95 dd94 dd93 d572 aaea 8927 80e7 8107 78a7 7086 6887 68a7 68a7 68c7 68a7 6087 6066 6066 6067 60a8 6949 8a2b 924c 7969 60c7 5886 5067 5867 6046 8927 ba4b d30d d30c d2ed d2cb d2cc db0c db4d db6e e38e e3ae e3ef ec50 ecb1 ed32 ed94 f5d5 f5d5 f5f5 f5f5 edd4 dd11 c34c 9188 7108 60e8 60c8 60c7 60e8 68a7 8169 8169 70e7 68a7 6087 68a7 68e7 6908 68c7 70c7 70c7 68a6 6086 6086 5866 5067 5887 6929 68c9 89ca cc71 d4d3 bb6f 9a4b 89eb 7149 7109 6908 796a 6908 6928 68e8 60a7 5887 58a7 58c7 60a7 60a7 60c7 60c8 60e8 58c8 5088 5888 81aa ab0d c3af c3ae bb6d bb6e c3ae cc0f d44f d44f d46f d44f d44f d42f d42e d40e cc0f d42e cc0f cc2f cc0f cc2e d42f d40e cc2f d42f d42f cc0f d42f d42f cc2f cc4f cc2f cc2f cc2e cc2e cc0f cc2e c42f cc2f cc2f cc2f cc0f cc2f cc2f c40f cc0f c430 c430 c40f c42f c40f bc0f c3ef bbef c3ef bbcf bbef bbcf bbcf bbcf bbaf b3af b3af b3af b3af b38f 
a1e9 a1e9 a1e9 a1e9 a1c9 a1e9 a1e9 a1e9 a1c8 a1c9 a1c9 a1c9 99a8 9988 9148 9148 9968 b209 c2aa d30b db8c e3cc e42d ec8e ecae ecce ecce eccd ecce ecee eccf ecce ecce ecae ec6d e42c e3ec db6b d2eb c28a a9c9 9148 8928 8928 9148 9988 9988 a1a9 a1c9 a1c9 a1e9 a9e9 a9e9 a9e9 b209 b1c8 a9c9 a9e9 a9c9 a9c8 a9e9 a9c9 a9c8 a1a8 a169 a169 baab e594 e572 f5d1 fe0f db8b d30b db6b db8c dbac e3cd e40d dbcd cb2c c36e b34e 9a4b 7109 7149 7108 5887 5048 4048 4868 720f 9353 822e 690a 60e9 7a70 720d 590a 612a 79ee 79ee 79ef 71ad 9393 8b31 610a 4867 4888 6129 696b 5088 58e9 718d 614a 8b11 694a 5088 58a8 5087 5067 5067 5068 58e9 7a4f 8ab0 824e 79cd 694b 5867 5866 5046 4847 4047 5067 8a4b cc0f bacb b2ac d4f3 e572 dcb0 dcb0 dcf1 dd32 dd52 ddd5 e616 ddd5 ddd5 dd94 ddd4 d573 aaca 8947 9128 80e7 78e7 6886 6087 6087 6886 6887 6087 68a7 6087 5867 6087 68c8 7109 8a2c b432 bc94 ab90 89eb 68c7 5866 5866 5846 6887 9189 c2aa d30c d2ec d2cc dacb db0d db0c db4d e36e e3ae e3ce ec30 ecb1 ed33 f595 f5f5 f616 f616 f615 e552 bb2c 7907 60c8 60a8 58a8 58c9 60c8 794b 794a 9acf ab2f 9a2b 7908 6066 5866 6087 68a7 68c7 70c7 68a7 6086 6087 60a7 5887 5067 5888 714a 68c9 89aa cc51 dd13 bbd0 91ea 89eb 6908 6909 6928 79aa 6928 6908 60e8 60a7 5887 5887 58a7 60a7 60a7 60c7 60c8 58c7 58c8 58a8 68e9 924c bb4e cbae c3ae bb8e bb6e cbcf cc2f d46f d44f d42f d44f cc4f d42f d42f d42e cc0e cc0e cc0e cc0e cc0f d42f cc0f cc0e cc0e d42e d44f cc2f cc0f d40f cc2f cc4f cc2f cc2f cc2f cc2f cc2f cc2f cc0e cc2f cc2f cc2f cc0f cc2f c40f c40f c40f c40f c410 c40f c40f c40f bbef bbef bbcf bbcf bbcf bbcf b3af b3af b38f bbaf b3af b3af b3af b38f b36e 
a9e9 a209 a9e9 a209 a1e9 a1c9 a1e9 a1e9 a1c9 a1a9 a1c9 99a9 9988 9188 9168 9148 9968 b1e9 c2aa d32b db8b e3cc e42d ec8e ecce eccf eccf ecce ecce ecee eccf ecef ecce ecae ec6d e42d e3cc db6b d30b c269 a9e9 9168 8948 8928 9948 9988 a188 a1a9 a1c9 a9c9 a9e9 a9e9 a9e9 b1e9 b1e9 b1e8 b1e9 aa09 a9c8 a9e9 a9c9 a9a8 a9a8 a188 a189 a169 cb2b edf4 ed31 f5d0 eccd d2eb d30b db6c dbac e3cc e3ec e3ed cb2c aa2b c32d c30d 9a0b 796a 7929 5067 4867 50a9 5089 618c 8b11 824e 60a9 58a9 720d 7a6f 50a8 4848 50a9 71ad 8291 8250 822e 9352 7a2e 50c9 4888 5088 58c8 6129 5087 58a8 58a8 58e9 82ef 79cc 50a8 5888 58a7 5087 5887 5087 50a7 5909 694a 58e8 614a 720d 694b 5887 5046 4847 4027 6929 bb8e c38d aa4b c3f0 e593 dcd0 dcb1 dd11 dd12 dd33 dd54 e616 de16 ddd5 ddd5 ddd4 d593 b34b 9188 9988 9148 8107 70a6 6046 6067 68a7 7127 7908 6086 70e7 68a7 5047 5887 79ab 7949 9a8c cd14 ddd7 d535 bc53 9aae 70e8 6087 7108 8109 8948 ba6a cacc d2ab ca8b d2ab db0d db0c db4d e36e db8e e3ce e430 ec70 ed13 f5b5 f616 f656 f656 edd4 cbcd 8968 60a7 58a8 5888 5888 58a9 68e9 92cf 9ab0 a350 c453 b34f 99ea 70a7 6066 6066 68a6 68c7 68c7 68c8 6087 6087 60a7 5867 5046 5887 7149 68a9 816a cc30 dcf3 c3d0 91ea 8a0b 796a 6929 7149 79aa 6908 6928 60e8 60a7 5887 58a7 60a7 60c7 60e7 58c7 58a7 58a7 5087 58a8 798a a2ad c38e cbce c3ae bb8e c38e cbef d44f d46f d44f d44f d44f cc4f cc2f d42e d42e cc0e cc2f d42f cc0e d40e cc0f cc0e d40e cc0e cc0f cc2f cc0e d40e cc2f cc0f cc0f cc0f cc0e cc2f cc2f cc2f cc2e cc2e cc2e cc2f cc2f cc2f cc0e c42f c40f c3ef c40f c42f c42f c40f bbef bbee bbcf bbcf bbcf bbaf b3af b3af b38f b38e b38f b38f ab8f ab8f ab8f ab6f 
a209 a209 aa2a a1e9 a1e9 a1e9 a1e9 a1e9 a1e9 a1c9 a1a9 99a8 9968 9188 9168 9127 9968 b209 caaa d32b db6b e3ed e42d ec8e ecce eccf ecee eccf ecef eccf eccf ecef ecef eccf ec8f e40d e3cc db6c d2ea c269 a1c9 9148 8948 9148 9968 99a8 a1a9 a1e9 a1e9 a9e9 a9e9 a9e9 b209 a9c9 a9e9 a9e9 aa09 aa09 b1e9 aa09 a9c8 a9c8 a9a8 a1a8 a188 9969 ba6a e552 e532 edb1 dc70 cb6e d32c d38c dbad e3cc e3cc dbed c2ed aa8c cbad cb2d 8149 7929 68c8 4868 4888 610b 698c 7a6f 718b 58e9 5068 696b 7a4e 612a 4888 4869 58ca 79ee 9333 8a50 7a0e 8af1 718c 58a8 5088 50c8 50a8 5087 5047 58a8 5088 50a8 7a4d 8ad0 58e8 58c8 5867 5067 5867 5887 58a7 58c8 58a7 5087 5087 5949 5909 58a9 5888 60cb 5888 9a6b cbee b26b b30d dd74 e531 dcd0 dd11 dd32 dd33 dd54 ddd5 e637 ddf6 ddf5 e5f4 ddd4 b38c 91c8 a1a8 9968 88e7 70a7 68a7 5867 6887 7108 91ea 8989 68c7 81aa 7949 5867 5066 79aa 794a 7149 ccd4 e5f8 e5b7 ddb6 c4b3 a2ad 8909 9168 b26c a169 b209 caab ca8b ca6a d2cc daec db0c db2d e36e e34d e3ce ec30 ecb1 f553 f5f6 f657 f676 f655 dcb0 aa29 78e7 60c8 6909 60e8 5888 58a8 6909 8a4c 9a8f a30f ccd4 c412 b28c 8128 68a7 6087 60c7 6886 68a7 68c7 60a7 6087 58a7 5887 5047 58a7 798a 68c9 794a c431 d4d3 c3d0 a20b 920b 81ab 6949 7149 79aa 6928 6908 60c7 6087 5887 58c8 58a7 60c7 60c7 58c7 5887 58a8 50c8 6909 89eb ab0d c3ae cbae c38e bb8e c3ae cc2f d44f d44f d44f d44f d42e d42f d42f d42f cc2f cc0f cc2f cc0f d40e d40e cc2f cc2e d42e cc0e d40f cc2f d40e cc0f cc0f cc0f cc0e cc0f cc0e cc0f cc0f cc2f cc2e cc0f cc0e cc0f cc0f cc0f c40f c3ef c3ef c3ef c40f c40f c40f bbef bbf0 bbcf bbcf bbcf bbcf b3af b38f b38e b38f b38e ab8f ab8f ab6f ab6f ab6f ab6f 
aa09 aa09 a9e9 aa0a a1ea a1e9 a1e9 a1e9 a1e9 a1c9 a1a9 9988 99a8 9988 9148 8927 9988 b209 caaa d32b db8b e3ed e44d ec8e ecce ecef ecee eccf eccf ecee ed0f ed0e ecef ecef ecaf e42d e3ec db6b d2ea c269 a9e9 9168 8927 9148 9968 9988 a1a9 a9e9 aa09 a9e9 b1e9 b209 b209 aa09 aa09 aa09 aa09 aa29 b209 aa09 aa09 a9e9 a9c8 a1c8 9968 80c8 91a9 ccb1 cc2f c42c d4ef dcf1 dc50 dbef db8d e3cd dbad dbad bacc baec cb6b a20a 5887 5887 5067 4868 58c9 824f 824f 718c 5888 50a9 612b 718d 6109 692b 50a9 5089 60eb 79ee 9313 79ad 7a0f 9353 71ac 58c9 50c8 5087 50a8 5087 5087 5888 5088 5068 698a 8b11 694a 60e9 5867 5047 5067 5867 58a7 58e8 5887 5066 50a7 58c8 5087 4867 50a8 690b 79ac b34e baec aa4b cc71 e5b3 dcb0 dc90 dcd0 dd32 dd73 ddb5 de16 de16 ddf5 e615 ddd4 c44e a22a b22a b209 99a8 8928 78c7 68a6 6066 7087 8128 a22a a24c 7928 81aa 89ec 7949 7949 8a0b 794a 79cc cd77 e619 e618 e5f7 ddb6 cc31 a1eb 9948 ba8b ba0a b1c8 c26a c24a c24a ca8b d2ac d2ec db0d db2d db6e e3ce ec30 ecd2 f573 f5f6 fe77 f676 edd4 c34c 99a9 8989 70e8 7969 79aa 68e8 68e8 81aa 818a 816a a330 d4d4 d431 c2cc 9168 70c7 6066 60a7 6066 6086 6087 60a7 5887 5887 5908 58a7 60a7 79ab 60a8 794a c451 d4f3 c431 a22b 81eb 8a0c 7149 79ca 7169 6908 6908 60c7 60a7 60a7 58c7 58a7 60a7 58a7 58a7 5888 58a8 58e9 7129 924c b34e c3ae c3ae c38d bb8e c3ae cc0f d44f d44f d44f d44f d42f d42f d44f d450 cc2f cc2f cc0e cc0e d40e cc0e cc0e cc0e cc0e cc0e d40e d40e d40f d40e cc0e cc0e cc0e cc0e cc0f cc0f cc0e cc0f cc2f cc0f cc0f cc0f cc0f cbef c40f c40f c3ef bbef c3ef c3ef bbcf bbcf bbd0 bbcf bbaf b3af b3af b38f ab8f b36e b36f ab6e ab6e ab6e ab6e ab6f abaf b3ef 
aa09 aa09 aa0a aa0a a9e9 a209 a9e9 aa09 a1e9 a1c9 99c9 99c9 99a8 9168 9148 8927 9968 aa09 c2aa d30a db6c e3ed e44e ec6e ecae eccf ecef ecef ecef ecee ed0f ed0f ecef eccf ec8e e42e e3cc db6b d30a c28a a9e9 9968 9148 9148 9988 9988 a1c9 a9e9 aa09 aa09 b229 b209 b229 b209 b229 b229 b229 b22a b209 b209 b229 aa09 a9e9 a1a8 8108 6868 7928 c44f b3b1 8189 a28a dcaf edf4 e532 e46f e40e dbed c30c 99c9 8127 8148 60c8 4867 4867 5068 50ca 71ad 8ab0 798c 60c9 5088 614b 698c 692b 60ea 71ad 610b 5889 610b 7a70 9313 81ef 826f 9bd4 718c 50a8 50a8 50a8 58a8 5888 58a8 5887 5067 5068 6109 8af0 79ed 60a8 5887 58a8 5087 5887 58a7 60e8 5866 5866 5066 5067 4866 4867 4847 58c8 8a6d a2ad 91eb b32f d4d2 d470 cc10 c410 cc92 d513 dd95 ddf6 e616 ddf6 ddd5 ddf5 cc6f aa8b b22a ba8b ba8b aa2a a1c9 99a9 8928 7066 7087 9148 a20a b2cc 920c 7129 81aa 89ca 81aa 794a 794a a3b4 de19 e639 ee38 ee17 edf6 dcd2 c2cd 9969 ba09 c28b b1c9 ba09 c22a c26b ca6b d28c d2cb db0d db2d db8e e40f ec50 ecf2 f594 f636 f677 f655 dd12 ba8b a20a aaad 89cb 7969 8a2c 89eb 89aa 8a0b 816b 816b bc13 d4b3 d411 c30d 9988 78e7 6866 6066 5866 6066 6086 5886 6087 5886 5887 5067 60c8 81eb 6088 7129 c431 d4f3 cc51 a26c 81aa 8a0b 796a 79ca 7169 68e8 6908 58a7 58a7 58a7 60c7 60c8 60e8 60c7 58c7 58a7 58c8 58a8 798a a2ac bb8e c3ae c38d bb6e bb6e c3ef cc2f cc4f d44f d44f d44f d44f cc2f d44f cc2f cc0e cc0e cc2f cc0e cc0e cc0e cc0e cc0e cc0f cc0e d40f d42f d40e d42f d42f cc0e cc0e cc2f cc2f cc2f cc0e cc0e cc0e cc0f cbee c3ee c3ee c3ef c40f c3ef c3ef c3ef c3ef c3ef bbcf bbcf bbcf bbae bbaf bbaf b3ae b36e ab6e ab6e ab4d ab4e ab6e ab6f b3af bbf0 bc30 c470 
aa2a aa09 a20a aa09 a9e9 aa09 aa09 aa0a a1e9 a1c9 99c9 99c8 99a8 9168 9148 8907 9168 a9e9 c28a d30b db8c e3ed e42e ec6e ecae ecee ecee ecee ecef ed0f f50f ed10 ecef eccf ecae e44d e3cc db6b d2eb c289 aa09 99a9 9148 9168 9988 a188 a9a8 a9e9 a9e9 aa09 b209 ba29 b229 b209 b229 b24a b209 b20a b22a ba4a baaa a209 8927 8107 68e7 5887 60a7 9aab bc52 a2ee b452 d512 f5d2 fe55 f636 ed51 cbcc 816a 5887 5087 5088 5088 4847 5068 58a9 718c 820e 716b 60ea 60ea 60ca 692b 716c 612b 610a 696b 694c 692c 718d 8b12 9353 8a30 828f 9bf4 71ce 50a8 5088 58a8 58a8 58a8 60e9 58c8 5087 5088 58c8 7a0c 718b 5867 58a8 60c8 5887 5887 58a7 60c8 5887 5067 5066 5047 5087 48a8 50a8 79aa ab6f 9a2b 9a4c bc53 c492 c430 ccb2 d4f2 dd74 ddb4 ddf6 ddf6 ddf5 ddd5 ddd4 cc90 aa8b b26b ba8b cacc caec c2ac c2ac b26a a20a 8107 6866 80e7 a9ea b28b aacc 8a0c 7149 70e8 7109 81ac a372 cd98 e618 ee18 ee17 edd6 ed94 e470 d32d c24b c209 caaa c24a c22a ca6a caac ca6b d28c d2cc db0c db2d db8d e3ef ec70 ed13 f5f6 f657 f697 ee55 d451 b24b b26b bb2e ab0f 898b 81ca 920b 8a0b 81ab 818b a352 ccf5 dcb3 d3f1 c2ac 9968 78c7 6886 6886 6066 6866 6086 5866 5886 5866 5867 5867 6908 81ec 6089 7129 c411 dcf2 cc72 a28d 796a 81ec 81aa 81cb 7149 60e8 60e8 58a7 60e8 58c7 60c7 60a7 6908 60c7 58a7 58a7 5887 58a8 81ca aaed c3af c3ae c38e bb8e c3ae cc0f d44f d44f d44f d44f d42f d42f cc2f cc2f cc2f cc0e cc0e cbef cc0e cc2f cc0e cc0f cc2f cc0e cc0e cc0f cc0e cbee cc2e cc0f cc0e cc0e cc0f cc0e cc0f cc2e cc0e cc0e cc0e cc0f c3ee c3ef c3ef c40f c3ee c3ef c40f bbcf bbef c3ef bbaf bb8e bb8f b38f b38e b38f b36e ab6f ab6e ab6e ab8f b3af bbef c430 cc70 d4b0 d4f0 
aa09 aa29 aa0a a9e9 aa09 a9e9 aa09 aa09 a1e9 a1a8 99c9 99c9 99a8 9168 8948 8908 9168 aa09 c28a d30b db8c e3cd e40d ec6e ecaf ecee ecee ecee ecee ecef f4ef f4ef ecef eccf ecaf e44d e3ed db6b d2ea c28a b209 9988 9168 9968 9988 a1a9 a9c9 b209 b209 b209 b209 ba49 ba29 ba29 ba29 b229 b209 b209 b209 aa28 9a08 78e7 70e8 70e8 68c8 7129 81cb ab2f ccb3 c3b1 e4d1 ed52 f636 ff59 f717 dd30 89e9 694c 58c9 4867 5088 4867 4868 5089 696c 820f 79cd 716c 698d 696d 58ca 610b 71ce 696c 718d 718d 7a0e 79ef 71ad 8b32 8ab1 79ce 824f 93d4 7a4f 58c9 5087 58e9 5888 5887 60e9 5887 50a7 5887 60a7 6929 60e8 5867 60e8 60c8 5067 5867 5887 60a7 5867 5066 4867 4826 4867 50c9 6969 ab2e bb0c 99ea bbaf d554 d44f d470 dd12 dd32 dd94 ddd5 ddf6 ddf6 ddd5 ddb4 cc6e b28b ba6b c2ac c26b caac d2ec d32d d32d cb0c ba8b a1a9 8108 8949 aa0a ba6c bacd b30f a26e 920e 9a8f abd3 cd36 ddd8 e5f8 ee17 ee17 edd5 e512 dbae db6d d34e ca4b ca8a cacc ca6a ca6b ca8b d28b d2ab d2cc daec db0d db4d e3cf ec71 ed54 f617 f698 f697 ee15 cbef b22b b22b bb0d c3b0 aaef 924d 89cc 89cc 924f a373 ccf6 d515 dcb3 d3d0 ba8b 9968 78c7 68a7 6886 6866 6886 68a7 60a7 5887 58a7 58a8 5887 6928 81cb 60a9 7109 bb8f d4f3 cc92 a2ef 796a 820c 81eb 81eb 7169 60e8 60a7 60c7 58a7 58c7 58a7 58a7 68e8 68e7 58a7 58a7 5887 6109 8a4b b34e c3ae c38e c38e c38e c3ce cc2f d46f d44f cc4f d42e d42e d42e d42e cc2f cc2f cc0e cc0e cc0e cc0e cc0e cc0f cc2f cc4f cc2f cc0f cc0e cc2f cc0f cc0e cc2f cc2f cc2e cc2f cc0f cc0f cc0f cc0e cbef cc0e cc0e c3ef c3ef c40f c3ef c3ce c3cf bbcf bbcf bbce bbce bbae bbae b38f b38e ab6e b36e ab4e ab6e b3ae b3ef bc0f c44f cc6f d490 d4d0 dd10 dd31 
a9e9 aa09 aa29 aa2a aa09 aa09 aa09 aa09 a1e9 a1c9 a1c9 99c9 99a8 9168 8948 8928 9168 a9e8 c2aa d30b db8b e3cd e42e ec6e ecae ecce ecef ecef ed0f ecf0 ed0f ecef ecef ecef ec8e ec2d e3ed db6b d2ea c28a b209 99a9 9989 9988 a1a9 a1a8 a9c9 b1e9 b209 b229 ba29 ba4a ba29 ba4a ba4a ba49 b28a a1e8 8107 70a6 68a7 6887 7149 926e 922e a30f bbb0 d450 e513 d494 dc51 edd4 f737 e673 bc4d 79a9 58c9 71ed 696c 4888 4888 4888 50aa 696d 8ab2 92f2 8270 718c 58e9 5088 5068 610b 71ad 718d 820f 79ce 71ad 798e 71ad 8b53 8af3 696d 824f 9c36 8ab1 718c 612a 58c8 5087 5087 60e8 5867 5046 5846 58a7 58c8 58a8 60c8 6929 60c8 58a7 58a7 58e7 58e8 5888 5066 4866 4846 4888 58e8 9a8c c3ae aa4a b2ed d554 dd33 d430 dc91 dd12 dd73 ddd5 ddf6 ddf6 ddd5 d5b4 c42e aa4a ba6b c2cb caac cacb cacc d2ec d36d db6e d34e cb2d baac b22b a9ea a9ca a9ca ca8c cb2f c370 c391 cbf2 d492 dd33 dd75 e5b5 edd5 edb4 ed32 e471 db90 db6e db2c ca6b caab d2eb d2cb ca8b ca6a d2ab d2cc d2cc d2ec db0c db6e e3ef ec91 ed54 f636 f6b8 f698 edf5 cbcf b24b a1ca aa0b bacd c34f b351 ab31 ab72 b414 ccb5 d535 d4d3 d451 cb2d b229 9148 7086 68a7 78e7 70c7 68a7 68c7 60c7 58a7 58c8 58c8 58a8 6928 81cb 60c9 7129 b36f dcf2 ccd3 ab0e 81aa 89eb 81eb 79ca 7149 60e8 5887 5887 5887 5887 5887 58a7 68c7 60e7 5886 5887 5887 7129 9a8c b36e bbae bb8e bb6e c38e c3ef cc2f d44f d42e cc2f d44e cc4f cc2f cc0e cc0e cc2e cc0e cc0e cbee cc0e cc0e cc0e cc2f cc70 cc4f cc0f cc0e cc2e cbef cc0e cc0f cc2f cc2f cc0f cc0e cbee cbee cbee cc0f cbee cbee c3ee c3cf c3ce c3ef c3ce bbcf bbaf bbaf b38e bbce bbaf b3ae b36e b38e ab8f b36e b38f b40f c42f cc6f cc8f d4d0 d4f0 dd10 dd30 dd50 e571 
aa2a aa2a aa2a aa2a aa09 a209 aa09 aa09 a9e9 a1a9 a1c9 99a9 99a9 9168 9148 8928 9148 a9e9 caaa d30b db8c e3ed e42e ec6e ecae eccf ecef ecee ed0f f4f0 ed0f ed0f f4ef f4ef ecae ec4e e40d db6b d32b c28a b209 99a9 9188 9988 a1a8 a1c9 a9c9 b209 b209 b22a ba49 ba4a ba4a ba4a ba4a c269 bb8d 7907 6086 5866 6087 70e8 89cb b370 bbb1 cbf1 d411 dbef e4d1 dd34 e4d2 edd3 cc6e 8a28 6128 50a9 50a9 616b 7a0f 590b 612c 71af 82b2 9313 9311 826e 7a2e 5888 4867 4848 5068 69ad 69ad 612b 7a0f 71ad 718d 71cf 71ef 8b52 9375 71ae 82b0 9c56 8af1 824f 692a 612a 694a 50a7 5887 5046 5066 5067 5887 58c8 58a8 58a7 60c8 58a7 60a8 58a7 58c7 58e8 5867 5066 4866 4026 4867 7989 bb8e baab a22b cc52 e5d5 dcd0 dc90 dd11 dd53 dd94 ddf6 de16 ddf5 d5b4 c42e aa29 ba2a c2ab cacb cacc cb0d d2ec d2ec db6e db8e db6e d36e d32d c2cc ba6b b26c b24c c28c c26b cacc cb0d cb6f d3af dc30 dc71 dcb2 e4d3 e492 dcd3 dd14 dc94 dc12 d3d1 d34f d32d d2ec d2cb d28b ca8b ca8b d2ab d2cc d2ac daec db6e e3cf e471 ed33 f616 f6b9 f699 e5d6 d471 c3b1 bb10 b2ef c2ce cb2f d3b0 cb90 cb90 d3f2 d433 d432 cbaf c30d ba4a 9968 78c6 6886 7928 8127 70e7 70a7 70c8 60a8 58a7 6129 60e8 60c8 6948 79aa 58a8 6909 ab50 dcb2 d514 b34f 89eb 81ca 8a2b 798a 6908 6929 58c8 5887 58a7 58a7 5886 60a7 68e7 60e7 58c8 5887 6969 81ca a2cd bb8f c3ae bb8e bb6e c3ae c40f cc4f cc50 cc2f cc2f d42f d44f cc2f cc2e cc0e cc2f cc0e cc0e c3ef c40f cc0f cc0e cc2f cc50 ccd1 cc50 cc0f cc0f cc0f cc0f cc2f cc2f cc2f cc0f cc0e cc0e cc0e cbee c3ee c3ee c3ee c3ee c3ce c3ae c3ce c3ce bbce bbaf b38f b3af bbae b3ce b38e b38e b36e b38e bbcf c40f cc6f d4af d4d0 dcf0 dd30 dd51 e550 e551 e570 e591 
b24a aa2a aa2a aa2a aa0a aa4a aa2a a9e9 a1c9 a1c8 a1a9 9988 9968 9168 9168 8907 9147 a9e9 c2aa d30b db8c e3ed e42e ec8e ecae ecaf ecef ecee ed0f f4f0 f50f f50f f50f f4ee ecae ec4d e40d e38b d32b c28a b209 a189 9988 9988 a1a8 a9c8 a9e9 b1e9 b229 b229 ba6a ba6a ba6a ba6a ba4a c2a9 c3ac 68a7 5867 6087 814a 9a2c b34f cc71 cc10 c3b1 c3b1 cb70 cbb0 cc72 d513 bbee 7989 58e9 58ea 50a9 5089 612b 82b1 8a91 8a70 826f 824e 698c 696b 7a2e 696b 4867 4868 4868 58a9 722e 71ce 592b 7a2f 71ce 694c 696d 79ef 8af1 9bd5 8a71 8af1 9c15 826f 822f 696b 7a2e 610a 5088 5087 5067 5087 5087 5887 58a7 5887 5887 6087 5887 58a7 58c8 58a7 5887 5046 4846 4846 4826 58a7 a2ec cbad aa0a b30e d554 dd12 dc90 dcd1 dd32 dd94 ddd5 de16 ddf5 ddd5 c44e aa29 b209 c26b caac caed d2ed d32d d30d d30d db6e db6e db6e db6e db8f d32d caed cb0e caed c26b ba4b c28c b1ea ba6c cb0d cb2e c2ec c30c c32e bb0d d412 d493 dcb3 dcd3 dcb2 dc0f d34d d2ac d2ab d2ac caac d2cd d2cc d2cc daec daec db4e e3af e451 ed13 f617 f6b9 f6b9 edf6 dcd2 dcb1 d471 d411 cb8f d3af d38f cb0d c2cc cb2d bb2c c30c a1e9 9968 9127 88e7 78e7 7907 91a8 9188 78e7 70a7 70c7 60a7 5887 60e8 60e8 60c8 7169 798a 5888 68e9 ab2f d471 d514 b38f 922c 798a 8a0b 81aa 6908 68e8 5887 58a7 58c8 58a7 5887 60c7 6908 60e8 58a7 68c8 79ea 924c ab0e bb8e bb8e bb6d bb6d c3ae cc2f d44f cc4f cc2e cc2f d42f cc2f cc2f cc0e cc0f cc2f cc0f cbee c3ef cbef cc0f cc0f cc2f cc50 cc91 c42f cc0f cc0f cc0f cc0f cc2f cc2f cc2f cc2f cc0e cc0e cbee cbee c3ee c3ce c3ee c3ce bbae bb8e bbae bbae bbae bb8f b38e b38e b38f b3af b38f b38e b3cf c40f cc6f d4af d4f0 dd30 dd30 e550 e570 e570 e570 e570 e570 e591 
b20a aa2a aa0a aa4b aa2a aa09 aa2a a1c9 a1c9 a1a8 a1a8 9988 9168 9168 9128 8907 9147 a9c8 c269 d32b db8b e3ed e42d ec8e ecae eccf ecef ecef ed0f ed2f f52f f50f f52f f50f ecae ec6e e42e e38c db0a caaa b209 99a8 9168 9968 a1a8 a1e9 aa09 b209 b229 ba29 ba4a ba4a ba4a c249 c229 c2a9 c3cc 7928 68c8 7949 aacd c34e cbd0 dc71 cb70 b350 ab51 ab31 b370 c430 ab2c 798a 612a 694b 610a 58a8 58c9 58ca 69ac 9353 92f2 718c 60eb 612c 8291 8290 58c9 4867 4888 50a9 58c9 71ed 71ef 614b 7a2f 7a50 590b 590b 79ef 8ad2 9312 8ab2 9312 9394 7a0f 8270 8b53 7a4e 5087 5067 5888 5087 58a8 5087 5887 5887 5887 60a8 5867 5887 58e8 58c7 58a7 5066 5046 4846 4047 4847 81ea c3ae ba8a aa2a cc31 dd53 d470 dcd1 dd12 dd53 ddb4 ddf6 de16 ddf4 c46e a1e9 b1e9 c22a caac caec d30d d32e db4e d34d d34e db6e db6f db6e db6e db8e db6e d36e db6e d32d c2ac c2ac caac b22b bacd cb0d cb4f baee b2ad baef b2ce d431 d3d0 dc10 dc30 dc0f db8f d30e caac ca8b caac d2ed d2ed d2ab d2cc daac dacd db4e e3af ec30 ecd3 f5f6 f699 f6d9 ee17 dcf3 dc51 dbef d3ae d36e d34d cb2d ba8c b28c b28d aa6c b26c 8989 8128 8128 8948 91a9 9188 9988 9968 80c6 70a6 70a7 6087 5846 60a7 60a8 6108 798a 79aa 58a9 6909 ab0f d472 d534 bbf1 9a6d 796a 8a2b 81aa 68e7 60c7 58a7 58a7 58c7 58a7 5887 68e8 68e8 58c7 58a7 68e8 81ca a2ad b36e bbae bb8e bb4d bb8e c3ef d46f d46f d44f cc2f cc2f cc2f cc2f cc2e cc2e cc0e cc2f cc2f cc0e c40f c40f cbee cbee cc0e cc0f cc0f cc0e cc0e cc2f cbef cbee cc0e cc0e cc2f cc0f cc0f cc0e cbee c3ee c3ce c3ce c3ce c3ce bbae bbaf bbae b38e bb8e b38f b38e b38f b38e b38f bbcf c40f cc4f d4af d4ef dd10 dd4f dd50 e570 e590 e590 e590 e590 e570 e591 e591 
b209 b22a aa29 aa4a aa2a a209 aa2a a1e9 a1c9 99a9 9988 9988 9188 9168 8928 8927 9127 a9c8 c28a d30b db8c e3ed e42d ec6e ecaf eccf ecef ecef ed0f f50f f50f f50f f530 f4ef ecaf ec6e e40d e38c db2a caaa b229 a1a8 9148 9988 a188 a1c8 a9e9 b209 b229 b229 ba4a ba6a ba6a c249 ba29 c24a cb4c a2ac 9a6c a2ce c36f c30f bb10 c391 bbd1 b36f a2ad 81cb 89cb 8a0c 81ec 79cc 612a 60e9 5888 5087 50a9 5069 50a9 7a6f 9bf5 8b34 79cf 8291 9373 8270 71ae 696d 50c9 58ea 5068 698c 7a0e 614c 71cd 8291 698e 50aa 722f 8291 8291 9313 9334 9334 8af3 93b4 82f0 58c8 5067 58c8 58a8 5087 58c8 58a8 58a8 5887 58a7 5888 5887 5887 58c8 58c7 58a7 5066 5046 4026 4847 6928 b36e c38d b22a bacc d4f2 d4d0 d491 dd11 dd12 dd74 ddd5 de16 ddf4 c48f a1e8 a188 b9e9 c24a d2cc d2ec d30e d32e db8f db4e d36f db8e db8f dbaf db8e db6e db4e db8e dbaf db6e d2ed d32d d2ec caac caed d30d d32e cb0e c2ed cb90 cb8f dc10 d3d0 dbd0 dbb0 dbaf d3af cb8f cacd ca8b d2cd d30d d2ed d2cc d2cc d2ac d2cc db0d e38f e431 ecd3 edf6 f698 f6d9 ee37 dd54 dc92 dc10 d3cf d36e d32d cb0d cacc c2ed c2cd bacd c2cd b22b 99a9 a1c9 9168 a1e9 a1e9 99c8 9988 80e7 7086 70a6 6066 5846 60c7 60a7 60e8 796a 798a 5889 68e9 aaef d451 dd34 c431 a2ce 794a 81eb 798a 60c8 60c7 58a7 58a7 58a7 5867 58a7 6908 60e7 58c7 5887 68e8 8a0b ab0e bb8e bb8e bb4d bb4e c3ae cc2f cc4f d44f d42e d44f cc2f cc2f cc2f cc0f cc2f cc0f cc0e cc0f cc0e c42f c40f cc0e cc0f cc0e cc0e cc0e cbee cc0e cc2f c40e c40f cc0f cc0f cc0e cc0f cbee c40e c3ee c3ee c3ce c3ee c3ce bbce bbae bbae bbae b38e bb8e b38e bb8e b36f b38f bbef cc4f cc8f d4cf dd30 dd50 e570 e58f e590 ed90 e590 e590 e5b0 e590 e590 e570 e590 
aa0a aa2a aa09 aa09 a9e9 a20a a209 a1e9 99c9 99c9 9988 91a8 91a8 9148 8928 8107 9127 a9c8 c269 d30b db8c e3cd e42d ec8e ecaf eccf ecee ecee ed0f f50f f510 f530 f50f f4ef f4cf ec6e e40d e3ab db2a caaa b209 a188 9928 9968 9988 a1a8 a9c9 b1e9 b209 ba09 ba49 ba49 ba49 ba29 ba09 ba0a cb0b cc2f c38f cbf0 d411 cbf2 c432 c410 bb8e 9a0b 716b 69ab 614a 718b 8a4d 79cc 58c8 50a8 5067 50a8 58c9 5068 50ca 590b 7a6f 9c16 9396 9bb6 9b94 8b14 8b13 7a30 58c9 58c9 4868 58ea 79ee 696d 694b 82b1 8251 694c 7a70 79ee 79ee 8af2 9353 9b94 9bb4 9372 71cc 50c9 58c9 50a8 58a8 5887 58a7 58a7 5887 5887 5887 60a8 58a7 58a7 58a7 5887 58a7 5066 4846 4027 5087 926b cbee bacb b24a cbf0 dd32 d470 dcf1 dd33 dd33 ddb5 de16 de15 ccd0 9a09 a188 b1c9 c24a ca8b d2ec d30d d32d db4e db8e db8f dbcf dbaf dbae dbcf dbae dbaf db6e db8e db8d db8e db4e db8e db6d db4d d34e d34e d36e dbaf d3af dbd0 dbf0 dc11 dc32 dc11 dbd0 dc11 dc11 d38e caed d2ac d2ed db0d d30d d2ec d2cc d2ac daac dacd e36f e431 ecf3 edb6 f678 f6b9 ee57 e575 dcf3 dc72 dc10 dbd0 d38f d32e d30d d32d d30d caac caec c26b a9e9 b20a a1c9 aa2a aa09 a1e9 a1c8 8907 78c7 70c7 6066 5867 60a7 60a7 60e8 7128 7169 5888 68c9 a2ef cc51 dd34 c431 ab0e 796a 798a 7989 68e8 6087 60a7 58a7 5887 5087 60e7 7148 60c7 5886 5087 68e8 922b b34e bb8e bb8e b34d bb4d c3ce cc2f d46f d44f cc4f cc2f cc0f cc2f cc2f cc0f cc0f cbee cc0e cbef cc0f cc2f cc0f cc0f cc0f cc0f cc0e cbef cc0e cc0e c3ef cc0e cc0e cbee c40f cc0e c40f cbee c3ee c3ee c3ee c3ce c3ce bbce bbcf bbce bbae bb8e b3ae b38e b38e b36e b38e bbef cc6f d4b0 dd10 e550 e590 e590 ed90 e5b0 edb0 e590 e590 e590 e590 ed90 e590 e590 e590 
aa0a aa2a a229 a20a a20a a1e9 a1e9 99c9 99a9 9988 9988 9188 9168 8948 8107 78c7 8907 a1a8 c269 d30a db6c dbcd e44e ec6e ecaf eccf ecef ecef ed0f f50f f50f f52f f50f f4ef eccf ec6e e40d dbac db4b caaa b209 a188 9948 9968 a1a9 a1e9 a9c8 a9e8 b209 ba29 ba29 ba49 ba29 c229 c229 ba2a c26a d3ad cbd0 d411 dc71 dc11 cb8f b2ee 9a4d 798b 696b 694b 716b 820d 81ec 694a 50c9 4868 5068 612b 610a 50a8 610b 58ca 696d 8b12 9374 9333 8b12 8af1 7a6e 696b 58c9 58a9 4868 58e9 71ac 696d 610b 71cd 8af3 8a92 7a0f 698d 718e 7a4f 8270 82d1 9394 720d 7a0e 71ac 718b 692a 5887 5887 5887 58a7 58a7 5887 5887 60c7 60c8 58a7 5887 5887 5087 4866 4847 4847 7168 bb8e cb6c ba4a baec dd12 dcf1 dcb1 dd11 dd53 ddb5 e616 de35 cd31 9a08 9968 b1a8 ba09 c24a ca8b d2ac d30d d32e db6e dbaf dbcf dbcf dbaf dbaf e3ef e3f0 e40f e3ef dbcf dbae db8f db6e db8e db8f db6e db8f db8f dbcf dbf0 dc10 dc31 e452 dc51 dc51 dc31 dc31 dc51 dc10 d34e d2ed d2ed d30d db2d db0d dacc d2cc daac daac dacd db6f e431 ecd3 edb6 f657 f6b9 ee58 e5b5 dd54 dcf3 dc71 dc30 dbd0 dbaf db6e db4e d30c d2cc cacb c2ab c26a ba4a b24a b26a b24a aa29 a1a8 8927 78c7 78e7 6067 5867 68c7 60a7 6908 7128 718a 58a9 60c9 a2ee d451 dd14 c411 ab2f 7949 7169 7969 60e8 6087 60e8 58c8 58a7 58a7 60c7 6907 60c7 5067 5087 7128 9a8c bb6e c38e bb6d bb6e bb6d c3ef cc2f d44f cc2f cc2f cc2f cc0f cc0f cc2f cc2f cc0f cc0f cbee cbef cc0e cc2f cc0e cc0e cc0e cc0f cc0e c40e c40f cc0f cc0f cc0e cc0e cc0f c40f c40f c3ef c3ce c3ce c3ee c3ce c3ce bbae c3ae bbae bbcf bb8e bb8e b36e b36e b34e bbaf c430 d490 dd10 dd50 e571 e590 e5b0 edb0 edb0 edb0 edb0 edb0 e590 e590 e590 ed90 e590 e590 ed90 
b20a aa09 a209 a1c9 a1c9 99e9 99c9 99a8 99a8 9188 9988 9188 8968 8927 80c7 70a6 80e7 9988 ba69 d30b db6c e3cc e42e ec6e ec8e ecce ecee ed0f ecef ed0f f510 f510 f510 f510 ecce ec6d e40c e3ab db2a caa9 b208 9988 9968 9968 a1a8 a1a8 a1c8 a9e9 b209 b209 ba29 ba49 c229 c229 c229 ba4a ba4a c2ab d38e d430 cbb0 baee aa8d aaae 8a0c 692a 610a 714b 822e 822e 694a 610a 50a9 4868 50c9 69ad 692b 610a 71ae 71ae 8250 8a90 71ed 720e 71ed 826f 71cd 60e9 5088 5068 5068 58ea 610a 71ad 610c 58ea 720e 9334 8af3 8ad2 8ad2 8292 71ad 7a90 7a2e 698b 82b1 6129 58c8 58a8 5887 5887 5087 5887 5887 5887 5887 5887 60c8 58a8 58c8 50a8 50a8 4867 4868 58c7 9aac cbcd ba6a b24a cbaf dd11 dd12 dd33 dd53 ddb5 e5f6 e636 d593 9a89 8927 a9a8 b209 c24a ca4a ca8b d2ed d30d d30d db4e dbaf dbaf e3d0 dbd0 dbf0 e410 e431 e430 e410 e410 e410 e3f0 dbd0 dbf0 dc11 dbf0 dc10 dc31 e471 dc51 e471 e492 e472 e451 e472 e431 dc72 dc51 dbcf d34e d2ed d30d db2d db4d db0d dacc d2ac d2cc dacc daad db6e e410 e4b3 ed96 f658 f6b9 ee78 e5b5 e554 e513 dc92 dc10 dbf0 dbf0 dbaf db8f d32d d2ed d2ec caed caab c26b c26b ba8c ba6b b24a a9e9 9148 80e7 78e7 6087 5866 68a7 60c7 7108 7148 796a 58a8 60c9 9ace cc52 dd13 c452 ab6f 798a 7969 81aa 58a7 60a7 60c7 58a7 5066 5887 60c7 60c7 5887 5087 5888 7989 a2cc bb8e bb8e c36d b36e bb8e cbef cc2f cc4f d44f cc2f cc4f cc2f cc2f cc0f cc0e cc0f cc0f cc0e cc0f cc0f cc0f cc0e cc0f cc0e cc0e cc0f cc0f c40f cc0e cc0e cc0f c40f cbef c40f c40f c3ef c3ee c3ce c3ee c3ce c3ae c3ce c3ae bbcf b3af b38e b36e b36d b36e b3ae c450 d4d0 dd10 e571 e5b0 edb1 edd1 edd0 edb0 edb0 edb0 edb0 edb0 e5b0 e590 e590 e590 e590 e590 e590 
aa2a a9e9 a1e9 a1a9 a1c9 99c9 99a9 9989 9988 9168 9168 9188 8947 8907 80e7 78e7 80e7 9968 ba49 d2eb db6c dbcd e42e e46e ecaf eccf ecef ed0f f50f ed0f f50f f510 f50f f50f ecae ec6e e40d e3ac db0a caa9 b209 a1a8 9947 9948 a188 a1c8 a9c8 b1e9 b209 ba29 ba4a ba4a ba49 ba49 ba4a ba4a ba8c baac c30f bb0f aa8e aa6d aa6c 920c 716b 71ad 7a0e 824f 8a6f 716b 58c8 60c9 50a8 5089 5909 71ee 718d 716d 8292 8ad2 8af1 8a90 612b 58ca 71ad 8290 71ac 5088 4867 4888 58ca 58ca 694b 7a2f 71cd 58eb 50ea 7a4f 9bf5 9c16 9352 7a0e 612a 7a50 720e 93d5 8331 5088 5087 50a7 58a8 5887 58a7 58a8 5887 5887 5887 5887 58c8 58c8 58c8 50c8 50c8 48a8 48a8 79a9 c3ad c2eb b20a b2cc d4b2 dcf1 dd32 dd73 dd94 e5f5 e635 d5f5 a2ea 8107 a148 b1c8 ba4a c26a ca6b d28b d2ec d30d d30d db4e dbae dbaf e3cf e3f0 e3f0 e430 e451 e450 e430 e451 e491 e492 e471 e431 e450 e451 e451 e471 e4b2 e4b2 e491 e4b1 e471 e451 e491 e451 e471 dc30 db8e d34e d32d db4d db6e db2d db0d daec d2cc dacc dacc dacc db4e e431 e4d3 ed95 f657 f6b9 f678 e5d6 e554 e533 dcd2 dc51 dc10 dbf0 dbcf dbcf d36e d32d d30d d2ec d2cc ca8c c26b c26c ba6b b24a a9e9 9148 80c7 70c7 68a7 60a7 68a7 68e8 7108 7108 7129 5888 60c9 9a8d cc52 dd13 cc93 b370 796a 7148 798a 5867 60a7 60e7 58a7 5067 58a7 60c7 60c7 5886 5887 60a8 89ca ab0d bb6e bb6d bb6d bb6e c3ce cc2f cc50 cc2f cc2f cc2f d44f cc2f cc2f cc0f cc0e cc0e cc0f cc0f c3ef cc0f c3ef cc0f cc2f c40f cc0f cc0f cbee c3ee cc0e cc0f c3ee c3ee c3ee c3ee c3ef c3ef c3ef c3ce c3ce bbae c3ce bbce bbce bbae b38e b38e b36e b36e b3ae c450 d4d0 dd30 e571 edb1 edd1 edd1 edd0 edd0 edb0 edb0 edb0 edb0 ed8f ed90 e590 e590 e590 e590 e590 ed90 
a1ea a1e9 a1e9 a1c9 99c9 99c9 99a9 9988 9188 9169 9188 9168 8947 8907 80e7 80c7 8927 99a8 ba29 d2eb db4c e3cd e40d ec6e ec8f eccf ecef ecef ed0f f50f f52f f50f f510 ed0f eccf ec6e e42d e3ab db2a caaa b229 a1a8 9947 9968 a188 a1c8 a9e8 b1e9 b209 b209 ba29 ba6a ba4a ba4a ba6b ba4b c28c baae aa8e a26e b2d0 bb51 aab0 9271 9314 9bb6 a3b5 9332 7a0d 610a 60e9 58c9 58a9 58aa 694b 8270 79ae 7a0e 8b33 8ab0 8ad1 822f 692c 71ad 8af2 826f 58ea 4867 4868 5088 58a9 58ea 71cf 8ab1 8ab1 71ce 612c 618c 722e 82d0 8b13 79f0 71ae 82b2 93f6 9c55 71ab 58c8 58c8 58c8 58c8 58a8 58a7 58e8 58a7 5087 5887 5087 58a8 58c8 58c8 50a8 50c8 4888 60e8 a2ec cbcd b26a b26b c431 dd12 dcf1 dd73 dd94 e5b4 ddf5 ddf5 abac 7908 8928 a988 b1e9 c24a ca6a d2ab d2ab d2cc d30d db2e db2d db8e e3ae e3af e3f0 e3f0 e430 e471 e450 e430 e471 e491 e4d2 e491 e471 e451 e470 e451 e491 e4b2 e4b1 e491 e472 e472 e471 e491 e471 e430 dbef dbae d34d db2d db4d db4e db0d db0c dacc d2ec dacc dacc daac db2d e3cf e4b2 ed96 f617 f699 ee99 edf6 e554 e513 dcf3 dc92 dc51 dbef dbcf dbaf db6e d34d d30d d30c d2cc d2ac caab c2ac c28b b26a aa09 9148 80e7 70c7 6087 6087 68a7 68e7 70c7 7128 7949 5867 5868 924d cc52 dcf3 d4d3 bbb0 818a 6928 7948 5046 60a7 60e7 58a7 5087 60a7 60c7 58a7 5887 5887 68e8 9a2b b32d bb8e bb6e bb6d bb6e c3ee cc50 cc6f cc6f cc2f cc2f d42e cc2f cc2f cc0f cbee cbef cc0f cc0f cc0f cc0f c40f cc0f cc0e cc0f cc0e cbee c3ee c3ee cc0e cc0e cc0f c3ef c3ee c3ee c3cf bbce c3cf c3ce c3ae bbae bbae bbae bbae b38e b38e b38e b36e b3ae c44f d4d0 dd30 e591 edb1 edd1 edf1 edf1 edd1 edd0 edb0 edaf edb0 edb0 ed8f e590 e590 e590 ed90 e590 e5b0 e591 
a1a9 a1c8 a1c9 a1c9 99a9 9988 9189 91a8 9189 9168 9168 8948 8928 80e7 78c7 78c7 8107 9968 ba49 d2cb db4b e3ad e40d ec6e ecaf eccf ecef ecef ecef ecef f50e f50f f50f f4ef ecae ec6e ec0d e3ab d32b caa9 b209 a1a8 9967 9168 9988 a1a8 a9c8 b1c8 b209 b209 ba29 ba4a ba4a ba4b ba4c ba8e bad0 b2f2 a2d2 ab34 c3f5 cc96 b437 ac37 a435 a414 9331 7a2e 718c 612a 612a 612a 694b 610a 71ad 8ad1 79ad 7a2f 8b12 9312 824f 8230 79ef 8ad1 8ad0 718c 4888 4867 4868 5068 58a8 58ca 612b 79ee 8af1 8251 7a10 7a50 71cf 7210 8270 9375 9bf7 9c77 9c15 7a0c 71ac 81cc 7989 7989 7129 5887 5067 58c8 58a8 5087 5087 5087 50a7 50a8 50c8 50a8 48a8 50a8 81ea cbee c2eb aa0a baec d4f3 dcd1 dd32 dd74 dd94 e5f5 de15 bc6f 7107 78c7 9128 a988 ba2a c24a ca6a d2ab d2ab d2cc d2ec db2d db4e db6d e3af e3cf e3ef e3f0 e410 e450 e471 e471 e490 e491 ecb2 e4b1 e4b1 e4b2 e492 e4b2 e491 e491 e491 e471 e492 e4b2 e4d2 e4b2 e471 dc10 dbee dbae db6e db2d db6e db6f db2e daec dacc dacc daab daac da8b db0d e3af e472 ed75 ee17 f699 f6b9 ee16 e574 dd12 dcd2 dcb2 dc70 dbef dbaf db8e db4d d32d db0d d30d d2ec d2cc caac caac c28b ba6a b22a 9188 80e7 70a7 60a7 6087 68e8 68e7 70e7 7948 7928 5867 5868 924c cc52 dcd2 d4f2 b3d0 81ab 6908 7128 5846 60a7 68e8 58a7 5087 60a7 60c7 5887 5887 5887 7969 a2ac bb6e bbae bb6e bb4d c36e cc0f cc4f d44f cc4f cc2f cc2f cc4f cc0f cc2f cc2f cc0f cc0f cc2f cc2f cc0e cc0f cc2f cc0f cc0f cc0f cc0f cc0f c3ef c3ee c3ee c3ce c3ef c3ee c3ef c3ef c3ef bbce bbce c3ce c3ce bbcf bbae bbae bb8d b38e b36e b36e b3af c44f d4d0 dd30 e590 edb0 edd1 edf1 edf1 edd1 edd0 edd1 edb0 edb0 edb0 edaf ed90 e590 e56f ed90 edb0 e590 e5b0 e5b1 
a1c9 a1c9 a22a 9a0a 99c9 91a9 91a9 91a9 91a9 9188 8968 8968 8948 8107 78e7 78c7 8107 9988 ba29 d2eb d36c dbcd e44d ec6e ec8f eccf eccf ecef ecef ecf0 f50f f50f f50f f4ef f4ae ec6d e40d e3ac d32a c28a b209 9988 9947 9968 a1a8 a1c9 a1a8 a9e9 b1e8 b1ea ba0a ba4c baae bb32 bb74 bbd4 bc15 bc15 bc35 c476 bc54 b453 9350 826e 71ec 720d 79ed 696b 610a 60ea 610a 694b 694b 610a 7a2f 8250 71ad 8270 8af2 822f 7a10 8af2 9312 8ad0 71ac 58a8 4867 5088 5067 4867 58a9 50a9 50a9 590a 71ed 8250 8270 8b12 9313 8ab2 8250 8ad0 8b91 8330 71ac 694a 9aef a30f 9a4b 89ea 89ca 60c8 5087 58c8 58a7 58a7 50a7 5087 58a8 50a8 5088 4888 4888 58e8 ab4d cbcd b26b b24b c3d0 dd33 dd12 dd73 ddb4 ddd5 e635 c531 71a8 6887 80e7 9948 a9c8 ba2a c26b ca8b d28b d2ab d2cc d2ec db0d db2d db6e e3ae e3af e3cf e3f0 e410 e450 e471 ec91 e470 e4b2 ecd2 ecb1 e491 e4d2 ecd2 e4b2 e4b2 e4b2 e491 e492 e4b2 ecd2 e4b2 e4b1 e471 e430 dbcf dbae db8e db6e db6e db6e db4d db0d d2cc daec dacc daab daac daed e38e e431 e555 ee17 f699 f6b9 ee37 e594 dcf2 dcd2 e4b1 dc91 dc10 dbcf db8e db4e db2d db2d d30d d2ed d2cc d2cc caab ca8a c28a b24a 9968 78c7 70c8 6087 60a7 6908 68e7 7108 7948 7108 5088 5868 8a0b cc32 dcb2 d491 bc11 8a0b 68e7 68c7 5046 5886 6908 5866 5886 60e7 60c7 58a7 5887 60a7 89ca aaec bb8e c38e bb6e bb4d c3ae cc2f d44f cc4f cc4f cc2f cc2f cc2f cc0f cc2f cc0f cc0f cc30 cc0f cc0f cc0e c40f cc0e cc0f cc0f cc0f cc2f c40f c40e c3ee c40f c3ef bbef c3ce c3ee c3ef c3cf c3ce bbcf bbae bbae bb8e bbae bb8e b38e b38e b38e b3af c42f d4af dd30 e571 e5b0 edd1 edf1 edf0 edd0 edd1 edd0 edb0 edb0 edb0 edb0 ed90 ed90 ed90 e590 edb0 edb0 edb0 edb1 edb1 
99a9 99a9 99ea 99ea 99a9 91a8 9189 9168 9168 9168 8948 8948 8927 80e7 78c7 70a6 80e7 99a9 ba6a d2ea db6c dbcc e42e e46d ecaf ecce ecef ecef ed0f ecef f50f f50f f50f f4ef ecaf ec4d e40d e38b db2b caaa b209 9968 9947 9947 9968 99a8 a1a8 a9c9 b20a b22c b26e bb11 c3d2 cbf1 cb90 c3d2 bb92 bb51 c370 c36f b34f 8a2b 60e9 58ea 614c 71cd 698b 60ea 610a 612a 612b 610a 692b 694c 7a50 7a0f 71ae 82b2 7a70 7a30 9354 9373 92f1 71cc 6109 50c8 50c9 50a8 5087 5087 5067 5088 50a8 50c9 614b 718e 696c 824f 92f1 9353 9372 7a0d 50c8 48a8 5088 7149 ab4e b3b0 ab0d 9a6c 81aa 60c8 50a8 58a8 58a7 50c7 50a8 50a8 50a8 50a8 50c8 4888 50a8 79ca c40f bb2c aa6c b2cc d4d3 dd32 dd73 ddb4 e5d4 e635 d5f4 8269 5866 6866 8907 9988 b1c8 c249 ca6a ca6a d2ab d2ab d2cc dacc db2d db4d db8e e38e e3ae e3af e3ef e410 e450 e471 e491 e491 e491 ecd2 ecf2 e4b2 e491 ecd2 e4d2 e4d2 e4d2 e4d2 e4b2 e4b2 ecd2 e4d1 e491 e471 e450 e3ef dbae db8e dbaf db8e db6e db4d db0d daec daec dacc dacc dacc daed db6e e430 ed34 ee17 f698 f699 ee37 e595 e4f2 e491 dc71 dc50 dc30 dbef e3ae db6e db2d daed daed d2cd d2cd d2cd d2cc ca8b c2ab b22a 9969 78c8 70e8 6087 60c7 7128 68e8 7108 7948 7108 5888 5868 81ab cc11 dcd2 d451 c451 9a8d 6908 68e8 5087 5886 68c7 5887 58c7 60e7 60a7 5886 5887 68c7 922a b32d bbae c38e bb6e bb4d c3ef d42f d46f d46f cc4f cc2f cc2f cc0f cc2f cc2e cc2f cc0f cbef cbef c40f cc0f cc0f c3ef c3ef cc0f c42f c40e cc0e c3ee c3ee c3ef c3ef bbee c3ee c3ee c3ef bbce c3ce c3ce bbae bbae bb8e bb8e b38e b36e b36e b38e c3ef d4af dd30 e570 e5b0 edd1 edd1 edd0 edd0 edd1 edd0 edd0 edd0 edd0 edb0 edb0 edb0 e590 e590 edb0 edb1 edb1 edb2 e5d2 e5d2 
99a9 9989 91a9 91ea 91a9 9168 9148 9168 91a9 8968 8948 8927 8127 8108 78c7 70c7 8107 99a8 b24a caeb d38c dbcd e42e ec6e ecae eccf eccf eccf ecef ecef ecef ed0f ed2f ecef ecaf ec6e e40d e3cc d32b ca89 aa09 9988 9148 9147 9968 a188 a9a8 a9ea b24b b30e bb4f c30d cacc c28c c2cd b310 ab31 ab11 b2f1 9a4e 89ac 692b 60ea 696c 79cd 71ad 692b 612a 612a 610a 614b 610b 696c 7a0f 71ee 718d 8250 8b13 8ad2 9395 9373 9372 79ee 58e9 50c8 58e9 58c8 5888 50a8 50a8 58a8 50a8 50a8 50a9 58c9 696b 71ee 694b 6129 69a9 824b 60e8 4067 4868 58a8 81aa ab0d bbcf b32d 9a6b 7949 60e9 5088 50a7 58a7 50a7 50a7 50a7 5087 50a8 4868 4888 6109 a2ed cbcd b2ab b2cc c36f d513 dd11 e593 e5b4 e615 de35 a3ac 50a7 5846 7087 8927 a1c9 b209 c24a ca8a caab d2ab d2cb d2cb daec db0d db2d db6e e36e e38e e3cf e3ef e410 e451 e470 e491 ecb1 ecb1 ecd2 ecf2 ecd2 ecd2 ecd1 ecd2 e4d2 e4d1 e4d2 e4d1 ecd2 ecd1 e491 e470 e450 e410 e3ef e3cf db8e db8e db6e db6e db2d db2d daec daec daec dacc daac daec db6e e430 ed34 ee16 f678 ee99 ee58 edb5 e4f2 dc91 dc50 dc50 dc30 e3ef dbae db6e db2e db0d daed dacd d2cd d2cc d2cc caab c2ab b22a 9168 70c7 70e8 6088 60a7 7108 68c8 7948 8169 7108 5088 5868 818a cc10 d4b2 cc11 cc71 ab2e 68c8 60a7 5866 5866 60a6 5866 60a7 60c7 58a7 5066 5867 7128 9a6b bb4d c38e c38e c36d bb8e cbee cc4f d46f d44f cc4f cc2f cc2f cc2f cc4f cc2f cc2f cc0f c40f cc2f cc0f cc2f cc0f c40f cc0e cc0f cc0e c40f cbee c40f c3ef c3ef c3ee c3ce c3ee c3ee bbcf bbcf bbef bbef bbae bbae b38e b38e ab8e b36e b38e bbce cc6f dd0f e570 e590 edb0 edd0 edd0 edd0 edd0 edd0 edf0 edd0 edd0 edd0 edaf edaf edb0 e5b0 e5b0 edb1 edd1 edd2 edf2 ee12 edf3 
9189 91a9 9189 9189 9189 8968 9148 9148 9188 8968 8948 8128 8127 80e7 70c7 70e7 78e7 9968 ba49 caeb db6c dbcd e42d e48e ecaf eccf ecef eccf ecef ecef ed0f ed0f ed0f eccf ecaf ec4e e40d e3ac db2b ca8a b209 a1a8 9947 9168 99a8 a1a8 a9c9 a9e9 b24a b2ab ba6b ba6a ba8b ba6b c2cd bb0f b2ef a26e 9a6f 8a2e 8a2f 81ee 79ad 79ce 79ed 71ac 690a 712a 60c9 58ea 692b 718d 8270 7a50 610b 698d 8ab2 9353 93b4 9352 79ed 71cb 79ee 58e9 58a8 60e9 58a8 5887 58a8 5088 50a8 50a8 50c8 58e9 50a9 50a8 696a 79ee 610a 6108 81c9 60c7 4067 4847 5887 89eb aaac bbaf b30d 924b 8a2c 6928 50a8 5067 5087 50a7 5067 50a7 50c8 4887 4868 50a8 820b bbcf bb2c b28c bb0d d515 dd52 dd73 dd93 ddb3 de55 b490 6108 5067 68a7 70a7 8928 a1c9 ba29 c26a ca8b ca8b d2ab d2ab d2ab d2ec db0c db4d db6e e36e e3ae e3cf e3cf e3ef e430 e450 ec91 ecb1 ecb1 ecd2 ecf2 ecf2 ecd2 ecd2 ecd1 e4b1 e4d2 e4b1 e4d1 ecd1 ecb1 e491 e470 e450 e40f e3ef e3ae dbae dbae db8e db8e db4d db2d db0c daec dacc daab d2cc daec e36e e410 e513 ee17 f699 f6b9 ee78 edd5 e4f3 dc91 dc50 dc50 dc30 dc10 dbcf db8e db4e db2e daed daed d2cd d2cc d2cb cacb c28a b209 8928 70a7 70c7 5887 68c7 68e8 68a7 7928 89a9 68e8 5888 5848 7949 c3d0 d4b2 cbd0 c410 b3b0 7108 6087 5046 5846 5887 68e7 60a7 60c7 5886 5887 5867 7969 aaab c38d c3ad c38d c38d c3ae cc2f d46f d46f cc4f cc2f cc2e cc0f cc2f cc4f cc2f cc2e cc0f cbef cc0f cc0f cc0f c3ef cbef cbee cc0f cc0f c3ef c40f c3ef c3ee c3ef c3ce c3ce c3ee c3ef c3ef bbcf bbce bbcf bbaf bbae b38e b38e b36e b34e bb8e cc4f dcef e550 e5b0 edb0 edd0 edd0 edd0 edaf edd0 edd0 edd0 edd0 edd0 edb0 edb0 edd0 e5b1 edb0 edd1 edd1 edd2 edf2 edf2 ee13 ee13 
91a9 9189 8988 9168 9168 9168 8948 8948 9168 8948 8948 8148 8128 7908 70e7 70c7 80e7 9168 ba49 caeb db4c e3cd e40d e46e ecae eccf ecef eccf ecef ed0f ed0f ecef ecef eccf ecae ec6d e3ec e38c db2b c2aa b209 a1a8 9128 9168 99a8 a1c9 a1c9 aa0a aa2a aa4a b22a ba4a ba4b c26b c2ac c30e b28d 91cb 81ed 716b 79ee 79cd 820e 822f 718c 79ac 716c 712a 58c9 612b 71ce 8271 82d1 698c 58eb 71ad 9374 9b94 8af0 8270 612b 612b 722e 610a 58c9 58a8 5887 5887 58a8 58c8 58a8 5888 58c8 58e8 58a8 50c8 6909 6108 694a 60e8 81a9 68e7 4867 4027 5087 8a0b aaac c3af b34e a36f 9aac 60e8 58c7 50a8 5087 5087 5067 50a7 5087 4867 4827 60e8 b32c cbcd baab b2ac c3d0 e5d6 e553 e594 dd93 ddd4 d5b3 71e9 4867 5087 6087 78e8 8948 a9c9 ba2a c26a ca8a d28b d2cc d2cc d2aa dacc daed db0c db2d db6d e3ae e3ae e3ae e3cf e410 e450 ec90 ecb1 ecb1 ecb1 ecd1 ecd2 ecf2 ed33 ed12 e4d2 ecb2 e491 e491 ec91 e490 e4b0 e44f e42f e40f e3ef dbae db8e db8e e38e db8d db4d db4d db0c daec daab d2cc daec daed db6e e3f0 e4f3 edf6 f699 f6b9 ee98 edd5 e4f2 dc91 dc50 e450 dc30 dc10 dbae dbae db6e db2e daed daed d2cc d2cc d2cb caab c24a a9e9 8128 70c7 68e8 5887 68e7 68a7 60c8 7928 89c9 68c7 5867 5847 7929 bbaf d4b2 c3b0 c3ef bc31 8169 5886 5066 5866 58a7 7148 60c7 60c7 58a7 5887 60a7 89c9 b30c c38d c3ad c38d c36e cbce d46f d46f d46f cc6f cc2e cc2e cc0e cc2e cc2f cc2f cc2f cc0f cc0f cbef c3ee cc0e cc0f cbee c40f cbee c3cf c3ee c3ee c40f c3ee cbee c3ce c3ef c3ce c3ee c3ef bbcf bbce bbcf bbaf bb8e b38e b36e ab4e b36e c40f d4af e530 e570 edb0 edd0 edaf edb0 edb0 edb0 edb0 edd0 edcf edd0 edd0 edd0 edd0 edd0 edb1 edd1 edf2 edf2 ee12 ee13 ee13 ee13 ee14 
9189 9189 8969 8968 8968 8968 8948 8948 8948 8148 8148 8128 8127 78e7 70c7 70c7 78e7 9968 ba29 caeb db4c dbad e40e e46e ec8e ecaf eccf ecef ed0f ecef ecef eccf ecef f4cf ecaf ec4d e3ed e3ac db2b ca8a b209 9988 9147 9168 9988 99a9 a1e9 aa0a aa0a b24a b24a ba4a ba6a c26a c28b c2cc aa4c 816b 81ce 79ef 79ef 8271 8ad2 79ce 81ac 9aaf 89cd 692b 690b 79ce 8ab1 82b0 69ac 50ca 590b 71ef 8b53 93b5 8250 82b1 698d 614b 720d 612a 58a8 5087 5087 58a8 58c8 58e8 58c8 58a8 58c8 58c8 58a8 50a7 6149 50c8 58c8 58c7 8189 7108 5046 4047 60c8 89ea aa8c b34f ab0e bc30 ab2d 7149 5066 4846 4867 5067 4846 5087 4847 4847 4847 81ea c3ae baeb b26b baec d4f4 e5b4 e593 e5b4 ddb4 d5f5 932b 50c8 5088 58c8 60a7 78c7 9148 a9e9 ba4a c26a ca8a ca8b d2cc d2cc d2cc d30d db0c daec db2d e36d e36d e36d e38e e3ce e3ef ec30 ec4f e470 ec91 ecb1 ecd2 ecf2 ecd2 ecd2 ed12 ecd1 ecb1 e491 e4b1 e4b1 e490 e490 e42f e40f e3ef e3ce db6e db6e db6d db8e db6d db4d db2c daec d2cb d2ab dacc daec daed db4e e3f0 e4b2 edd5 f679 f6b9 ee98 edf6 dd12 dc91 dc71 e451 dc30 dbef dbcf db8e db6e db4e daed daed d2cc d2cc d2cb caab c26a a9c9 80e7 70c7 60a7 5887 68c7 60a7 60c8 7928 89e9 68c7 5847 5848 70e9 bbd0 d4b2 cbf0 cc0f c430 89aa 5887 5066 58a7 58a7 7108 60e7 60c7 5887 5866 68c7 9a2a bb2c c38d c38d c38d c3ae cc0f d46f d490 d44f cc2f cc4f cc2e cc0f cc2f cc2f cc2f cc2f cc2f cc0f cc0f cbef c40f cbee c40e c40e c40f c3ef c3ef c40f c3ef c3ce c3ee c3ee c3cf c3cf c3ce c3ee bbcf bbaf bbae bb8e bb8d b36d b36d b32d bbae cc6f dd0f e56f edb0 edd0 edd0 edd0 edb0 edb0 edb0 edb0 edd0 edd0 edd0 edd0 edb0 edd1 edd0 edd1 edf2 edf2 ee12 ee33 ee33 ee33 ee34 ee13 
9189 8969 8968 8948 8948 8948 8948 8128 8928 8128 8128 8127 7907 78e7 70c7 70a7 7907 9948 ba09 caea d36d dbad e40e e44f ec8f ecae eccf ecce ecef eccf eccf eccf eccf ecce ec8e ec4d e40d e3ac db2b caca b209 9988 9148 9188 9988 99a9 a1c9 a1e9 aa0a b22a b229 ba29 c24a c24a c26a ba6c a1ab 712c 8ab2 9b33 9b94 9352 79ed 796c 920d 9a8f 89cd 716c 820f 92f2 826f 616b 50ea 58ca 58eb 614c 724f 93f6 8292 7a4f 7a30 590a 6149 612a 58a8 5088 50a8 60e9 58c8 58c8 58c8 58c8 50c8 58c8 58c8 58e8 5909 50c8 58e9 58a7 6907 7908 5047 5067 7108 9a0a a2ac a2cf a26c cc4f c3ef 9aac 58c7 4866 4887 4867 4846 4846 4847 4847 60c8 aaeb cbac b2ab baac c38e dd74 dd73 e5b5 e5f5 de36 bcb1 5908 4888 50a8 60e8 68a7 70c7 9148 a9c8 ba29 ca6a caab ca8a d28b d2cc daec db0c daec db0c db2d e34d e34e e38e e3ae e3ce e3ce e3ef e3ee e450 ec50 ec70 ecb1 ecd1 ecd2 ecd2 ecf1 ecf2 ecb1 e491 e4b1 e4b1 e470 e44f e42f e40e e3ef db8e db4d db6e db2d db4d db6d db2d db2c daec d2ab d2ab d2cb daec db0d db6e e3ef e492 ed75 f658 f6b9 f699 ee17 dcf2 dc90 dc90 dc30 dc10 dbef dbcf db8e db8e db4e db0d daed dacc d2cc d2cb caab ba6a 99a9 7908 70e8 5887 5887 68a7 6887 60a7 7928 89c9 68a7 5867 5847 68c8 bbaf d4f3 cc51 c3cf cc50 926c 5887 5066 5046 5887 7148 6908 58c7 58c8 60a8 7928 a28b bb8d c38d c38d c36d c3ce d490 d512 d48f d44f cc4f cc4f cc2f cc2f cc2f cc2f cc2e cc0f cc2f cc0e cbee cc0e c40f c3ee c3ef c3ef c3cf c3ef c3ef c3ef c3ef bbce c3ce c3ee bbce bbce bbce bbce bbce bbce bbae b38e b36e b36e b34d b36e cc0e dccf e570 ed90 edd0 edd0 edd0 edd0 edaf edcf edaf edb0 edcf edb0 edd0 edd0 edd0 edd1 edf1 ee12 ee12 ee33 ee33 ee33 ee33 ee33 ee33 ee34 
8948 8968 8948 8169 8148 8168 8168 8968 8148 8128 7928 7928 7928 78e7 70a7 70c7 80e7 9948 ba29 caeb d38d dbad e40d e44e ec8e ec8f eccf eccf ecce ecae eccf ecef eccf ecce ec8e ec6f e40c e3ab db2b caaa aa09 9988 9128 9189 99a9 99ea a20b a1eb aa09 b209 b229 b249 ba4a c24a c24b b24e 920f 92f3 a416 9bd3 9331 79ed 714b 8a0e 9290 8a6f 714b 820e 8af2 826f 694b 590a 614c 612b 610b 58ca 618c 8b73 8b33 7a0e 82b1 610a 590a 612a 60e9 58c8 58c9 60e9 60e8 50a8 50a7 58c8 50a7 58a7 5088 5088 50c8 69cb 720d 5087 5866 7107 5087 5067 6087 91ca a2ad 9a8e 91aa bb0b d490 c40f 926c 58e8 4887 4867 4867 4846 4847 5867 81a9 c38c baca ba8a bacc ccb2 dd94 e5b4 e5f5 e656 cdd4 7a0a 4867 4867 50c8 68e8 6887 78e7 8948 a1c9 ba2a c24a caab caab d2ab d2ab d2cc daec daec db2d db2c e34d e36e e3af e3ae e3ce e3ce e3ef e3ef e430 e450 ec71 ec71 ecd2 ecb1 ecb1 ecd1 ecd1 ecb1 e490 ec90 ec90 e470 e450 e42f e40f e3ce db8e db6e db4d db2d db2d db2d db4d db0c dacb d2cc d2ab d2ab d2cc daed db6e e3cf e451 ecf4 ee37 f6b9 f6b9 ee37 dcf3 dc70 dc50 dc30 dc0f dbcf dbaf dbaf dbaf db4e d32d daed d2ec d2cc d2cb c2ab ba29 9968 78e7 6087 5087 60c7 6887 68a7 68c8 7948 89c9 68c7 5047 5047 60a8 b36e d4d2 cc51 c3af cc30 a30e 60c8 50a7 5047 5087 6907 6908 58c8 58c7 6887 8989 aacc c38d c38d c38d bb6d c3ce d4b0 d4f1 d48f d42e d42f cc4f cc2e cc4f cc2f cc0f cc2e cc0f cc0f cc2f cc0e c3ee cbee c40f c3ef c3ef c3ef c3ef c3ef c3ee c3cf c3ce c3ce c3ce c3ce c3ee c3cf bbce bbce bbaf bbae b38e b36e b36d b36d c3ce d48f e530 ed90 edb0 edd0 f5d0 edcf edb0 edaf edaf edaf edb0 edd0 edb0 edd0 edd1 edf1 edf1 ee12 ee33 ee33 ee33 ee33 ee33 ee33 ee33 ee13 ee13 
8949 8969 8969 8169 8149 8169 8169 8169 8169 8128 8128 7948 7908 70e7 68c7 68a7 78c7 9148 ba29 cacb d36d dbcd e40e e44e ecae ecaf eccf ecaf ecae ecaf eccf ecce ecef ecce ec6d ec2d e3cc e3ab db2b caa9 aa09 9968 8928 9148 9169 a20b aaf0 aa8d a9e9 a9e9 b229 b22a ba2b ba6d baf1 b373 abd4 9bd2 8b0f 79cc 690a 716c 8a2f a332 92b0 79ad 79ee 9353 7a2e 590a 58ea 614c 79cf 694c 696d 58eb 69ae 8b74 9375 824f 9353 71ad 50c9 612a 610a 6109 60c9 6909 60e9 50a8 50c8 50a7 5087 5087 58a8 5067 50c8 69ca 71ca 58a7 58a7 68e7 60a7 5887 68c8 920b a2ef ab6f a20a 91a8 bb4c cbcd c470 8a4b 5087 4867 4866 5067 5067 6087 a28b c3ac b24a ba6b c34d dd95 e5d5 e5f6 e636 de56 a3ad 50a7 4867 4867 58e8 7128 68a7 78e7 9148 a1a9 b209 c24a ca6a ca8b d2cb d2cc dacc dacb db0c db2d db2d e34d e36e e38e e3ae e3ae e3cf e3ef e3ef e430 e470 ec70 ec90 ecd1 ecb1 ecb1 ecb1 ecb1 ecb1 ec70 ec90 ec70 ec70 e44f e42f e3ee e3ce db8e db4c db0c db2c db0c db2d db4d d2ec d2ab d2cb d2ab d2ab d2cc db0d db4d db8f e431 ecf3 ee17 f698 f6b9 ee57 e513 dc50 dc30 dc30 dc0f dbcf dbaf db8f db6e db4e db2d d30d d2ed d2cc cacb c28b b209 9148 70c7 5887 58a8 60c8 60c7 68e8 68e8 7968 89c9 60a7 5046 5027 6087 ab0e d491 d451 c38f c3ef ab2e 7149 58c8 5067 58a7 68e7 60e8 58a7 5887 68c7 920a b32c c38d c38d c38d c38d cc0f d46f d46f d46f d44e d44f d42e cc2e cc2f cc0f cc2f cc2e cc2f cc0f cc0f cc0e c3ef cbee cbee c3ef c3ce c3ee c3ce c3ee c3ef c3ce c3ce c3ee bbef c3ce c3ce c3ce bbce bbaf bbae bb8e b38e b36e b36e bb8e cc2e dcef e56f edb0 edd0 edcf edcf edb0 edaf edaf edaf edaf edaf edb0 edd0 edd1 edf1 edf2 ee12 ee33 ee54 ee54 ee54 ee33 ee33 ee13 ee13 ee13 ee13 
8989 8989 8148 8148 8149 8149 8169 8169 8149 8149 7928 7908 7908 70c7 68a7 68a7 78e7 9168 ba49 caca db6c dbac e40d e44e ec6e ecaf eccf ecae e4af ecaf eccf ecef ecee ecce ec6d ec2d e3ec e38c db2b caaa aa09 9988 8928 9128 9149 a22b b350 aa6d a1c9 a9ca b20b ba4d bb52 c414 c455 bc32 ab2f 7149 58c8 60ea 610b 820f a393 b3d3 8a0e 71ed 8b32 7a4d 58ea 50aa 50a9 7250 7a4f 69ae 612d 590c 8314 93b5 9bd5 8a70 8b10 8290 58e9 58e9 60e9 6109 610a 6109 6109 5087 5067 5067 5087 5067 58a8 5067 5087 7149 7969 7948 7948 70e7 6087 70e9 898b 9a2c abb1 cbef bacc 8129 8949 baeb dccf bb8d 68e8 4846 4866 4847 4847 7128 bb8d c32c aa6b baac cc71 e616 e5f5 e636 e636 cd52 6948 4847 4867 4867 60e8 8148 68a7 78a7 9148 a1a8 b1e9 c229 c24a ca8b d2ab d2cb d2cb daec daec daec db2c e32d e34d e36e e3af e3cf e3cf e3ef e3ef e40f e40f ec30 ec70 ecb1 ec91 ec91 ec91 ec91 ecb1 ec71 ec91 ec70 e450 e42f e42f e3ee e3ce db8e db2c db0c d30d d30c db0d db0c daeb d2ab d2ab d28a d28b d2cb daec db0d db8f e452 ecf3 f5f6 f698 f6b9 ee78 e554 dc50 dc50 dc10 dc0f dbcf db8e db8f db6e d32e db0d d30d d2ec d2cc cacc c2aa a9e9 8928 68c7 5887 5087 60e8 60c8 70e8 68c7 7948 89ea 68c7 5046 5047 6087 a2cd cc51 d452 c36e bbf0 ab2e 798a 5887 4866 60c7 68e8 58e8 58c8 5867 7108 a26b bb4d c38d c38d c38d c3ae cc2f d48f d46f d46f d44f d42e cc4f cc4e cc2f cc4f cc2f cc2f cc0f cc0f cc2f cc0f c3ef c3ee c3ef c3ef c3ee c3ee c3ef c3ef c3cf c3ce c3ce c3ce c3ee bbce c3ae bbae bbce bbae bbae b38e b36d b34d b36d c3ee d4ae e54f ed90 edd0 edd0 edcf edcf edaf edaf edaf edaf edaf edaf edcf edd0 edf1 ee12 ee12 ee33 ee53 ee54 ee54 ee54 ee33 ee33 ee13 ee13 ee13 ee13 
8989 8969 8949 8169 8169 8189 8189 8149 8149 7929 7929 7928 7908 70c7 6887 6886 78e7 9188 ba29 caeb d34c dbad e40d e44e e46f ecaf ecaf ecae ecaf ecaf ecef ecef eccf ecce ec6d ec4d e3ed e38b db2b ca8a b1e9 9948 8927 9128 9148 a22a b371 aa8e a1eb aa0c b2f0 bbd4 c434 bbb1 b330 b330 9a2d 60a9 58a9 60ca 79ae 9b12 b3d3 a2f0 8a4f 8af1 71ec 610a 590b 50ca 592c 7ad2 71ee 7a91 614d 69ae 8bd5 9353 9373 8ad2 7a2e 9353 692b 58e9 60ea 614a 612a 60e9 60e9 5087 5067 4867 4867 4867 5088 58a8 7108 89ea 91ca 8988 8989 68c8 68e8 89cb 89ac 9ad0 cc52 dcb0 c410 91ca 68c8 99ea c36c b30c 68e8 4026 4046 4026 5067 928c c3ce bacb b26b bb4e dd34 e5f5 e616 e635 d5b3 8269 4867 4846 4847 4846 6908 8169 70c7 78a7 9107 a188 b1e9 ba29 c24a ca8a d28b d2cb d2cb d2ec daec daec db0c db4d db6d e36d e38e e3af e3cf e3ef e3ef e410 e40f e42f e42f e491 ec91 e450 ec70 ec90 ec70 ec70 ec70 ec70 e450 e450 e40e e3ee e3ce db6d db0c db0c d30c db0c d30d daec d2ec d2cb d2ab d26a d28b d2ab d2cc db0d db8f e431 ecf3 edd6 f658 f6b9 f698 e5b6 dc50 dc70 dc10 dbef dbcf e38e db8e db4e db4e d30d d2ec d2ec d2ec caab c26a a1a9 8108 60a8 5067 50a8 60c8 68e8 7128 7108 8148 89c9 68c7 5047 5048 60a8 9a6c cc31 cc72 bb8f c431 b36e 81ea 4867 4846 60c7 60e7 58c7 5887 5887 8189 aaab bb8d c3ad c38d c36d c3ce cc4f d48f d44f d46e d46f d44e d42e cc2f cc2f cc2e cc2f cc4f cc0f cc0f cc0f cc0f c40f c40f c40f c3ef c3ef c3ee c3ef c3ef c3ee c3ce bbce c3ce c3ce bbae bbae bbae bbce bbae bbae b38e b36e b34d bbae cc4e dd0f e58f edaf edd0 edd0 edcf edb0 edaf edaf edaf edaf edaf edaf edf0 edf1 ee11 ee32 ee33 ee33 ee53 ee54 ee54 ee54 ee33 ee33 ee13 ee13 ee13 ee13 
8969 8989 8969 8169 8169 8189 8169 8189 8169 7928 7908 7908 7108 70c7 68a7 68a7 70c7 9148 b209 cacb d36c dbac e40e e44e ec8e ecaf ecaf ecaf ecae ecae ecae eccf ecce ecce ec6d ec4d e3ec e38c db2b caa9 a9e9 9968 9127 8948 9128 a1c9 bb2d bb92 aa4f b2cf c413 c3b1 bacf aaaf b331 b32f 91cc 60a9 68eb 81ad a311 a332 9af0 79ac 8ab0 7a0d 612b 612c 58eb 590b 71ef 7a71 720e 8354 696d 7251 8bb5 8ad2 8b33 9354 71cd 93b4 79ee 610a 6109 6129 60e9 58e9 60e8 5087 4846 4867 4846 4866 58a8 60c8 8148 a2cc aaab 99c9 8127 68a8 7109 91cc 928f b370 dcb2 e531 d4d1 a26b 58a8 7928 a2cb 9aac 60a7 4026 3826 4026 6908 bb8d bb6c b2cc b2ab c3f0 dd94 e615 e615 de35 9b2b 5086 4846 4846 4846 5066 6928 8189 70c7 80c7 9127 a188 b209 c209 ca4a ca8b d2ab d2cb d2cb dacc dacc daec db0d db0d e32d db6e e38e e3ae e3cf e3cf e3ef e40f e430 e3ef e40f e430 e470 e470 e470 ec70 ec70 e470 e470 ec50 e42f e42f e40e e3ce e3ae db6d db2d db0c d2ec d2ec db0c d2ec d2cc d2ab d2ab d28a d28b d2ab d2ab db0c db8e e410 ecd2 ed75 ee37 f6da f6b9 edf6 dc30 dc0f dc10 dbef dbcf dbae db8e db6e db4e d30d d2ed d2ec d2cb caab ba2a 9989 78e8 5087 50a7 58a8 58a7 68c7 7128 7948 8148 89a9 68c7 5046 4827 6088 920b cc11 d492 bbd0 c431 b38e 89eb 4847 4846 60c7 58a7 5887 5867 60a7 89ea b30c c38d c38d c38d c38d cc0f d44f d46f d46e d46e d44e cc2f d42e cc0e cc0e cc2f cc2e cc2f cc2e cc0f c40f cc0f c40f c40e c40f c3ef c3ef c3ef bbef c40f c3ee c3ee bbef c3ce c3ce bbce bbae bbae bbae bbae b38e b36e b36e bb6e cc0e dcaf e54f ed90 edd0 edd0 edd0 edaf edaf edaf edaf edb0 edaf edd0 edd0 edf1 ee12 ee32 ee33 ee53 ee53 ee54 ee54 ee53 ee54 ee33 ee34 ee13 ee13 ee13 ee14 
8989 8989 8969 8189 8168 8169 8169 7949 8148 7928 7928 7908 70e7 70c7 68a7 6067 70a7 9147 b229 caeb d34c dbcc e40e e44e ec8f ec8f ecaf ecaf ecaf ecae ecae eccf ecee ecae ec8e ec4d ebec e38b db2b ca89 a9e8 9968 8907 9128 9128 9969 aa2b c38f bb91 bb51 bb10 aa6e a26e aacf b30f b2ce 91ed 68ea 712b 924e ab71 92b0 79cc 720e 7a4f 71cd 7a6f 720d 58eb 69ae 8251 71ce 82b1 82d2 692c 7ab2 8b34 82b2 8b73 9bf6 79ee 8330 8ab0 58e9 5888 58c8 60e9 58e9 60e8 5087 5046 5067 4867 5087 6908 60c9 7108 9209 b2ab 99c9 78c7 7109 81ac 926d aaee b26b cc2f e573 dcf2 b30d 6087 6087 89e9 7148 4826 4026 4026 4846 8a0a c3ac baab baac baed d4d4 e5f6 e636 de35 b46f 58e7 4867 4867 4847 4847 5047 7128 89ca 78e7 8107 9127 a188 b1e9 c229 ca4a ca8a d2ec d28b d2ab daec dacc db0c db2d db0d db0d e36d e38e e36e e3ae e3cf e3ae e40f e40f e40f e3ef e40f e40f e42f e450 e44f e450 e470 e44f e450 e42f e450 e40f e3ce db8d db4d db2c d30b d2ec d2ec d2ec d2cb d2cc d2ab d28b ca8b d28a d2ab d2ac db0d db6e e3f0 e471 ed34 f637 f6fa f6d9 ee37 dc71 dc10 dc0f dbef dbcf db8e db8e db6e db2d d32d d2ed d2ec d2cb c28a b229 9189 68a8 5067 5088 58c8 58a7 68e8 7928 7928 8168 8188 68c7 5026 4826 6088 91ca c3d0 d492 c3f0 cc10 bbaf 8a2b 4866 4866 60e7 5087 58a7 5887 68e8 9a2a bb4c c3ad c38d c36d c3ae cc0f d44f d44e d44e d46e d44f d44e cbee cbed cc2e cc2e cc2e cc2e cc2f cc2f cc0e cc0f cc2e c40f c3ef c3ef c3ef c40e c40f c3ef c3ce c3ef c3ce c3ce c3ae bbae bbae bbae bbce bbae b38e b36e b36e bbae d44f dd0f e56f edaf edd0 edcf edd0 edaf edaf edaf edb0 edb0 edb0 edd0 edf1 ee12 ee32 ee53 ee53 ee53 ee53 ee53 ee54 ee54 ee53 ee33 ee33 ee33 ee33 ee13 ee34 
9189 8989 8989 8989 8149 8169 8149 8148 8149 7949 7928 7907 70a7 68a7 6886 6087 7086 9127 b229 cacb d34b dbad e40e e44e e48f e4af ecaf ecaf eccf eccf ecce eccf eccf ecce ec8e ec4d ec0c e3ab db2b ca89 a9e9 9968 9127 9128 9148 9168 a1c9 b26b baac baee aab0 a2b1 a2b1 a2b0 b311 b310 9a2e 70eb 68ca 81cd 9ad0 8a70 71ac 822f 79ee 79ce 71ad 610a 71ae 79f0 71cf 7a50 8b53 7a50 696d 7a92 82b2 7a71 9394 a456 79ce 69cb 82b0 5088 4867 5087 50a8 58c8 60e8 5887 5067 5087 4847 5088 60a8 612b 718b 798a 91ea 91aa 7909 924c ab90 aaac b28b 9989 99e9 bc0d c42e a2cc 68a7 5066 68e7 58a7 4846 4046 4826 60a7 ab2c c34b baab baac c3d0 e5d6 e636 e635 c532 6968 4867 4867 5067 5047 5047 4846 7148 920a 8107 8107 9127 a188 b1e8 ba09 c26a ca8a d28b d2ab d2cb dacc dacc daec db0c db0d db6e e34d e36e e36e e3ae e3ae e3ae e3ae e3cf e3ef e3ce e3ef e3ef e40f e42f e450 e450 e42f e40f e42f e42f e40f e3ee dbae db6d db2c d30c d2cb d2eb d2cb d2cb d2ec d2ec d2ab d28b d2ab d28a d26a d2cc db0d db4e e3f0 e471 ed13 ee17 f6fa f6d9 ee57 dcb2 dbef dc10 dbef dbcf dbae dbaf db4d db2d d30d d30d d2ec cacb ba6a a1e9 8928 5887 5087 5088 58a8 60c8 6908 7928 7928 8148 8188 68c7 5046 4826 5887 89aa c3af d492 c3f0 cc10 bbcf 928c 5067 5066 58a7 5067 5087 60c8 7949 a28b bb8d c38d cb8d c36d cbad d42f d46f d44f cc4e d44e d42f cc2e cc0e cc0e cc2e cc0e cc2e cc0e cc0f cc0f c42f cc0f cc0f c40e c40f c40e c3ef c40e c40e c3ee c3ce c3ce bbce c3ee c3ee bbce bbae bbae bbae bb8e bb6d b36e b38e cc0e dccf e550 ed8f edd0 edd0 edd0 edaf edaf edaf edb0 edb0 edb0 edd1 edf1 ee11 ee32 ee53 ee53 ee53 ee53 ee33 ee53 ee33 ee53 ee54 ee54 ee54 ee34 ee34 ee34 ee34 
9189 8989 8989 8968 8969 8169 8149 8168 8169 7948 7928 7108 68c7 68a7 60a7 6066 6886 9147 b209 caca db2b dbad e40d e44f ec8e e48f ecaf eccf eccf eccf eccf eccf ecef f4ce ec8e ec4d ec0c e3ab db2a ca89 b1e9 9988 9127 9148 9168 9188 99a9 a1ca a20b aa6e b2d0 aacf ab51 b372 b351 b310 89ed 68eb 690a 820e 822e 79ce 79ef 8a70 7a2f 7a30 612b 71ae 7a50 71cf 694d 82d1 82d1 71ce 698d 7291 7a30 722f 93b4 a476 822f 612a 8312 58ea 4867 48a8 50a8 50a8 58a7 58a8 5888 58c8 50a8 58c8 5888 614a 824e 79aa 7989 8169 8989 ab0d cb6b b269 aa29 8128 7108 81ca 7989 6908 5087 5087 58a7 5887 4026 4886 60e8 8189 bb2b baca bacc c30d d4d3 e615 ddb2 d531 8aea 4867 4846 4867 5067 5047 5067 5067 7189 924b 8128 8107 9127 a188 b1a8 ba09 c24a ca8a caab d2cb d2cb daeb daec daec db0d daec db2d e30c e36e e38e e3ae e38e e3ae e3ae e3ae e3cf e3cf e3ef e3ef e40f e40f e430 e430 e42f e430 e42f e40f e3ef e3ae db8e db6d db4d d2ec caab ca8a d2ab d2cc db0c db0c d2cb d2ab d2aa d28a d28b d2cc daed db4d e3cf e451 ecd2 edf6 f6fa f6fa ee77 dcf2 dbce dbef dbcf dbaf dbcf db8e db4e d32d d30d d2ec d2cc caec b26b 99c9 70c7 5067 5087 50a8 60a7 60a7 6908 7928 7948 8148 7927 7107 5887 5026 5867 8169 b32e cc71 c411 c3ef c3ef a2ed 60e7 5087 5087 4867 5067 68e8 8189 aacc c38d cbad cb8c c38d cbce d44f d46f d44f d42f cc4e cc2f cc2e cc2e cc0e cc0e cc2e cc0e cc0e cc0f cc2f c44f cc2f c40f cbee c3ee c3ee c3ef c40f c3ef c40f c3ee c3ee c3ee bbce bbce bbce bbae bbae bb8e bb8e b36d b34e bbaf d46e dd0f e590 edd0 f5d0 edd0 edcf edcf edaf edaf edd0 edb0 edd0 edf1 ee12 ee32 ee54 ee53 ee53 ee53 ee53 ee32 ee33 ee33 ee33 ee54 ee54 ee54 ee54 ee34 ee34 ee34 
9189 8989 8989 8969 8989 8969 8989 8989 8168 8168 7907 78e7 70c7 6887 6087 6046 6866 9127 b208 caca d32b dbad e40e e44f ec8f ecaf ecaf ecaf eccf eccf ecef eccf f4ef f4cf ecae ec6d ec0c e38b db2a caa9 b209 9968 8927 8928 9148 9989 a1eb aa2d b2af baef b28d a24d aa8e bace b2ee a28e 714b 712b 79ac 820e 798d 716c 8ab1 8ad1 7a0f 694b 71ad 7a0f 718d 692d 69ad 8b93 71ee 58ca 614c 7ad2 7a10 71ce 93b4 a476 8a71 610a 7aaf 71cd 4867 5087 58c9 5088 58a8 612a 6109 58a8 5067 5067 5867 60c7 79cc 68c7 81aa 818a 9a2b c40e cb6c b22b 998a 814a 924c 92ee 798a 58a7 4866 4866 58a7 5067 4046 6128 926b aaab bb0b aa6a b28c c38e dd73 dd72 c40e b40f 79aa 5067 4826 4846 5066 5046 5047 5067 7989 9a4b 8127 80e7 9927 a168 a9c8 ba09 c24a ca6a ca8b d2ab d2cb d2cb dacb daec db0c db0c db0d e32d e36e e36e e38e e3ae e3ce e3ae e3ae e3ae e3ce e3cf e3ef e3ef e410 e40f e42f e40f e430 e430 e40f e3ef e3ce dbae db6d d32c d2ab ca6a ca6a d2ab daec db0c db0c daec daec d2ec d2ab d2ab d2ec db0c db4e e3af e472 ecf3 edd6 f6d9 f6fa f677 e513 dbae db8d dbae dbaf dbae db8e db4d d32d d2ed d2cc cacb c2ab b26b 9169 6087 5087 5087 58a8 58c8 5887 68e7 7928 8188 7948 7947 68e7 5866 5026 5867 7908 ab0e cc72 cc31 c3f0 cc30 ab4e 7169 58c7 5066 4867 5067 68e8 920a bb2c cbcd cbad cbad c3ad cbee d46f d46f d44f cc4f cc2f cc2f cc2f cc2e cc2e cc0e cc0e cc0e cbee cbee cbee cc0e cc0e c40f cc0e c40e c40f c3ef c40f c3ee c40e c3ee c3ee c3ef bbce c3ce c3ae bbae bbae bbae b36d b36e b36e c40f d4ce e570 edb0 f5d0 f5d0 edcf edcf f5cf edaf edd0 edb0 edb0 edf1 ee11 ee32 ee53 ee53 ee53 ee53 ee53 ee33 ee32 ee32 ee33 ee33 ee34 ee54 ee54 ee54 ee34 ee54 ee54 
91a9 9189 8989 8989 8969 8988 8989 8148 8148 8128 78e7 78e7 70c7 68a7 6086 6046 6866 9107 b208 caca d32b dbad e42e ec4e ec8e ecaf ecaf ecaf eccf eccf eccf eccf ed0f f4cf f4ae ec6e ec0c e3ac db2b caaa b209 9168 8908 8908 9169 a1eb aaaf bb31 baef b26c b22b aa4c aa8e ba8d b28d 99ed 712b 794c 818c 820e 798d 79ce 9312 8ad1 718c 71ad 71ce 696d 694d 610b 7ab1 8b52 612c 50aa 698e 8b53 8251 698d 8b94 9c55 9313 610b 6a0c 82b0 50a8 5088 50a9 58c9 614b 694a 58c8 5087 4866 4846 60e8 7129 79ab 81cc ab2d 926c 9189 b2aa c3ab c3ee ab0d 8a0a 81a9 7169 60c7 5067 4846 5087 5067 4847 58e8 9b50 bbf0 bb8e b30d a28b 9a8c b32d c40f c430 c492 b3f0 7989 5887 4846 5046 5866 5066 58c8 5067 7988 9a6b 9168 8907 8927 9988 a9c8 ba29 c26a ca8a d2ab d2cb d2ab d2cb dacb daec daec db2c e32c e34d e36e e34d e36d e3ae e3ae e3ae e3ae e3ae e3cf e3ef e3ef e3ef e3ef e3ef e40f e40f e40f e40f e3ef e3ce dbae db6d db4d d30c ca6a c22a ca6a d2cc db0d db2d db2d db2d db4d db2c d2ec d2ab d2ab d2ec db2d e38e ec71 ecf3 f5d5 f6b8 f6fa f677 e4f3 d38d dbae dbae dbae db8e db6e d32d d30d d2ec d2ec cacb ba8b a22a 78e8 5887 5087 5087 58a8 60c8 58a8 7108 7928 8168 7948 8148 68c7 5886 5026 5867 68a7 a2ed cc71 cc71 cc10 cc2f b38e 7969 60e7 5087 4846 5067 7128 a28c bb6d cbcd cbcd cbad cbad cc0e d46f d44e cc2f cc2e cc2e cc2f cc2e cc0e cc0e cc0e cc0f cc0e cc0e cbee cc0e cc0e cc0e c40f c40e c42f c40f c40f c3ef c3ee c40e c3ef c3ee bc30 c3ee c3ce bbae bbae bbad bb6e b34d b36d bb8e d44f dd0f ed90 edb0 f5f0 f5cf edcf edb0 f5af edcf edaf edb0 edd0 edf1 ee12 ee33 ee53 ee53 ee53 ee53 ee32 ee32 ee32 ee33 ee33 ee33 ee54 ee54 ee54 ee54 ee54 ee34 ee34 
91a9 91a9 91a9 9189 8988 8989 8968 8168 8148 8127 8107 78e7 70c7 70a6 6066 6066 6866 9127 b229 caca db2b dbad e40e e44e ec8f ecaf ecaf eccf eccf eccf eccf ecef ecef f4cf f4ae ec6d e40c e3ab db2a caaa b1e9 9969 8929 916a a20d b2f0 bb50 baee b24b aa2a b24a b24c aa8e ba8d b26d 91ed 794b 714b 714b 820f 79ae 8ab2 9332 824e 798d 79ee 696c 618c 694d 592a 8b73 828f 612c 5089 698d 8b53 8292 694d 8332 9c75 9353 60eb 614a 8312 60ea 58c9 612a 696b 60e9 58a7 5887 60e8 58a7 4846 5887 68e8 7989 9aed b34b a249 68c7 6908 8989 9a6b a26c 7128 58a7 5066 4846 4846 4846 5067 4826 4847 8a8d c491 d470 d450 cc2f bbef b38f b370 bc72 cd33 d4d0 aaeb 68c7 5026 4846 5086 5886 5046 5067 5067 7989 9a6c 91c9 8907 8907 9988 b1c8 ba2a c26a ca8b d2cb d28b d2cb d2cc dacb dacc daec db0c e32c e32d e34d e36d e36d e36d e38e e3ae e3ae e3ae e3ef e3ee e3ef e3ef e3ef e40f e40f e40f e40f e3ef e40f e3cf dbad db8e db6d d32c ca6a ca29 d26b daec db2d db4d db2d db2d db4d db4d db2c d2cb d28a d2ab db0c db8e e450 ed13 f5b5 f676 f6b7 f656 dcd2 d38d dbae dbae dbae db6e db4d d32d d30c d2cc d2cc cacb ba8b 91a9 60a8 5067 5087 5067 58a7 58a7 58c7 7108 7128 7948 7948 8148 60a7 60a7 5026 5887 6087 9a8c cc51 cc72 cc10 cbcf b36e 89ea 60c7 5067 4046 5067 7928 aaec c38d d3ac d3cc cbad c3ad d42f d46f cc4f cc4f cc4f cc2f cc4f cc4f cc0e cc0e cc0f cc0e c40e cc0e cbee cc0e c40e c40f c3ee c3ef c3ee c40f c3ef c3ef c40e c40e c3ee c3ee c3ee c3ce bbce bbce bbae bb8d bb8e b34d bb6e c3ee d48f e52f edb0 edd0 f5cf f5cf edcf edaf edb0 edcf edb0 edd0 edf1 ee11 ee32 ee33 ee53 ee53 ee53 ee33 ee33 ee33 ee32 ee33 ee33 ee54 ee54 ee54 ee54 ee54 ee54 ee34 ee34 
91c9 91a9 91a9 8969 89a9 8968 8968 8168 8148 8127 8127 8107 7907 70c7 6066 6046 70a7 9168 b249 caca d32b dbad e40d e46e ec8f ecaf ecaf ecaf eccf ecaf eccf ecef ecee f4ef ecae ec8f e40d e3ac db2a caaa b22a a1ca 99eb aaaf aacf b2cd b26b a9ea aa0a aa0a b22a b26d b2af baae aa6e 89ac 796b 612a 696c 8a0f 8a50 8ab0 92f2 81ee 79ad 696c 60eb 58ea 696d 722f 8b73 71ed 590b 50aa 590b 8312 8292 694d 7a4f 9c55 a3f5 694c 58e9 8b93 7a0e 50c8 58e9 6109 58a7 5087 60c7 7969 60c7 4846 4867 50c7 6949 6948 6907 60a6 5067 5888 6129 8a8e 9ace 81cb 58a7 4846 4846 4846 5086 4846 4007 50a7 abf0 cc92 d4b1 d4b2 d4b1 d4b1 dcd2 dcf2 dd52 d4d0 b32c 8147 5866 4846 4846 5086 5886 5887 5867 5867 7989 9a4b 91c9 88e6 9107 a188 b1c8 c229 c26a ca8b d2ab d2ab d2cb dacc daab dacc daec daec db2d e34d e32d e36e e36e e36e e36d e3ae e38e e3ae e3af e3ae e3cf e3ee e3ef e3ce e40f e40f e40f e3ef e3ef e3ce dbad db8e db6d d34d ca4a ca2a d28b daec db2c db0c db0b daea db2c db0b db0c d2cb d26b d26a dacb db6d e3ef ecd1 ed94 f5f5 f655 edf5 dc50 d38e dbae dbae db8e db6d db6e d34d d32d d2ec cacb c2ab aa0a 7929 5888 5067 5088 5087 58c8 58c8 60a7 70e7 7128 7948 7927 8148 6087 60a7 5846 5887 5867 8a2b c431 d492 cc51 c3cf ab4e 922b 60c7 5087 4067 5067 8169 b32d cbcd d3cc cbcd cbad cbee d44f d44f cc4f cc4f cc2f cc2e cc0e cc2e cc2f cc0e cc0e cc0e cc0e cc0e cc0e c40e c42f c40e c40f c40e c3ef c40e c40e c40e c3ee c40e c3ee c3ef bbee c3ce bbae bbae bb8e bb8e b36e b34e bb8e cc4f dcef e570 edaf edd0 f5cf edd0 edcf f5af edb0 edaf edd0 edf1 ee12 ee12 ee32 ee33 ee33 ee33 ee33 ee33 ee33 ee33 ee33 ee33 ee33 ee54 ee54 ee55 ee55 ee54 ee54 ee55 ee34 
91c9 91a9 9168 9168 89a9 8988 8988 8968 8968 8148 8107 7907 78e7 78c7 68a7 6866 78c7 9988 b249 caeb d34c dbac e40d e46e ec6f ecaf ecaf ecaf ecaf ecaf ecaf eccf f4ef f4cf f48f ec6e e3ec e38c db2b cacb ba2b a20c 99eb 99aa 99a9 99a9 99c9 a1c9 a9ea b1ea b20a b24c b2cf baee a26e 89cd 794b 68ca 718d 8a2f 8a50 8ab0 9311 8a4f 79ac 694c 5089 4889 722f 93f6 8af1 71ce 614c 58cb 50ca 7a91 8ad2 79b0 7a30 9c34 acd8 7a0f 58ea 8351 9352 58c9 50a8 58a8 58c8 60e9 60c7 79aa 68e7 4846 4867 50c8 6129 694a 60e9 5088 5088 694a 828e 8a8e 7928 60a6 5066 5067 4887 5086 5066 4026 4027 6189 c4f2 d4d2 d4f1 dd53 dcf3 dd33 dd33 d532 cd12 ab2b 7968 5866 5046 4826 5046 5086 5886 5846 5847 5847 79a9 9a6c 91ea 9127 9947 a9a8 b1c8 c229 c26a ca8a d2aa d2ab d2aa d2cb daab dacb daec db0c e32d e34d e32d e34d e34d e38d e3ae e38e e3ae e3ae e3cf e3ae e3ce e3ee e3ef e3ef e3ef e3ef e40f e40f e3ef e3ef dbce db8e db4d d32d ca8c ca4a d2cc daeb db0a d2aa b1c8 a187 b1e8 c248 caaa d2aa d2aa d28a d28b daec e36d ec50 ed53 f5d4 f5f5 e532 d3ee dbae db8e dbae db8e db6e d36e d32d d30c caec cacb ba8b 9189 60a7 5087 5087 50a8 50a8 58c8 60c8 60c8 70e7 7928 7948 70e7 8128 6086 60a6 5866 5866 5847 81ca c410 d4b2 cc72 c3ae b38e 9a8c 60a7 5087 4867 5887 91ea bb6d cbcd cbec cbac c3ad cc0f d44f d46f cc6f cc4f cc2f cc2f cc2e cc2f cc0e cbee cbee cc0f cc0e cc0f c40e cc0e cc0f cc0e c40f c3ef c3ef c3ee c3ef c40f c3ee c3ee c3ee c3ee c3ce c3ce bbae bbae bbae bb8e b36e b34e bbae d46f dd0f ed70 edaf edd0 f5cf f5d0 edaf edd0 f5af edd0 edf0 ee11 ee32 ee32 ee32 f632 ee33 ee33 ee33 ee33 ee33 ee53 ee53 ee54 ee54 ee54 ee54 ee54 ee54 ee54 ee54 ee34 ee34 
9168 9189 9189 9168 8969 8968 8968 8948 8968 8128 8107 8107 7907 78e7 70c7 68a6 80e7 a1c9 ba6a d2eb db6d dbad e40d e44e e46f ec8f ecaf eccf eccf ecaf eccf eccf ecef f4cf ecae ec8e e40d e38b db4c cacc b26c a1eb 8949 8949 9168 9989 a1c9 a1c9 a9ea b22a b20a b22b b26e aa8e 920d 816b 898c 792b 79cd 820f 820e 9b32 ab72 8a2e 79ad 692b 4868 50a9 82f2 9bf4 820e 694b 71ce 610c 50eb 7250 8ad2 8231 7a31 9bd4 acf7 92f2 58ca 728e 9bb4 60e9 50a8 58a8 6108 798a 7148 7169 60c7 4846 4867 4847 4867 58a8 6109 694d 60ca 8a4d bcd4 9ace 5887 4847 4867 5087 50a7 5087 4846 4027 4847 8aac cd12 d4f2 dd52 dd74 dd53 dd94 dd73 cd12 a36d 68e7 5086 5046 5046 5046 5046 5886 60a7 5867 5867 5867 7989 9a6c 9a0a 9127 a167 a9c8 b1e8 c208 ca49 ca69 d28a d28a d28a dacb dacb dacb daeb db0c db0c db0c e32d e36d e36d e38e e3ae e38e e3ae e3ae e3ce e3ae e3ae e3cf e3cf e3ef e40f e40f e40f e40f e40f e40f dbad e38e db6d db4d d2cc d26b dacb daeb db0b b209 78e7 70a7 88e7 a987 b1c8 b1c8 c229 ca6a d28a d28b db0c e40f ecf2 ed94 ed94 dc70 dc0f dbae dbae dbae db8e db6d db4d d32d d2ec d2cb c2cb aa2a 78e7 5887 5088 58a8 50a7 50a8 60e8 60c8 60c7 7908 8168 7928 7127 8148 68a7 60a6 60a7 5867 5047 796a bbb0 d4b2 cc72 bb4e bb8f a28c 60e8 5087 58a8 68e8 a28b c36d cbed d3ce cbcc c3ad cc2f d44f d44f cc4f cc2f cc2f cc2f cc2f cc2f cc0e cc2e cc0e cc0f cbee cbee cbee c40e c3ef c40f cbef c3cf c3ef c3ef bbef c3ce c3ee c3ce c3ce c3ee c3ef bbce bbcf bbce bb8e b36d b36e b36d cbce dc8f e54f ed8f f5d0 f5cf f5d0 f5cf edcf edcf f5d0 f5d0 ee11 ee12 ee32 ee33 ee32 ee33 ee33 ee33 ee33 ee33 ee54 ee54 ee54 ee54 ee54 ee54 ee54 ee54 ee75 ee55 ee54 ee54 ee34 
9169 9189 9169 8968 8948 8948 9168 9168 8968 8948 8107 8107 78e7 7927 78e7 78e7 8947 a9e9 c2ab d32c db8d dbce e40e e44e ec6e ecb0 ecaf ecaf ecaf eccf ecaf eccf ecef f4cf ec8f ec8e ec2d e3ac db2c cacc ba2a 99a9 9127 8928 9168 9988 99c9 a1c9 a9e9 b209 b20a ba4b aa6e a26e 91cc 816b 91cd 792b 81ed 820e 820e a330 a2ef 81ed 716c 5089 4869 616d 93b4 8b11 694c 612b 7a91 694d 594b 6a0e 82d3 7a0f 8251 9373 a495 9bb5 692c 720c 9bf5 612a 4867 5088 58c8 7989 7128 7128 7128 58c7 4846 4866 4867 4867 5088 694b 798d 92af bc11 920b 6088 50a7 58a8 58a8 58a7 4886 4047 4027 58c8 a3af cc70 d491 dd11 dd93 dd93 e5d5 ddb4 bc71 68e6 5046 5046 5066 5066 5046 5866 5887 6087 6087 5867 5846 7989 9aac 9a4b 9147 a967 b1e9 ba08 c229 ca49 ca6a ca8a d28a d2aa d2aa dacb dacb daeb db0c db0c db2d e34d e36e e36e e36d e38e e3ae e3ae e38e e38e e3ae e3ae e3ef e3ef e40f e3ef e3ef e40f e3ef e40f e3ef dbce e3ae db8e db6d db0d d26b d28b dacb d2cb c24a a9ca a189 a9ea ba4a b20a b1c9 a9c8 b9e8 ca69 d28b daeb db8d e491 ed74 e512 dc71 dc50 dbcf db8e db8e db6e db4d d34d d32d d30d d30c c2ab 99c9 6087 58a8 5088 58a8 50a8 50a8 60c8 58a7 68c8 7928 8168 7107 7128 8168 68a7 6086 68c7 5887 5027 7108 b36e d4b1 cc71 b34e bbcf a2cd 6908 5067 68e8 8169 aacc cbad d3ed d3cd cbac cbcd cc2f d44f cc4f cc2f cc2f cc2f cc0e cc0f cc0f cc0e cc0e c40f c40f c3ee cbef c40f cc0f c40f cbee c3ee c3ef c3ee c3ee c3ee c3ce c3ce c3ce c3ee c3ee c3ee bbce c3ae bbce bb8e b38e b36e bb6e cc0e dcaf e56f edaf f5d0 f5cf f5cf f5cf f5d0 edd0 f5d0 f5f1 ee12 ee32 f633 ee33 ee33 ee33 ee33 ee34 ee34 ee54 ee54 ee54 ee74 ee54 ee54 ee54 ee54 ee75 ee75 ee54 ee54 ee34 ee54 
9168 91a9 9189 9168 9168 9148 9168 9148 8948 8928 8127 8128 8128 8107 8107 8107 9168 aa09 c2cb d34c dbad dbee e42d e46e e48f ec8f ecaf ecaf ecaf ecaf eccf ecef ecef f4cf ecaf ec6e ec2d e3ac db2b caca ba09 9989 9128 9148 9189 99a9 a1e9 a9e9 aa09 b209 ba4a b24c b28e aa8f 99ac 89cc 91ed 712b 820e 79ed 79ad 81cc 8a2e 716b 692c 4869 590b 8b33 9372 8290 692c 698d 7ab1 71ae 58ca 720e 8b33 7a90 7a50 9313 93b3 a456 79cf 71ed 9c55 71ac 4046 4867 4867 60a7 6088 81eb a32c 9229 58a7 4887 4887 4047 4847 50a8 7a4e 9331 822c 60c8 5067 60c8 6108 60e8 58c8 58e8 60e8 712a 8a0b b34d c3ae cc0f d470 dcb0 e510 dd51 c4f0 92ab 5066 5046 5047 5887 50a7 58a7 5887 5886 6087 5866 5887 5887 81a9 a2ac a22b 9947 a167 b1e9 ba08 c24a ca49 ca69 d28b d28a da8a d2ab dacb dacc daeb db0c db0c db0d e34d e36d e36e e36d e36d e3ae e3ae e38e e3ae e3ae e3cf e3cf e3ce e3cf e3ef e3ef e40f e3ef e3ef e40f e3ce e3ae dbae db8e db4e d2cc d26b d28a d2ab d2cb d2cb d2ab d2cc d2cb d2ab ca4a c24a ba0a ca6a ca8b d2cc db8f e4d3 e533 e4d1 e470 dc2f dbef dbae db8e d36e db4d d34e d2ed d2ec caec b24b 7928 58a8 58a8 58e8 58c8 5088 5087 6108 60c8 68e8 7928 8988 7108 7128 8168 68a7 6066 68c7 6087 5047 60a8 ab0d d491 cc71 bb8f bbcf a32d 7169 5067 60e8 91ea bb2c cbcd d3ed d3cd cbcd cbee cc2f d44f cc4f cc4f cc4f cc2e cc2e cc0e cc0e cbee cc0e cc0e c40f c40f c40f c40f cc0f c3ee c40f c3ef c40e c3ef c3ef c3ee c3ee c3ee bbce c3ce c3ce c3ae c3ce bbce bbae bb8d b38e b34d bbae d44e e4ef ed6f edaf f5d0 f5d0 f5cf f5d0 f5d0 edd0 f5f1 f5f1 f632 f632 f633 ee33 ee53 ee53 ee54 ee53 ee53 ee53 ee54 ee54 ee75 ee74 ee54 ee54 ee54 ee54 ee54 ee54 ee34 ee34 ee54 
9148 9188 8968 9148 9168 8948 8928 8928 8928 8928 8107 8107 8128 8128 8148 8948 9989 ba2a c2cc d34d dbae e3ee e42e e44e e46e ec8f ec8f ec8f ecaf ecaf ecaf eccf ecef f4ef f4ae ec6e ec0d e3ac db4c caca ba29 a1a9 9127 9128 9168 99a8 a1c8 a9e9 aa09 b20a b22b ba8e b2ae b28d 99ec 89ec 792a 68ea 81cd 79ee 718c 718b 71ac 60c9 5068 58ca 8271 9373 826f 698c 71ce 71ce 71ee 698d 60ec 69ee 8b53 7a30 71ce 8af3 8b32 a476 8ad2 7a4f 9bf3 826f 4847 4046 5087 60a8 5867 9a4b d44e bb2b 8189 5887 4046 4047 4048 50c9 82d0 8aaf 694a 5087 4867 716a 796a 81cb 8a0c 8a2b 924c a2ad aaac aaab b30c c34c c34d c410 cd34 c533 8249 58a6 4846 5046 5867 6129 61aa 6169 6108 5866 5866 5866 58c8 58a8 7989 a2cd a26b 99a8 a168 b1c8 ba09 ca49 ca4a ca6a d28b d2ab d2ab d2aa dacb daec dacb daeb db0c db0c e30c e34d e36d e36d e38e e38e e38e e36e e36e e38e e38e e3cf e3ae e3ae e3ef e3ef e40f e40f e3ef e40f e3ef e3ae dbae dbae db6e db2d d30c d2cc daab daaa dacb dacb daeb db0c dacb d26a d26a caac d30e d391 dc32 e4f3 e574 e532 e4b1 dc50 dc0f dbf0 dbae dbaf d36e d32d d30d d30c cb0c c2cb 99ea 68a8 58a7 50a8 58e8 50c8 50a8 50a8 60e8 60e8 68e8 7968 89c9 7928 7948 8168 68c7 6066 68c7 5866 5047 5888 a2ad cc92 cc91 bb8e bbae ab0d 81aa 5087 60e7 a26b c34c d3cd d3ed d3cd cbad cc0f d44f d44f cc4f cc4e cc0e cc2f cc2f cc0f c40e cc0e cc0e cc0e c3ef cbee c40e c40f c40f c40f cc0f c40f c3ee c3ee bbef c3ee c3ee bbef bbee c3ce bbce c3ce c3ce bbce bbae b38d b38d b36d c3ce d46f e52f ed8f edaf f5cf edcf edcf f5cf f5d0 f5f0 f611 f612 f632 f653 f633 f633 ee53 ee53 ee54 ee53 ee33 ee53 ee54 ee74 ee74 ee55 ee54 ee54 ee54 ee74 ee54 ee54 ee54 ee55 ee55 
8948 8988 8989 9168 9168 8948 8948 9168 8968 8948 8107 80e7 8128 8948 8948 9189 a1a9 ba6a c30d d36d dbcd dbee e44f e44e e46f e48e ec8f ec8e ec8f ecaf eccf eccf f4ef f4ef f4ce ec8e e40d e3ab db6b caca ba29 9988 9148 9128 9188 99a9 a1c8 a9e9 a9e9 b1ea ba4b baad ba8c ba8c 9a0d 712a 5888 58c9 79ad 820e 79ad 716b 692a 58a9 5089 71ee 9331 826e 692a 610b 71ee 79ee 696c 71ae 698e 69ce 82f2 7a10 7a2f 8b54 8a91 9bd3 a3d5 8ab1 9393 9332 58c9 4046 50a7 60c8 5868 924c dc0f d44d ab0c 6087 3826 3827 4047 6a0d 824d 7149 79cc 58a8 58c8 81ca 924c 9a6c aacd ab2f b3d0 bc71 aaca aa8a aa4a aa6b b30d ccf3 de56 b40e 5087 4867 5067 5067 5887 60e8 6969 6149 60a7 6086 6086 5846 5847 5867 81ca aaed a24b 99a9 a168 b9e8 c249 ca4a ca49 ca6a d28a d28a d2ab daca daca d2cb dacb daec daec db0d db0c db4d e34d e36d e36d db6d db6e e38e e38e e3ae e38e e3cf e3cf e3cf e3ef e3ef e3ef e40f e40f e3ef e3ee e3ef e3ce dbae dbae db8e db4d db4e d30d d2cc dacc daab daeb db2c db4d d2cc d2ed dbb0 dcb2 e575 e595 ed94 e574 e512 e490 e450 dbef dbcf dbae d38f d36e d32d d30d cb0d caeb ba8b 7928 58a8 58a8 50a8 58c8 50a8 50a8 50c8 60e8 60e8 6908 8168 89e9 7989 8168 7927 70e7 6086 68c7 5887 5847 5867 9a4c cc71 ccb1 bb6f bb8e a2cc 81eb 58a8 68e8 aacc c38d cbcd d3cd d3ac cbcd cc2e d46e d44f cc2e cc4f cc2f cc2e cc0f cc0e cc2f cc0e cc2f cc0f c3ef c40e c40e c40f c40f c3ee c3ef c40f c3ee c3ee c3ee c3ee c3ef c3ee bbee bbce bbce c3ce bbce bbae bb8e b38d b36e b36d c3ee dc8e e54f edb0 f5cf f5cf edd0 f5cf f5d0 f5d0 edf1 f612 f632 f633 f653 f653 ee33 ee33 ee54 ee33 ee33 ee53 ee53 ee54 ee74 ee54 ee74 ee74 ee74 ee54 ee54 ee54 ee34 ee34 ee55 ee55 
9168 8988 8988 8948 8948 8948 8968 9168 8968 8948 8128 8128 8128 8128 8948 91a9 a1ea ba8b cb0c d38e dbce dbee e44f e44e e48f e46e ec8e ec8e ec8f ecae ecaf eccf eccf f4ef eccf ec8e ec0d e3cc db4b d2ca ba09 a1a8 9148 9148 9188 99a8 a1c9 a1c9 a9e9 b1e9 b22b ba6c ba6c c2ee aacf 710a 5068 5068 718c 79cd 716b 712b 60eb 58a9 69ce 9352 826e 610a 50a9 60ea 718d 71ce 610b 7230 7a30 7ab1 8af2 8250 8291 8b33 7a10 8290 a416 92f2 9bf4 9393 698c 4867 5087 60c8 6088 81ca c38e cbeb bb4a 68e8 4067 4067 5109 722d 60e8 68e8 7969 81ab 8a0b 9a4c 9a6c aaae b390 c492 d512 bbad a22a a24a a24b b2ed c410 de15 cd52 71a9 5088 5088 50a8 50a7 58a7 60c8 60e8 6949 60c8 60c7 60a7 58a7 5067 5887 81c9 ab0d 9a2b 99c9 a188 b1c8 c229 c24a ca6a d28a d28b d28a d2aa d2ab daaa d2cc daab dacb dacb db0c e30c e32c e32d e36d e36d db6d db6e e36e e38e e38e e38e e3cf e3ce e3cf e3ce e3ef e40f e40f e3ef e40f e3ef e3ef e3ef e3cf dbae dbae db6e db6d db4e db0d db0d db0d db4d e3ce e450 dbf0 db8f e410 e513 edb5 e5b5 edb4 e594 e512 e491 e450 dbef dbcf dbaf d36e d36e d32d cb2d cb0d c2ec a20a 60c8 50c8 58a8 5087 58c8 50a8 50a8 50c8 60e8 6909 7108 89c9 89a9 7948 81a9 8128 70c7 68c7 7128 5887 5867 5867 89eb c410 d4b2 bb8f b38e a2ac 89eb 68c8 8168 baec cbad cbce d3ad d3cd cbcd cc2e d44f d42f cc2e cc2e cc2f cc2f cc2e cc0e cc0f cc0e cc0e c40f c40f cbee cc0e c3ef c3ef c40e c40f c40f c3ef c3ee c3ee c40e c3ee c3ee bbef c3ee bbce bbce bbae bbae b38e b38d b36d bb8d cc0e dccf ed6f edaf f5d0 f5af edcf f5cf f5d0 f5f1 f611 f632 f633 f653 f653 ee33 ee33 ee53 ee33 ee33 ee33 ee53 ee53 ee54 ee53 ee54 ee54 ee54 ee74 ee54 ee54 ee54 ee54 ee55 ee55 ee75 
9168 8989 8989 8968 8968 8989 9188 9188 9168 8948 8128 8148 7908 8107 8968 91a9 a20a ba8b cb0c d3ae dbee dc0e e42f e44f e48f e46e ec8e ec8f ecaf ecaf ecaf eccf f4cf f4cf f4cf ec8e ec2d e3cc db4c d2eb ba29 99a9 9148 9168 9189 9988 99c9 a1a9 a9e9 aa0a b20a ba4c c2ce cb90 c350 814b 5869 5089 698c 79ce 712b 696c 694d 698d 8b73 8af0 698b 58c9 50a9 590a 716d 71ad 614c 69ee 7a30 82f2 82b1 8ab1 8af2 82f2 71af 720e a457 9312 9bd4 9bd3 8a90 60ea 5088 68e9 60a8 798a b2ed b2ec 99c8 68e8 5088 5109 616a 50e8 4888 6109 8a4d a2ee a2ad a2ef ab2f bbd2 cc72 d554 c490 a22a a26b a24b b30e bbb0 d554 de15 8aab 50c8 50a8 50c8 58e8 58c8 60a7 60c8 60e8 6908 60e8 60c8 60a7 58a7 5888 60a8 79aa a2ed a24b a1ea a188 b1e9 ba29 c24a ca6b d2aa d2ab d2ab d2aa daab da8a dacb daec daec db0d db0c db2c e32d e34d e36d e34d db6d db6e e34d db6e e36e e3ae e3cf e3cf e3cf e3ef e3ef e410 e40f e3ef e3ef e3ef e3ef e3ef e3ef e3ae dbae dbae db8e db6e db4d db4d db6e e3ae e470 e532 e4f2 dc0f e430 ed12 edd5 e5b5 e594 e594 e512 e491 dc30 dbef dbaf db8e d36e d34d d30d cb0c c30d baac 8169 58c8 58c9 58c8 50a8 50a8 5088 50a8 58c8 6929 7129 68e8 91e9 89a9 7128 81c9 7928 70e7 68e7 7108 60a7 5867 5047 8189 bbd0 d4d1 bb8f b36e 9aac 91ea 7929 91ea bb2c cbcd d3cd d3ac d3ad cbed d44e d44e d42e cc2f cc2f cc2f cc2f cc2f cc0e cc0f cc2e cc0f cc0e c3ee c3ee cbef c3ee c3ef c3ef c40f c3ee c3ef c3ce c3ee c3ee c3ef c3ee bbce bbce bbce bbce bbce bbaf b38d b38e b36d bb8d d44e dccf ed4f edaf f5cf f5cf edcf edcf f5d0 f5f1 ee11 f632 f653 f653 f653 ee53 ee53 ee33 ee32 ee33 ee53 ee53 ee53 ee53 ee54 ee74 ee54 ee74 ee74 ee54 ee54 ee54 ee75 ee55 ee75 ee76 
8988 8988 8968 8148 8948 8968 9168 8968 8928 8947 8127 8107 78c7 80e7 8947 91e9 aa2a baab cb0d d38e dbce dc0e e42f e44e e46e ec8e ec8e ec8e ecae ecaf eccf f4ef ed10 f4ef f4ce ec8e ec2d e3cc db6b caeb ba29 99a8 9148 8948 9189 99a9 99e9 a1ea a9ea aa2a b22b baae cb71 cbb1 b2ae 818c 58ca 60ea 718d 79ef 714c 71ae 8230 8b12 9351 71ac 592a 50c9 50ca 590a 696c 718c 696c 616c 71ee 7a90 7a4f 7a4f 8af2 8b33 7a51 71ce 9c35 8ad2 8b12 9bf4 9332 79cd 612b 694a 798b 798b 9a4c a24b 89aa 692a 6929 718a 58e8 4087 4889 612a 9aee b390 b350 bbb1 c452 ccd2 d533 d553 aacb 9a0a 99ea a20b bb6e ccf3 d5f5 abcd 5908 50c8 58a8 5909 6109 5909 60e8 6108 6108 6929 6908 68e8 60a7 60a8 5888 58a8 79aa 9aad 9a4b a22b a9a9 b1e9 ba2a c26a ca8b d2ab d2ab d2ab d2ab d2cb dacb dacb daeb daec db2d e32d db2d e34d e34c e32c e32d db6d db4e db6e e38e e3ae e3ce e3cf e3cf e3cf e3cf e3cf e3ef e3ef e3ef e3ef e3ef e3ce dbae dbcf dbcf dbae dbae dbae db8e db6d db6d e3ce e430 ecf2 edb4 e574 e471 e471 ed32 edd5 e5b5 e594 e594 e513 e491 dc0f dbaf db8e db8e d38e d34e d32d cb2d c30c a22b 60c8 50c8 58c8 50c9 50c8 58c8 50c8 50c8 58e8 7169 7129 6908 91e9 89a9 7128 8188 7928 70e7 7108 68e8 60e8 5867 5068 7129 b38f d4d1 bbd0 bb8e 9acd 89eb 8989 a28b c36c cbcd d3cc cbad cbcd cbee d44e d44f cc2f cc4f cc2f cc2f cc2f cc0e cc0f c40f cc0f cc0f cc0e c3ee c40e cc0e c40f c40f c40f c3ef c3ce c3ef c3ee c3ee c3ef c3ef c3ee c3ee bbee bbce bbae bbae bbae b38e b36d b36d c3ae d44e e50e ed8f edaf f5cf f5cf f5d0 edd0 f5f0 f611 ee32 f653 f653 f653 f653 ee33 ee33 ee32 ee32 ee33 ee33 ee53 ee53 ee53 ee53 ee54 ee54 ee75 ee74 ee54 ee75 ee54 ee75 ee75 ee55 ee75 
8968 8968 8947 8927 8948 8948 8928 8948 8948 8948 8107 7907 78c7 78e7 8928 91a9 a22b bacc cb2d d38e dbce dc0f e44f e44f ec6f ec6e ec8e ecaf ec8f ecae eccf ecef f4ef f4ef ecaf ec8e ec2d e3cc db6b caca ba29 99a9 8968 8948 9168 99a8 99a8 a1c9 a9ea a9ea ba6c cb70 cbb1 b2ce 9a4e 818c 60e9 68ea 718c 716d 718d 8ab1 9332 8ad0 71ab 5909 58c9 50a9 50a9 58c9 696c 694b 698c 694c 698d 7a0f 718d 71cd 82d1 82b1 8291 71ae 82f0 9313 82b1 9c15 9332 8a4f 694b 798c 8a0e 89cd 8a0d 89ec 81ab 6908 58c8 6929 5888 4068 60ea 8acf b494 bbb0 c411 c472 ccb3 d4f3 d554 bc2f 91e9 9a2a 99a9 9a0a bb6d d5b4 b44e 6127 5087 5067 5887 58a7 58a7 60c7 60a7 60c7 60e7 6928 7128 6928 60c7 60a7 5887 5888 7149 9aad a28c a22b a1a9 b209 ba4a c26a ca6a d2ab d28a d2cb d2ab dacb d2cb daab daeb daec daeb db2d db2c e34d e34d db4d db2d db2c db4d e34d e36d e36d e38e e3ae e3ae e3ae e3cf e3af e3ae e3ef e3cf e3ef e3ef dbcf dbae dbae dbce dbae db8e db8e db8e db8d dbae e3ce e470 ed53 edf5 edb5 e4f3 e491 ed33 edd5 edd5 edb4 edb4 e532 e470 dc10 dbcf db8e db8e db8e d32e d32d cb2d bacb 8169 58a8 58c8 58c8 50c8 50a8 50a8 50a8 50a8 60e8 7169 7109 7128 91c9 8168 7907 8168 7908 70c7 7907 68a7 60a7 5867 5047 68e8 ab0d ccb1 c431 bb8e a2cd 8a0b 920b aaab c38c d3cd d3ac d38b cbee cc0e d44f d44f cc2f cc2e cc2f cc2e cc2f cc0e cc0e cc2f c3ef cc0e cbef c3ee c40f c3ee c3ef c3ef c3ce c3ce c3ef c3ee c3ef c3ee bbef c3ee c3ef c40e bbce bbce bbad bbce bbae bb8e b36d b36d c3ce d46e e50f ed8f edaf f5cf f5cf f5cf f5f0 f611 f612 ee52 f652 f653 f653 f653 ee33 ee33 ee32 ee32 ee33 ee53 ee53 ee53 ee53 ee53 ee54 ee54 ee75 ee75 ee75 ee74 ee55 ee75 ee75 ee75 ee55 
8948 8968 8127 8927 8948 8927 8927 8968 8927 8928 8107 78e7 78c7 8107 8948 91c9 a24b bacc cb2d d38e dbce dc0f e44e e44e ec6f ec8f ec8e ec6f ec8f ecaf eccf f4ef f510 f4ef ecaf ec8e e42d e3cc db4b caca ba29 99a9 8948 8927 9168 9968 a188 a9c9 a9ea b22b c330 cb91 b2ae aace 9a8f 796b 692b 690a 718d 79ad 92d1 9b93 7a2d 6109 58e9 616b 58e9 58ea 58ca 58c9 696c 612a 71ae 692b 696c 71ce 698d 71ce 82d0 82b1 71ee 71af 71ee 9353 8ab1 9c15 9b72 92d1 692b 718b 92cf 926e 798b 7149 7949 5067 4846 60e8 60e8 68e9 81ab b3b0 ccb1 c3f1 cc31 d4d3 d554 d5b5 cd53 a2ca 9a29 99e9 99ca a28b c491 c510 6988 4867 5067 58a8 60a7 5887 5887 60a7 6086 60a6 60c7 7128 7127 68e7 60c8 60a7 5887 5887 7148 9aad 9a8b a24b a1a8 b1c8 c229 c24a ca6a d28a d28a d2cb d2ab dacb dacb dacb dacb daec db0c db0c db0c e34d e32d e34d e32d db4d db4d e32d db4d db4d e36d e38e e3ae e3ae e3ae e3ae dbae e3ce e3ae e3cf e3ef dbce dbae db8e db8e dbcf dbce db8e dbae dbce dbcf e40f e491 edb4 ee16 edd6 e533 e4b1 ed53 edf6 edf5 edb4 ed94 e512 e470 dc0f d3af d38e d36e d34e d32d d30d cb0c aa4a 60c8 50a8 58c8 58c8 58a8 58c8 58a8 50a8 50c8 6108 7148 6908 7948 91a9 8989 7907 8188 7928 7907 7907 68a6 6086 5046 5027 68a8 a2ed cc70 c431 bb6d a2ed 89ea a28c b2eb cb8d d3cc d3cc d38b cbed cc0e cc6f cc2f cc2e cc2f cc2f cc2f cc2f cc0e cc0f c40f c40f c40e c3ef c3ef cc0e c3ef c3ee c40f c3ef c3ce c3ee c3ef c3ee c3ee c3ee c3ee c3ee c3ee bbce bbce bbce bbce bbad bb8d b36d bb6d c3ce dc8f e52f edaf edaf f5cf f5cf f5d0 f5f1 f611 f632 ee53 ee53 f653 f653 f632 f632 f632 ee53 ee53 ee53 ee33 ee53 ee53 ee53 ee53 ee54 ee75 ee75 ee75 ee54 ee54 ee75 ee75 ee76 ee55 ee76 
8948 8948 8928 8928 8948 8148 8107 8927 8927 8107 80e7 8107 78e7 8107 8948 91a9 a22a baac cb2d d38e dbcf dc0e e44e e44e ec6e ec8e ec8e ec8e ec8e eccf eccf ecef f4ef f4ef eccf ec8e e44d e3cc db4b caea ba29 a1a8 8927 8947 9148 9988 9988 a1a9 a9eb bace cbb1 bace aa6c b2ce 9a4e 710a 710b 690a 79ae 8a2f 9b32 9311 6109 5088 58a8 6a0c 614a 612b 58ea 58ea 696c 610a 71cd 714c 614b 71ad 716c 71ad 7a2e 8af2 612b 698d 7a51 9373 9333 9393 9b72 9b52 798c 716a abb1 9a6c 6909 58a7 60a7 60c8 5087 60a7 7969 91eb a26c ab2e bbaf c411 cc72 d4f3 d594 d5b4 bbed 9a09 a22a 99c9 9a2a b38f c532 8269 50a7 5067 5887 5887 68e7 60c7 58a7 60a6 6066 6086 68e7 7108 7928 68e8 58a7 60a7 5867 5846 7108 9a6c 9a6b a26c a1ca a9c9 ba29 c24a ca49 ca6a d28a d2ab daab dacb daeb dacb dacb daeb e30c db0c db0c e34d e32c e34d e32c db2d db6e e34d db4d db6d e34d e36d e38d e38e e3ae e3ae e38e e3ae e3ae e3ce e3ef dbce dbae db8e dbae dbae dbcf dbaf dbcf dbce e3ef e450 e4d1 edd5 ee36 edf6 e574 e4b1 ed12 edf5 edf6 edb4 ed94 e512 e470 dbef d38f d38e d38f d34e d34d cb4d baec 8189 58a8 50a8 50a8 58a8 58c8 58a8 58a8 50a7 58a8 6908 7149 6908 8169 91a9 8168 7927 8168 78e7 7907 7107 68c7 60a7 5866 5047 60c8 9aad cc2f c430 b30d ab0d 91ea aaed bb0b cb8c d3ab d3cc d3ac cbed cc2e cc4e cc0e cc2e cc2f cc4f cc0f c42f cc0f cc0e cbee c40e cbee c3ef c3ef c3ee c40f c40f c40f c3ee c3ce bbce c3ee c3ee bbce bbce c3ee c3ee bbef c3ee bbce bbad bbad bb8d b38d b36d b36d cbee dcae e54e edaf f5cf f5cf f5cf f5d0 f611 f631 f652 f653 f653 f652 f653 f653 ee32 ee53 ee53 f653 ee53 ee53 ee53 ee33 ee53 ee54 ee54 ee75 ee75 ee75 ee74 ee55 ee74 ee55 ee75 ee75 ee75 
8948 8128 8148 8147 8128 8107 8107 8107 8127 8127 8108 7908 78e7 8128 8968 8988 9a0a ba8c c30d cb6d dbce dbee e42e e44e ec6e e48e ecae ecae ecaf eccf ecaf eccf ecee f4ef f4cf ec8e ec4d e3ec db6c caca ba29 9988 8927 8927 9168 9988 9969 a1aa b28d c371 b2ce aa6c b28c bb0e 9a2e 68ea 690b 794c 8a50 92b0 9352 8290 58a8 58a9 60ea 612a 69ac 718d 614b 614b 696c 60ea 696a 79ed 696b 614b 698d 692c 71ed 8ad1 694d 614d 71ed 9312 9b53 9312 9311 9332 9290 92ad cc50 91a8 5887 58a8 5046 68e7 796a 89ab 920b 9a6c 9a4b a2ce b3af c432 cc93 d554 d5d5 c4b0 a249 9a0a 99c9 99ea ab0d c4f2 9b2b 50c7 5087 5067 60c7 60a7 68c7 68e8 58a7 60a7 68a7 6087 68e7 7107 7968 7928 60a7 60a7 6087 5867 68e8 924b 9a4b a28c 99ea a188 b209 c22a ca6a ca6a d28b daab dacb dacb daab dacc dacb daec db0c db0c db0c e32d e34d e32d e32c db2d db4d e32c e32c db4d e32d e34d e36d e36d e38e db8e db6e e38e db6d e3ae e3ce db8d dbae db8e db8e dbae dbce dbcf dbef dbef e40f e450 e4d2 edf5 ee37 ee16 e554 e491 ecf2 edd6 ee16 edd5 e593 e532 e450 dbaf d36e db6e d36e d34e d34e cb2d aa8c 68e8 50a8 50a8 50a8 50a8 58c8 50a8 50a8 58c8 58c8 6908 6929 6929 8188 89a9 8168 7948 8168 70c7 7107 70c7 68e7 60a7 5867 5067 60c8 9aad cc0f cc71 b32d ab0e 91ea b32d c34b d38c d38c d3cc cbcd cbee cc4f cc2e cc2f cc4f cc2f cc2f cc0f cc2f cc2e cc2e cc0e c3ee cc0f cc0f c3ef c3ef c40f c3ef c3ef c3ee c3ef c3ee c3ee c3ef c3ee bbee c3ee c3ee c3ee c3cd c3ce bbae bb8d b36e b36d b34d b36d cc0e dcce ed4e edaf f5cf f5cf f5d0 f5f1 f612 f632 f652 f653 f652 f653 ee52 f653 f653 ee53 ee53 f654 ee53 ee53 ee53 ee53 ee53 ee54 ee55 ee75 ee75 ee75 ee75 ee54 ee55 ee75 ee75 ee75 ee76 
8148 8148 8128 8127 8128 8107 8127 8107 8127 8127 78e7 78e7 7907 8127 8968 91a9 99ea b28c c2ed cb6e d3cf dc0e e42f e44e ec8e e48f ec8e ecae ecaf eccf eccf ecd0 ed10 f4ef f4ee ec8d ec2d e3cc db6c d2ca ba49 9988 8907 8927 9168 9989 99a9 aa4c bb71 bb2f aa4c b22a baac b30e 920e 68ea 796c 81ce 820e 8a90 8af1 79ed 58a9 60ca 58c9 58ea 698c 694b 616c 698c 614b 614b 614b 79ed 71ac 616b 616c 694c 69ac 7a6f 7a0f 612b 58ca 71ad 9332 9bb4 8af2 8b12 a3b3 b3b1 bb6d 70c7 4846 58a8 5047 6928 a2ad aaee 9aad 9a4c 9a4c ab2e bbf1 c472 ccf3 d5b5 cd52 a28a 9a2a 99c9 99ea aa8b c4b2 abed 58c7 4887 4867 5887 7948 7928 60c8 60c7 58a7 6087 68a7 60c7 68c7 7107 7968 7948 70e7 6087 5866 5867 68c7 926b 9a4a a24b 9a0b a188 b1c8 c209 ca4a d26a d2ab da8a d2cb daaa dacb dacb dacb daec db0c e30c e30d e32d e34d e34d e32c e34d e32c db0c e30c db2d db2d db4d db4d e34d db6d db6e db8d db6e db6d db6d db8e db6d db6d db8e db6e db8e dbae dbae dbcf dbef e40f e451 e4f2 edd5 ee16 ee37 e575 e514 ed95 ee37 ee16 edd5 ed94 e534 e450 d38f d34e d36e d34e d34e d34e c30d 89aa 50a8 5088 5887 50a8 58e8 58e9 50c8 50a8 50a8 6108 6108 6908 7148 8168 8988 8169 7928 7948 70e7 7108 7107 68c7 6087 5867 5047 5887 928c c3ef cc71 b32d b36f 91ea bb0c cb4b cb8c d38c cbac cbee cc2e cc2e cc4e cc2e cc2e cc4f cc2f cc2e cc0e cc2e cc0f cbee c3ee c3ef c3ee c40f c3ef c3ee c40f c3ef c3ef c3ee c3ee c3ce c3ef c3ef c3ef bbcf c3ce c3ce c3cd c3ae bbae bbad b38d b36e b36d bb6d cc0e dcce e56f edaf f5cf f5d0 f5f1 f611 f632 f652 f653 f653 f652 f653 ee53 ee52 f652 f653 f653 ee53 ee53 ee32 ee53 ee53 ee54 ee74 ee75 ee75 ee75 ee75 ee75 ee75 ee75 ee75 ee75 ee75 ee76 
8148 8108 78e7 78e7 8107 8107 8128 8128 8128 8108 80e8 78e7 7907 8108 8928 8989 99ea b28c c30d cb6e dbce dc0f e42f e46e ec6e ec8f ecaf ecaf ecaf eccf eccf ecf0 ed0f ecef eccf ecae ec4d e3cc db6b d2ea ba49 9988 8928 8928 9148 9169 a1eb bb30 bb50 aa4b aa0a b20a bacc b2ce 91cd 692a 798d 690b 692a 8ab1 826f 696b 58c9 60ea 58e9 696c 694b 610a 616c 698d 612b 71cd 71ee 71ad 79cd 696c 612b 696c 69ad 71ed 7a2e 7a0f 58eb 58eb 71ee 9bb3 9b74 8b12 9c14 a3f3 81cb 4846 4067 5067 714a 9a8d bb2f c3f1 bc33 b3b2 ab70 b3b1 ccd3 d534 d594 d593 b34c 9a09 a22a 99ea aa8b bbcf c4f2 71a8 48a7 4887 4867 60c7 89c9 8969 60c7 60c7 5887 58a7 68a7 60a7 60a7 7107 7948 8189 7108 6087 6066 5847 68a7 922b 920a 9a4b 9a0b 99a8 b1a8 ba09 c26b ca49 d26a d2ab d2cb daab dacb daeb dacb daeb daeb db2c e32c db2d db2c e32d e32c e32c db2c db0c db0c db2c db4d db4d db4d db4d db4c db6d db6d db4d db4d db2d db8e db8d db6e db6e db4e db6e dbaf dbcf dbef e40f e42f e44f e48f ecf0 ed52 ed73 edd5 edf6 ed94 ed53 ecd2 ecd2 e512 e512 dc31 d34e d30d d30e d32e d36e cb4d b28c 7129 5087 5088 5087 58a8 5908 5949 50c8 58a8 58c8 60e8 68e8 7148 7949 8189 89a9 8169 7927 8168 7948 7928 7927 70e7 6086 5046 5047 5067 8a2b bbef cc91 b34d b34e 9a2a bb2c cb6c d38b d38b cbcc cbcd cc0e cc2e cc4e cc2e cc2f cc2f cc2e cc0f cc0e cc0e cc0e c40f c3ee c3ee c3ee c40f c40f c40e c3ef c3ee c3ee c3ee c3ce c3ce c3ee c3ce c3ce c3ce c3ce c3ce c3ce c3ad bbae bbae bb8d b36d b34d bb6d cc2d dcef ed6f edaf f5cf f5f0 f611 f612 f632 f653 f673 f653 f652 f653 ee33 f653 f653 ee53 ee53 ee53 ee53 ee53 ee53 ee54 ee54 ee74 ee75 ee95 ee75 ee75 ee75 ee75 ee75 ee75 ee75 ee75 ee75 
8148 7908 70e7 7907 78e7 7908 8128 8148 8128 8108 7908 78e7 7907 8108 8948 91a9 99ea b28c c30d d38e dbef dc0e e42f e46f e48f ecae ecaf ec8f eccf eccf eccf ecef ed0f f4ef f4ce ecae e44d e3ec db6b d2ca c229 9988 8928 8928 9129 998a b2ce c391 aa4c a1ea a9ea b20a baac aacf 89cc 692a 690a 5069 614b 8b12 8ab1 696b 58e9 612a 610a 616b 614b 610a 594b 69ad 614c 69ac 82b1 79ee 820e 79ee 71ae 69ad 71cd 698c 698c 8270 71ee 590b 612b 720d 8290 8ab1 9394 9bf3 8290 48e9 4068 50c8 920b b26c baed cc11 d535 d5b6 cd36 d535 e5f5 ddb4 ddb4 bbcd 99e9 a22a 99c9 a24b bb6d c513 8aaa 50a7 50a8 4867 5067 60c7 9a09 91c9 60a7 6087 5887 5886 68c7 68c7 68c7 7108 7948 8188 7127 5886 6087 6047 68a7 920a 91e9 9a0a 9a2a 9948 a9a8 b9c8 c24a ca6a d28a d2aa daaa dacb dacb daca daca daeb daeb db0c daeb db2c db2c e34c db4d db4c db2d db0c db0c db2d e32c db2d db2c db2c daeb db0c db2c db2c db2c db4d db6d db6d db6e db6e db6d db8e dbae dbad e3cd e3ad e38d e36d e34d e38d e3ce e3cf ec4f ecb0 ec50 e3f0 e390 e38f e3f0 e450 d3ae cacc c2cd cb0e d34e d36e cb2d 91ca 58a8 50a8 58a8 50a7 58c8 58e8 58e8 58a8 58c8 58e8 60e8 6928 7149 7128 8169 89a9 81a9 7928 8189 8168 7907 7927 7927 6086 5046 5047 5047 81cb c3cf cc91 b34e b32e aa8b c34c cb8c d3ab d3ac d3ac cbcd cc0e cc4e cc4f cc2e cc2f cc2e cc2f cc2f cc0e cc0f cc0f c40f c3ee c3ee c3ee c40f c42f c40e c3ef c3ef c40f c40e bbee bbef c3ee c3ef c3ef c3ce c3ce c3ce c3ad bbae bbae bbae bb8e b34d b34d bb6d cc2e dccf ed6f edaf f5d0 f5f0 f611 f632 f653 f673 f653 f653 f653 f653 f633 f653 f653 ee53 ee53 f653 ee53 ee53 ee54 ee74 ee74 ee74 ee75 ee95 ee75 ee96 ee75 ee75 ee75 ee75 ee75 ee75 ee75 
7928 7907 70e7 70c7 78e7 7907 7907 8107 8128 8107 8127 78c7 78c7 8107 8968 8968 99c9 b2ac c30d d38e dbef dc2f e46f e46f e48f ecaf ecaf ecaf ecaf eccf eccf ecef ed0f f4ef eccf ec8e ec4d e3ec db4b d2aa ba29 9988 8948 8908 9169 a22c bb70 b2ae a1ea a9a9 a9ea b22b bb2e b330 81ac 60c9 5889 5088 71ed 7a4e 8af1 716c 58c8 612a 590a 612b 612b 58ea 58ea 592b 612c 616c 82f1 8250 820e 8a70 822f 71ee 71cd 698d 614c 720d 8ad1 71ad 58ea 614b 7a10 7a50 9353 9373 9352 7a30 510b 718a bb2e aa6e 9aaf b3f3 d535 e5f6 e617 e616 e635 ddb4 c40e a209 a249 a1e9 99ea b2ec ccd2 abcd 50a6 4846 5067 5067 5087 6087 8988 89a8 6087 5887 6087 5886 68c7 68c7 68c7 7928 8168 7948 7928 6087 5887 6067 68a7 924b 91ca 920a 99ea 9148 a188 b1c8 ba29 ca49 d289 d28b daaa dacb daeb dacb daca daca daeb daeb db0b db0c e30c e32c e34d db4d db2c db2c db2c db4d db4c db0c d2ca d2aa d2aa d2ca d2ea d2eb d30c db2c d36d db2c db4c db4c db2c db2c db0b daeb db0c daeb dacb daab d2ab dacb e30d e30d e36e e3af e34d daec dacc daec db2d d30c ba6a b22a c2cc cb2e d36e cb6e bacc 70e8 58a8 50a8 50a8 50a7 58c8 58c8 58c8 58c8 58c8 60c8 60c8 7128 7969 6928 7969 8188 89a9 8168 89a9 7928 70e7 70e7 7928 6086 5046 5867 5888 798a bbaf cc71 b32e b30d b2ab cb6c d3ac d3cc d3cc d3ac cbcd cc2e cc4f cc2f cc4e cc4f cc2f cc0f cc0e cc0e c3ee c40e c3ee c3ee cbee c3cf c3ee c40f c40f c3ef c3ee c40e c40f c3cf c3ef c3ef bbef bbcf bbee c3ce c3ce c3ce bbae bbae bb8d b38d b34d b34d bb6d d44e e4ee ed6f edb0 f5f1 f611 f632 f652 f673 f673 f653 f653 f653 f653 f653 f653 f653 ee53 ee53 f654 ee53 ee54 ee54 ee74 ee74 ee75 ee75 ee75 ee75 ee75 ee75 ee75 ee75 ee75 ee75 ee75 ee75 
70c7 70c7 70e7 70c7 70e7 70e7 70e7 7907 7928 8107 78e7 78e7 78e7 8107 8948 9188 99e9 b28c c32d d38e dbee dc2f e46f e48f ecaf ecaf ecaf ecaf eccf eccf ecef ecf0 ecef f4ef ecef ec8e ec4d e3cc db4b d2c9 ba29 9989 8908 8909 99eb b330 b30f a1eb a1a9 a9c9 aa2b bace cb90 b30f 816b 60c9 5889 60ea 71cd 58e9 71ed 718c 610a 612a 610a 696b 696c 590a 58ea 50ea 58eb 698d 8312 8af3 822f 8a90 8270 826f 71cd 71ad 696d 614c 722e 8ab1 79ef 69ad 7a91 7a0f 8290 8b13 8250 8270 92f2 ab93 d453 b392 9b11 b432 d576 ddd6 ee57 e616 de15 c4b1 a229 aa4a a24a 99ca aa8c bc51 c533 7188 4887 5087 5087 58a7 5087 5846 7107 8188 6087 5866 6087 5887 60a7 68a7 7107 7107 7928 7948 8168 6086 5866 5867 6887 924b 89ca 91c9 9a0b 9148 9968 b1c8 c209 ca49 ca69 d26b d2cb daeb daec daaa daaa daaa daeb daca daeb daeb db0b e32c e34d e34d e36d e34c e34c e36d db6c daea ba08 a167 a9a7 ba08 c269 ca89 d2aa d2ea d2ea d2ca d2aa d2aa d2aa d269 ca69 ca49 ca69 ca49 ca29 ca49 ca29 d22a daaa daaa db2b db0b ca49 b187 b187 c1e9 c249 ba2a b1e9 ba4a caec d36e d38e cb4e 91ea 58a8 50a8 5087 5888 58c8 60e8 58a8 58a7 58a8 58a7 60e8 60e8 7148 7948 68e8 8168 8148 8168 8168 89a9 7927 68c7 68c7 7928 68c7 5866 5046 5847 7129 b36f cc51 b34f b32d bb0c cb8c d3cd d3ab d3cd d3cd cbad cc2e cc2e cc2f cc4e cc2f cc0e cc0f cc0f cc0e c40e cc0e c40f c40f c40e c3ef c40e c40f c40f c40f c3ee c40e c3ee c3ef c3ef bbce bbef bbee c3ce c3ce c3ce c3ce c3ce bbae bb8e b38e ab4d b32d bb8d d44e e50e ed6f f5d0 f611 f632 f652 f653 f674 f654 f653 f653 f653 f653 f673 ee53 f653 ee33 ee53 f653 ee53 ee54 ee74 ee74 ee75 ee75 ee75 ee75 ee75 ee95 ee75 ee75 ee75 ee75 ee75 ee95 ee95 
70c8 68c7 70c7 70e7 70e8 70e7 7907 8127 7907 78e7 78e7 78c7 78e7 8928 8968 91a9 9a0a b2ac c32d d3ae dbef dc0f e44e e48f ecaf eccf eccf ecef eccf ecf0 ecef ecef ecef ecef ecce ec8e ec2d e3cd db4b d2aa ba29 9989 8909 998a bb71 bb70 aa4c 9989 a189 a9ca bace cb90 cbf1 aacf 796b 60ca 60ea 79ad 718c 5088 58e9 610a 610a 614b 612a 696b 71ad 610a 610b 50cb 58eb 69ad 8b74 9394 8ad1 8ab1 8250 8290 8270 79ee 71ce 614c 614c 7a2e 92f2 8af2 8b12 696c 69ac 7a8f 71ce 694b 9a8e bbb1 b391 ab0f bb90 d514 dd97 ddd7 ee57 e636 d574 a2cb 99e9 aa6a a20a a22b bbaf cd94 9b2c 5087 5087 58a8 58a8 60c8 5087 5066 68e7 8167 68e8 5866 6086 6066 6086 60a7 68e7 68e7 7108 7968 8189 68a6 5846 5846 68a7 8a0a 8169 89a8 9a2a 8988 9128 a9a8 ba09 c249 ca8a d26a d2cb daeb daeb daca daca daaa dacb dacb daec e30c e32c e32c e32c e34d e34d e36d e36c e36c db6c d2aa b9e9 a1a9 a988 a147 a147 a967 b1a7 b9c7 c1e8 c1e8 c208 c228 ca29 c1e8 b9c8 b9c8 b1c7 a967 b167 b187 b9c8 ca09 d24a d26a d28a ca6a b9e9 b1c9 a9a9 b20a c26b c28c c26b cacc d34d d38e d38e baec 7108 5087 58a8 5087 58a7 58c8 60e8 58a7 58a7 58a7 60c8 68c8 6908 7969 7129 6908 81a9 7948 8168 8188 89a9 7927 6886 68a6 8188 7128 5887 5067 5867 6909 ab0e c451 bb8f bb4e c36d cb8c d3cd d3ac d3cc d3ed cbee cc2e cc2e cc6f cc6f cc2e cc2e cc0e cc2f cc2e cc0e cc0e cc0f c40e c3ef c3ef c3ee c40f c40f bbef c3ee c3ee c3ef c40f c3ef c3ee bbcf c3ce c3ce c3ee c3ce c3ce bbce bbae b38d b36d ab4d b34c c3ad d46e e52f ed8f f5d0 f611 f632 f653 f674 f673 f674 f673 f673 f653 f653 f653 ee53 f653 ee53 ee53 ee53 ee53 ee54 ee74 ee74 ee75 ee75 ee75 ee75 ee95 ee95 ee95 ee75 ee75 ee95 ee75 ee75 ee75 
68e8 68c7 68c7 70c7 70e7 70e7 78e7 8107 7908 78e8 78e7 78e7 78e7 8148 8989 91ca a22b baac c32d d3ae dbee dc2e e44f e48e ecaf eccf eccf ecf0 ecef ecef ecef ecef ed0f ecef ecce ec8e e42d e3ac db4b caaa b22a 9989 916a b2f0 c3b1 aa8c a1a9 9949 a189 b24c cb70 d3d1 c350 a28e 794b 60c9 716c 716b 6909 5088 5087 58e9 614a 69ac 614b 696c 696c 58c9 698d 610c 58eb 618c 9395 9373 9312 8270 8230 8270 8a70 8270 8271 79ee 698d 71ce 828f 9bd4 9332 692b 614b 698d 58ea 696c 926e b32f bb2e cb0c db2d dc90 e639 e679 e678 de15 c490 99e9 a20a 99c9 a20b b34e cd13 b46f 6128 5088 5887 60a7 60a7 60a7 5087 5087 60a6 7127 7107 5887 58a7 6087 68a7 68c7 68e7 68e8 68e7 7948 81a9 70e7 5866 5867 6087 89ea 8189 89a9 920a 89a9 9168 a9a8 b1c8 c229 ca8a d28a d2aa d2ca d2eb d2aa daaa daaa dacb dacb daec db0c db2c db0c e30d db2d e36d e38e e36d e36d db4c d2cb ca8b ca8b ca6b c22a b9e9 b9a8 b1a8 b1a8 c1c9 c1e9 ca09 ca4a ca4a ca2a c24a c22a c22a ba0a ba0a c22a c20a d22b d26c daac d2cd d2cd d2ce ca8e ca6d ca8c cb0d d32d caec d34d db6d d38d cb4d 91c9 58a8 50a8 50a8 50a7 58a7 60c8 60c8 5087 5087 50a7 60c8 60a7 7128 7148 68e8 70e7 89a9 8168 8168 8168 89a8 7907 6087 68a6 81a9 7948 5887 5067 5888 68e8 a2ac cc30 bbd0 bb6d cbce d38c d3ed d3ab d3cc cbed cbee cc4e cc4e cc4e cc4f cc2f cc2e cc2e cc2f cc0e cc2f cc0f cc0e cc0e c40f c3ef c3ee c40f c40f bbef c3ef c40f c40f bc0f c3ee bbee bbce c3ee c3ce c3ee c3ce c3ce bbce bbae bb8d b36d b34d b34d c3ad dc8e e52f edb0 f5f1 f632 f652 f653 f674 f674 f673 f673 f673 f673 f653 f653 f653 f653 ee53 ee54 f674 ee74 ee53 ee74 ee54 ee74 ee75 ee75 ee75 ee95 ee95 ee95 ee75 ee75 ee75 ee75 ee75 ee75 
60c7 68c7 68c7 68e7 70e8 70e7 78e7 7907 7927 7907 78e7 78e7 8107 8968 89ea 91eb a22b baac cb2d d3ae dbce e40f e46e e48f ecaf eccf eccf ecd0 eccf eccf f4ef f50f f4ef f4ef ecaf ec6e ec2d e3cc db4c caab b20b a1cb aaf0 c3f2 aa8d 91a9 9948 9989 a9ca bace cb91 c330 b2ef 9a6d 794b 60e9 716b 6109 612a 58a9 5088 6109 58e9 5909 58e9 698c 696c 58ea 71cd 696d 58ec 616c 9416 9bf5 9313 7a0f 7a50 8250 7a30 7a4f 8ab1 8a91 8270 7a0f 8270 8aaf 8a8f 7a0f 616b 69ce 698d 822f b330 d3ad e36b daeb dacc d36d ee37 eed9 e657 cd33 aaeb a24a a20a a1ea bb2e d4f2 c532 71a9 5088 50a7 58c8 60a7 60a7 58a7 50a7 5066 68a7 7107 7107 60a7 5887 5887 68e7 68e7 68e7 7108 68c8 7128 7989 7128 5867 5867 60a7 89ea 8169 89a8 89c9 8988 9168 a188 b1e8 ba09 c24a d269 d28a d2aa d2ca d28a d2aa d2ca d2cb d2cb dacb daec db0c db0c db0c db2c db8d e38d e38d e38d db6d db2c daec dacb daab d2ab d2ab da4a d24a d22a da2a da4a da6b daac daac daac daac e2cd e2ee dace daee db0f db10 e330 e392 e3f3 e413 e433 e412 e32f dace d2ee d34e d36e db6d db6d db8e d36d b2ab 68e8 5087 50a8 50c8 58a8 58a7 60e8 58a8 50a8 58a8 58c8 60e8 6108 7948 7108 68c8 7128 89c9 8148 8189 8168 89a9 7949 68a7 68e7 81ca 7969 58a7 5887 5887 60e8 9a6c cc10 c3f0 bb2c d40f d38c d3ee d3ac d3cc cbee cbee d44e cc4e cc2e cc2e cc2e cc0e cc2f cc2e cc2f c40f cc0f cc0f cc2f c42f c3ef c3ee c3ef bbef bbee c3ee c40f c40f c3ef c3ef bbef c3ee bbee c3ef c3ce c3ce c3ee bbce bbae bb8e b36d ab4d b34d cbcd dcae ed50 f5b0 f611 f632 f673 f673 f673 f673 f673 f654 f674 f653 ee53 f673 f673 ee53 ee73 ee74 ee54 ee74 ee54 ee74 ee75 ee75 ee75 ee75 ee75 ee75 ee75 ee75 ee75 ee75 ee75 ee75 ee75 f674 
60e8 60e8 6908 68e7 70c7 70e7 70e7 78e8 7907 78e7 78c7 70e7 8148 8989 89ca 920b a22b bacc c34e d38e dbee dc0e e46e e46e eccf eccf eccf ecef eccf ecef ed0f ed10 ed0f f4ef eccf ec8e e42d e3ed db4d ca8c ba4c bb30 c412 b2cd 99a9 9148 9169 998a b24c c350 c370 b2ae b2ad 9a2d 81ac 694a 694a 694a 718c 58c9 58e9 50a8 50a8 58a9 50a9 69ac 718d 58ea 698c 71ae 58cb 618d 9c97 a455 92f2 696d 69ad 7a0f 8291 8291 8290 824f 7a0e 7a0e 7a0e 614b 696b 8ab0 79ee 720f 8291 9b12 c371 e3ce e34b db0b d2cb caab dd33 eeb8 ddb4 bbce 9a2a a26a aa4b bb0d ccb1 d553 930c 50e8 50c8 58c8 60e8 60c8 60c7 58a7 5087 5067 60c7 68e7 68e7 60a7 5866 6087 68c7 7107 6908 7108 68e8 70e7 7968 7928 5887 6087 60c7 81ea 7969 8148 89a9 89a9 8988 9968 a9e9 ba09 c26a ca69 ca6a ca8a d2aa d28a d28a d2cb d2ab d2cb d2cb dacb daeb db0c db0c db2d db6d db8d db8e e36d e36d e38d e34d daeb daeb daab daaa daaa daab da8b e26a e24a e26a e2ac e2cc e2ed e2ee e350 e3f2 e453 e474 e493 ecd5 ec93 ed56 ed76 ed96 ed55 ec73 e350 daee db0e d36e d38e db8e db6d d36d c30c 8968 58a8 5088 50a8 58a8 58a7 60a7 60a7 58a7 50a7 5087 58a7 68e7 60c7 7108 68a7 68e8 7948 89c9 8148 8168 8169 8989 7908 68e8 68c7 81a8 8189 60a7 5866 5887 60e8 922b c431 cc31 c36d d40f d3ac d3ee dbac d3cc cc0e cc0d cc4e cc4e cc4e cc2f cc2e cc0e cc0f cc4f cc2e cc2f cc2f cc0f cc2f cc0e c40f c40e c40f c3ee bbef c3ee bc0f c40e c3ee c3ee bbce bc0f c3ee c3ce c3ce c3ee c3ce bbae b3ae b38d b36d ab2d b32c cbcd dcae ed6f f5d1 f612 f673 f673 f673 f674 f674 f673 f653 f673 f673 f673 f674 f674 ee53 ee74 ee74 ee74 ee75 ee75 ee75 ee75 ee95 ee95 ee95 ee95 ee75 ee75 ee75 ee74 ee75 ee74 ee74 ee74 f674 
68c7 68e8 68e7 68c7 70e8 70e7 7907 7908 78e7 7907 78c7 70c7 8128 8969 89a9 91ea a22a baac c32d d38e dbce dc0e e42e e46e ecaf eccf ecce ecef ecef ecf0 ecef ed0f ed0f ecef ecce ec8f e42f dbef d32e c2ae c330 c3d1 b30e 9189 8948 9148 9969 a1ca b2ce cbb2 b2ae b24c b26d 9a2d 818c 692b 610a 71ed 8290 692a 5909 5087 5088 5068 50a9 71ee 71ad 60ea 614b 7a50 58cb 61ad a4d7 a455 8af1 616c 590b 69ae 7a70 82b2 8af2 8271 79ce 7a0e 71ed 592b 592b 7a0d 8a91 8291 9334 9b52 b352 dbcf e36c db0b ca8b c2cd d4d3 de37 c42f a26a aa6b b28b c36d dcaf dd72 b40e 6128 50e8 58e9 58e8 58e8 60c8 60c7 58a7 5087 5087 5886 60c7 68c6 68c7 6087 5887 60a7 68e7 68c7 7107 68e8 7107 7948 7928 60a7 5887 68c7 79a9 8168 8148 89a9 81a8 8127 8948 a1a8 b1e9 ba49 c249 ca4a ca49 caaa ca6a d28a d2aa d2ab d2aa d2cc dacb dacb dacb db0c db2d e34d e36d db6d e36d e36d e38d e36d db0c daeb dacb daaa daab da8a daab daab da6b da4a e26b e28b e2ad e30d ebb0 ebf0 ec51 ecd2 ecb2 ecf3 ec71 ecf3 ed14 ed54 ed13 ec31 db0f db0e d34e d38f dbce dbae d34d c34d a24a 60a7 50a8 5088 5087 50a8 58c8 60a7 60c7 5887 5067 5066 60c7 68e7 68e7 60a7 60a7 68c8 8168 920a 8127 8988 8989 8969 78c7 68a7 7927 7968 81c9 60a7 5867 5888 60c9 922b c451 cc51 c38e d40e d3ac d40e d3cc d3ed cc0e cc0e cc4f cc4f cc4f cc2e cc4e c42f cc2f cc2f cc0e cc0e cc2e cc2f c40f cc2e c40e c40e c42f c3ee c40f c3ee c40e c40f c3ee c3ef bbef c3ef c40e c3ce c3ce c3ee bbce bbce b3ae b38d b36d ab2d b32c cbed dcaf ed6f f5f1 f632 f673 f673 f674 f673 f673 f673 f673 f653 f673 f674 ee74 ee74 ee74 ee74 ee74 f674 ee74 ee75 f674 ee75 ee95 ee95 ee75 ee94 ee75 ee74 ee74 ee74 ee74 ee74 ee53 ee73 f653 
60c8 68e8 68c7 68c7 70e7 70e7 70c7 78e7 78e7 78e7 70c7 70a7 7907 89a9 91c9 99ea a22a ba8b c30d d38d dbee dc0e e42e e46e ec8f eccf eccf ecef ecef ecef ed0f ed0f ed0f eccf ecaf ec8f e470 dc33 cb72 c351 c391 b2ce 9189 8908 8928 9149 918a a24d bb50 c3b1 aa4d b22b a22d 920d 714a 796c 692b 8b11 8b10 692a 5087 4867 5889 5068 612b 7a50 718c 692c 612a 7a50 612c 69cd a4f8 a455 9312 698e 58ca 698d 71ee 71ef 7a70 8b13 82b1 8250 71ce 698c 616c 71ac 820e 8270 9bb5 a373 b392 d3d1 e34c d2cb caac cc32 d5d6 cd53 9a4a a26b b2cc cb8c e4af dccf bbed 7188 50c8 50e9 50a8 58c8 58c8 60c8 60c8 58a7 5887 5087 5886 58a7 68e7 68c7 60c7 5887 6087 68c7 70e7 70e8 6908 7108 7948 7948 68c7 5867 60c7 7948 8148 7948 89a9 81a9 7907 8968 99a8 b1e9 ba09 c249 c269 ca6a ca8a ca8a ca8a d28a d2aa d28b d2ab d2aa daec daab daeb db0c db4c db4c e36d e36d e38d e38d e36c e34c db2c db0c d2ab d2ab d28a da8a daab daab daac e28b e28b e26b eacd eb4e eb6f eb8f ebb0 ebf0 ebf0 eb8f eb8f ebb0 ebf1 ebf1 e370 daee db4f d38e dbae dbaf db8e d36d baec 7928 5087 5087 5087 5087 50a7 60e8 60a7 60a7 5887 5887 5066 60a6 68c7 7148 60a7 6066 68c7 8168 922b 8128 8988 91c9 8188 7928 70e7 7908 7968 89ea 68c7 58a7 5887 60e9 8a0b c430 cc51 c3cf d3ef d3ec d42e d3cc d3ed cbee cc0e cc4e cc4e cc4e cc4f cc4e cc4f cc4f cc4e cc2e c42f cc2e cc2f cc2e c42e cc2f c40e c42f c40e c40f c40e c3ee c3ef c3ee bbce c3ee c3ef c3ee c3ce c3ce c3ee bbce bbae bb8e b38d b34d ab4d b32d cbee dccf ed90 f611 f652 f673 f694 f673 f674 f673 f673 f674 f654 f673 f674 f673 f674 f674 ee74 ee74 f674 ee74 ee74 f695 ee95 ee94 ee74 ee74 ee74 ee73 ee53 ee53 ee74 ee53 ee53 ee53 ee53 f632 
68e8 68e8 60a7 68c7 68c7 70c7 70a7 78e7 70c7 78c7 70a7 70c7 7907 8989 91c9 99ea a20a b28b c30d d38e dbce dc0e e42e e46f e4af eccf ecef ecef ecef ed0f ed0f ed0f ed10 ed10 ecd0 e490 e471 dcb3 d493 cb8f bacc 99c9 80e7 80e7 8908 9169 99cb bb10 c3d2 b2ce aa2c b24b a26d 818b 68ea 714c 71ac 93d4 8a8e 6909 58a8 58a8 50a9 5089 618c 8270 694b 71ae 694c 720e 71af 7a90 a518 9bb4 9312 8ad2 612c 614c 71ee 71ef 614c 724e 9353 8ad2 8270 8270 720f 7a0f 8251 8290 9bd5 bc14 b3b2 cbf2 db4e ca6b caed dd94 de37 b36e a22b baec d3ee e46e e571 bbee 79c9 58c8 50c8 50c8 58a8 58a8 60e8 6108 60e8 60e8 58a7 5887 60a7 58c7 60c7 68c7 60c7 60c7 60a7 60c7 7128 6908 68e8 7108 7148 7948 68c7 5887 60c8 7169 8189 7928 89a9 8168 78e7 8148 9988 a9c9 b209 ba29 c249 c26a ca69 ca69 ca6a ca8a ca8a caab d2ab d2aa d2ec d2cc dacb d30c db2c db4d db4d db4d e36d e36d e36d e32c db2c db0c daec daeb d2aa d2aa d28a d28a daab dacb e2ab e28a e28c eaed eb0e eb2f eb2f eb70 eb70 eb50 eb0f eb0f eb2f e34f daee d32e d36e dbae dbce d3ae d36d cb2d a209 60a7 50a7 50a8 50a8 50a7 50a8 60e8 58a7 58a7 58a7 58a7 58a7 60a7 60c7 7128 60a7 6087 70c7 8188 920b 7908 8148 91ea 8169 7907 7928 7928 7928 89ea 68c7 60a7 60a8 60e9 8a0b c410 cc71 cbef d40f d3cc dc2e d3cc d3ed cc0e cc0f cc2e cc4e cc4e cc4e cc4e cc2f cc4f cc2e c42f c42f cc2f cc2f cc2e c42f c40f c42e c40f c40f c40f c40f c3ef c3ee c3ee c3ee c3ef bbef bbee bbef bbef c3ee c3ee bbce b38e b38d b36d ab2d b32d cbee dccf edd1 f632 f673 f694 f694 f694 f674 f673 f673 f673 f674 f673 f674 f674 f674 f675 ee95 ee75 f674 f674 ee95 f695 f695 f694 f674 ee53 ee74 ee53 ee53 ee32 ee53 ee52 ee32 ee32 ee32 f632 
68e8 60c7 60a7 68c7 68c7 70c7 70c7 70c7 70c7 70c7 70c7 70c7 8128 8988 91c9 920a 99ea b26a c30c d36d dbce e40e e44e e46e e48f eccf ecef ecef ecef ecef ed0f ed0f ed0f ed10 ecd0 e490 e430 e40f db8e caec b229 9168 8908 8908 9129 918a aacf c412 bb4f aa0c aa0b b26d 9a8e 794a 60ea 60c9 7a0d 9c14 820c 5888 5087 58c9 50a9 50ea 71ee 7a70 60ea 71ac 79cf 71ce 79ce 8b53 acf8 9312 8290 9395 79f0 696d 720f 8291 614c 616c 7a6f 9333 9313 92d1 82f3 8b54 9333 8250 9b73 c454 c454 bbd2 d350 c24b cb0d dd74 d595 aacd baec d3ae ecae ed70 d50f 9aab 58e9 58e9 58e9 58e9 58e9 58e8 60e8 6108 60e8 6108 58c8 58a7 60c7 60e8 60c8 60a7 60a7 60c8 60c7 60c7 68e7 7107 68e7 6928 7948 7948 68c7 60a8 60c7 7969 81a9 7948 89a8 7948 7907 7928 8948 a188 b208 ba29 ba29 c249 c229 c269 ca69 ca69 ca8a caaa d2cb d2aa d2eb d2ec d2ec db0c db2c db2c db2c db2d db2d e36d e36d e34c db4c db0c db0c daeb dacb d2cb d2aa d2ab d2ab d2ab da8a daab e2ac e2ab e2ed e2ed e2ee eb2f e32f e30e eb0e e2ee e2cd dacd d30e d38f d3cf db8e dbae d38e cb2d b2ab 8989 5887 50a8 50a8 50c8 50a8 58c8 6108 58c8 58c8 60e7 58a7 60c8 60c7 68c7 7108 60c7 6087 70c7 89a8 89ea 7908 8148 91ea 8188 8169 7928 70e7 7927 8a0a 68a7 60c7 58a8 60c9 8a4c c410 cc71 d40f d40e d3ed d42e d3ed d40e cc2e cc4e cc2f cc4f cc4e cc2f cc4e c40e cc2e cc2f cc2f cc2e cc2e cc2f cc2e c42f c40e c40e c40f c40e c40f c42f c40f c3ef c3ef bbef bbef bbef bbef bbef bbce bbcd c3ce bbae b38e b36d ab4d ab2d b32d cbee e4ef edd1 f632 f674 f694 f694 f694 f673 f673 f673 f674 f673 f674 f674 f694 f695 f694 ee95 f695 f695 f695 f695 f695 f674 f674 f653 ee53 ee53 ee33 ee32 ee32 ee32 ee32 ee32 ee32 ee32 ee32 
60c7 60a7 6086 68a7 68a6 68c7 70c7 70c7 70c7 68c7 68a7 70a7 8107 9188 99e9 91ea 99c9 b24a c2ec d36d dbad dbed e42e e44e e48f ecef ecef ecef ecf0 ed0f ecef ecef ed0f ecf0 eccf ec8f e42f dbee d34c caaa b209 9168 8908 8108 8929 99cb bb71 c3b0 aa6d a20b aa2b b2ae 924d 712a 60ca 60ca 82cf a454 79cb 5087 58c8 58c9 5089 590a 7a70 7a2e 58ea 590a 71ce 71cf 79ce 9415 a476 8af3 71ce 8b32 9334 7a30 82b1 8b32 71ee 614c 614b 724e 9374 8ad2 8b74 9373 9b31 92d2 8a90 b3d3 d494 bb50 c372 c26c c32f d575 d576 c38e d40f e48f ed51 e550 9aaa 6129 50e9 58e9 5909 58e9 58e8 58e8 6109 6109 60e8 6149 58e8 58c8 60e8 60e8 60e8 58c8 58c8 6108 6908 6108 60e8 7128 7128 6908 7148 7969 7128 60e8 60a7 6928 8189 7128 81c9 81a9 7928 7928 8969 9968 a9c8 b1e9 ba09 ba09 ba09 c249 c26a ca6a caab ca8a ca8b d2ab d2eb d30c d2eb daec db0c db0c db2d db2d db2d db2d e34d e34c db4d db0c db0c daec daeb daeb dacb d2ec d2ca d2aa d28a d26a d26a da8a daab daab dacb e2ed e2cb da8b da8b da8c daac d32e d3af dbce dbae db8d d38e cb6d bacb 9188 7928 5087 5087 50a8 5087 50a7 58a7 60c8 5887 60c8 68e8 58c8 68e7 60a7 68e7 6907 60c7 6086 70e7 89c9 89c9 7928 8168 89e9 8148 8168 7908 70c7 7927 922a 68e7 60a7 5888 60a8 8a0b c3cf cc91 cc0e d40e d3ed dc2e d3ec cc0e cc0e cc2e cc4e cc4e cc4e cc2e cc2e c42f cc2f cc2f cc4f cc4f cc2e c42f c40e c42f c42e c40e c42e c42f bc0f c40f c40e c40f bbef bbee bbee bbee bbef bbce bbce bbae bbce b3ae b38d b36d ab4d a30d b32c cbee e50f edd1 f652 f694 f694 f694 f694 f694 f673 f674 f674 f674 f674 f674 f695 f695 f695 f695 f695 f694 f674 ee74 ee73 ee73 ee53 ee52 ee32 ee32 ee32 ee32 ee32 ee32 ee33 ee53 ee32 ee32 ee33 
6109 60c8 60a7 60a7 60a7 60a7 68e7 70c7 68c7 68a7 68c7 70c7 8128 91c8 9a09 99c9 99a9 b24a c2cb d34c dbad dbce dc2e e44e e4ae eccf ecef ecef ecef ecef ecef ed0f ed0f f4ef eccf ec8f e42e dbcd db4b caca b209 9168 80e8 7909 8929 a24c c3f2 b2ef a20b aa0b aa4c aa8d 79ab 60c9 60ea 690a 8aef a434 718b 5067 58a8 50a9 4868 614b 7a6f 698b 58ca 5089 614b 71f0 7a30 a4d7 acb6 9354 694d 722f 93b5 8ad2 8af2 9373 7a0f 614c 694d 592c 7a90 93f6 93d5 8ad1 928e a371 822e 8ad0 b3d3 aacf b3b4 c2ae bbd1 d5d6 dd74 dbed ec8f e4af ee33 b36b 6909 58e9 50e9 58c8 58e8 58e9 58e9 60e8 60c7 68e8 68e8 60c7 58a7 5887 60c7 60e8 58c7 60c8 58a7 60e8 70e8 7108 6908 68e7 7128 6907 7128 7128 7108 60c7 60c8 6908 7989 7128 8188 8189 7107 7108 8128 9147 a188 a9c8 b209 ba29 ba09 ba08 c24a c249 c26a ca6a ca8a ca8a d2ab d2eb d2cb d2cc db0c db0c db0d db2d db2d db4d db4d db2d db2d db4d db0c db0c daec daeb dacb daeb d2cb d2cb d2aa caab ca8a ca6a ca6a ca6a d28a ca6a ca6b ca6a d28b d2cc d32e dbcf dbcf dbaf db6e db8d d38d c32c 9988 8168 68e8 5088 50a7 5087 5087 5087 58a7 6087 58a7 68e8 60e8 6908 60c7 60c7 60c7 60e7 68c7 6066 7907 922a 89a9 8148 8168 91e9 8188 8168 7907 70e7 7927 89c9 70e7 68a7 58c8 60c9 81ec c3cf d491 cbef d40e dbed dc0e d3ed cbee cc2e cc2e cc4f c44e cc2e c44f cc4f cc2f cc2f cc4f cc2f c42f cc2f cc2f cc2f cc2f cc4e cc2f c42f c40f c40f bc0f c40f c42f bc0f c3ee c3ef bbef bbef bbce bbce bbcf bbae b3ae b38e ab6d ab2d a30c ab0c cbce e50f edf1 f653 f694 f6b5 f695 f694 f694 f674 f674 f674 f674 f674 f694 f695 f695 f6b5 f695 f695 f694 f674 ee74 f673 ee53 ee32 ee32 ee32 ee32 ee32 ee32 ee53 ee53 ee53 ee53 ee53 ee53 ee53 
60c7 58a7 60a7 60c7 68c7 68a7 68a7 6886 68a6 6086 68a7 70c7 8168 99e9 9a09 99e9 99c9 b22a c2cb d34c db8e dbad dc0e e42e ec8f eccf ecef ecef ecef ecef ed0f f50f f50f ed0f eccf ec8f e42e e3cd db4b caca b229 9168 80e8 80e8 894a aa6d c3f2 a28e a1eb aa2c a28d 8a2c 6909 58a9 58ea 714b 92f0 9b71 694a 5088 50a8 50a9 48a8 69ad 7a2f 612b 58ea 50a9 48ca 694d 8ad2 ad39 a455 9bd5 79ef 618d 8b94 9395 8b13 9373 8270 69ae 71cf 698d 7ad3 9393 93b4 9373 92b1 9a8e 81ed 8290 a373 922d ab32 ba8d cc52 de17 d491 dbee e4ae ed91 c42c 7148 50a8 50c8 50c8 58c8 58c8 58c8 58c8 60c8 60e8 68e8 6908 60e8 58a7 5087 60c7 68e7 58a7 60c8 5908 60c8 60c8 68e8 7128 68a7 6908 68e7 68e7 6908 7107 68c7 60c8 68e8 7949 7128 7968 81ca 7108 70e7 8148 9168 9947 a188 a9c8 b1e8 ba08 ba08 ba49 ba29 c249 ca6a ca6a ca8a d2ab d2cb d2eb d2eb d2ec d2ed db2d db2d db2d db4d db6d db4d db4d db2d d30d db0d db0c daec daec daec d2cb d2ec d2ec d30c d2ec cacc caab caac caac cacc d2ed d2ed d34e db8f dbcf dbcf dbcf d36f d32d d36d cb6d aa8b 70c7 8168 68c7 5087 50a7 50a8 50a7 5887 58a7 60c8 60e8 60c8 6928 7148 60c7 6108 60c7 68c7 68e7 5867 70e7 924b 91a9 8148 8148 920a 89a9 8148 7907 7907 7927 89e9 7107 70e8 6108 60c9 81eb bbd0 d4d2 d430 d40d dc0e d40e d3cd cbed cc4e cc2e cc4f cc4e c42f cc4f cc4f cc2f cc2f cc4f cc2f c44f cc2f cc2f cc4f cc4f cc4f cc4f c42f c42f c42f bc2f c40f c40f bc0f bbef bbee bbee bbee bbce bbcf bbce bbce b3ae b36d ab6d ab2d a2ec ab0c c3cd e50f f5f1 f673 f695 f6b5 f694 f694 f674 f694 f694 f694 f694 f694 f695 f695 f695 f695 f695 f695 f674 f673 ee53 f653 ee52 ee32 ee52 ee53 ee53 ee53 ee53 ee53 ee53 ee54 ee54 f654 f654 f654 
60a7 60a7 60a7 60c7 60c7 60a7 60a7 68a7 6086 6087 6887 70e7 8a0a 9a2a a22a 9a0a a20a b26b c2cb d32c d36c dbad dbed e42e ec8f eccf eccf ecef ecef ecef ecef f4ef ed0f ecef ecaf ec8f e42e e3cd db6c caca b229 9168 80e8 80e8 894a a28d bbf3 a24d a1ea a20c 920c 79ab 694b 58ea 58ea 718b 8af0 826e 6109 58c8 50a8 4868 48a9 69cd 71ed 610a 612a 590a 488a 50eb 8b53 ad39 9bb3 9c15 9313 69ae 7ab0 9c16 9374 9373 8ab1 7a50 82b1 8af2 82b1 7a4f 8b13 9352 9b32 8a0d 718d 8ad1 9b94 8a90 9af2 aa6f c411 e617 d4d3 eccf ed91 d4ae 7988 50e9 50e9 58c9 58e9 58e8 58c8 58e8 58c8 60e8 68e8 60e8 6908 6108 58c8 58c8 60c8 68e8 60c8 60c8 60e8 60c8 60c8 6108 6908 68e8 68e8 6908 7108 70e7 7128 6928 60a7 60c7 7108 70e8 7128 81a9 7148 68e7 7928 8988 9168 99a8 a1a8 a9c8 b1e9 b209 ba29 ba29 c24a c26a ca8a caab d2ab d2cc d2cb d2ec d30d d30d db0d db0d db4d db2d db2d db2d db2d db2d db2c db2d db0d db0c db2d db0d db0c db2c db4d db6d db4d db6e db6e d36e db6e db6e db8e db8e e3cf e3cf dbce dbef db6f d32e d36e d36d c32d 8948 68a7 8168 60c8 50a8 5087 5087 50a8 50a7 58c8 6108 60c8 60c8 6108 6928 60e8 60c7 60c7 6086 68c7 5867 70c7 9a4a 91c9 8968 8948 9209 8989 7927 7907 7907 7907 89e9 7948 68a7 60a7 60a8 79aa bbd0 d4b1 d450 d3ed d42e d3ee cbcd cc0d cc2f cc2f cc4f cc4f c42f cc4f cc2f c42f c42f cc4f cc4f cc2f cc2f cc2f cc2f cc2f cc4f c42f c42f c42f c40f c42f c40f c40f bc0f bc0f bbee bbee bbee bbee b3cf bbce bbce b3ae ab6d ab4d ab2d a30d ab0c c3cd e50f f611 f673 f6b4 f6b5 f6b4 f6b4 f694 f694 f694 f694 f694 f695 f695 f695 f695 f695 f694 f694 f674 ee54 ee53 ee53 ee53 ee53 ee53 ee53 ee53 ee53 ee53 ee54 ee54 ee54 f674 f674 f674 f674 
6109 60c8 60a7 60a7 60a7 60a7 6087 6086 60a7 60a7 6866 7908 99ea a24a aa4a a22a aa2a ba6a c2ec cb2c d36c db8d dbee e42e e48e ecaf eccf ecef ecef ecef eccf ecef ed10 f4ef eccf ec8e e44e e3ed db6b caca ba29 9989 8108 8109 8909 a24c bb91 aa8f a1cb 9a0c 89ec 81cc 716a 690a 714b 716b 826e 718a 60e9 58c8 50a8 4868 48c9 69ed 71ed 58e9 612b 612b 50eb 594d 9393 ad19 9394 9394 9332 8af3 722e 9415 9c16 9353 82b1 8291 9373 8ad1 69ad 71ef 8313 9332 ab52 89ab 58ea 7a4f 9b93 92af 9b53 ab11 c453 e679 edd4 f5b1 ed70 a28a 58c8 50a8 50a8 50a8 58e8 58a8 58c7 58a7 58a7 60c7 68e8 60a7 68c7 68e7 58a8 5087 60c8 68e8 60a7 60a7 60c7 58c7 58c8 60c8 60e8 68e7 68e8 68c7 68e7 70e7 7107 6907 60a7 58a7 68e7 7108 7108 7148 7148 68e7 68e7 8127 8927 9147 9988 a1a8 a9a8 b208 ba09 ba29 c24a c24a ca6a ca8b d2ab d2cc d2ab d2ec db0c daec d30c db2d db0d db0c db2d db2d db2d db2d db4d db2d db0d db0d db4d db2d db4d db6e dbae dbae dbaf e3d0 e3f0 e430 e40f e3ee e3ef e3cf e3ef e3f0 dbef dbae db6f db4e db8e cb6d aa6a 6887 68c7 8148 58c8 50a7 5067 5087 50a8 58a8 58c8 60e8 60e8 6908 60e8 6908 60e8 60c7 68c7 60a7 68c8 5867 7107 9a6b 91c9 8968 8148 91e9 89a8 8168 7927 7928 7947 89a8 7948 68a7 68c7 60a8 7969 bbcf d4b1 d450 dc0d d44f d3cd cbcd cc2e cc4e cc2e cc4e cc4f cc4f cc4e cc2f c42f c42f c42f c44f c42f cc4f cc2f cc2f c40f c42f c42f c42f c42f bc0f c40f c40f bc0f c40f bbef bbef bc0f bbcf b3cf bbef b3ce b3af b38e ab6e ab4d a32d a30d a30c c3cd e550 f612 f693 f6b4 f6b5 f6b5 f6b4 f694 f694 f694 f694 f695 f695 f695 f694 f694 f694 f674 f674 f653 ee53 ee54 ee53 ee54 ee74 f674 f674 ee54 f673 f673 f654 ee74 f674 f674 f673 f653 f653 
58c7 58c7 60a7 60c7 60a7 60a7 6087 6087 6086 6087 68a7 8168 9a09 aa4a aa4a a22a aa2a ba8b caec cb2c d36d db8c dbed e42e ec8e ecaf eccf eccf ecef ecef ecef ecef ecef ecef eccf ec6f e42e e3ed db6b caea ba29 9989 8108 8108 8929 99eb ab10 b2cf aa4d 9a4d 89ec 81cc 714a 716b 81ed 79ab 7a0d 6129 5909 58a8 48a8 4888 50c9 71ed 71ad 50a9 590a 612b 58eb 58cb 7a8f acd7 9352 8b13 8271 9332 8ad2 8332 9c56 9374 8ad1 8af1 8af1 7a2f 698d 7230 7a6f 8b11 b352 aa0c 816b 8a6f 9332 7a0d a332 b2ee d4f4 eeb8 ee15 edd1 b32b 6908 58c9 50a8 50c8 58c8 58e8 58c8 58c8 58a8 58a8 60c8 68e8 68e8 6908 60e7 58a7 5087 60c7 60e8 60a7 60c7 60e8 58c7 58a7 58a8 60c7 68e8 6908 68e7 68e7 70e7 7128 6907 60a7 6087 68c7 7107 70e7 7107 7968 68e7 60c7 7928 8127 80e7 9967 a1a8 a1a8 aa09 b209 ba09 ba29 c249 c24a ca6a d2ab d2cb d2ab d2ec d2ec d30c d32c db2d db0d db2d db2d db2d db4d db4d db4d db4d db6e db6d db8e db6e db8e db8e e3ae e3ef e410 e430 e450 e471 e450 e40f e40f e3ef e3ef dbef dbef dbaf db8f d3ae d3ad c34c 8948 5867 68c7 7928 58c8 5087 50a8 50a8 58c8 50a8 58c8 58c8 6108 6908 6908 6908 60e7 60c7 68e7 5887 60c7 5887 7928 9a8b 91c9 8148 8168 91e9 8988 8168 8148 8148 8188 89a8 7948 68c7 68c8 68c9 7149 bbcf d4d1 d490 dc2e d46f cbcd cbcd cc2e cc4e cc6e cc4f cc4f cc6f cc6f cc4f c44f c42f c450 c430 c42f c42f c42f c40f c42f c42f c42f c44f c42f bc2f c42f c40f bc0f bc10 bbee bbef bbef bbef b3ce b3cf b3ae b3ae b38e ab4d a32d a32d 9b0d a30d c3ee e550 f632 f674 f6b5 f6b5 f6b5 f6b4 f694 f694 f694 f694 f694 f694 f674 f673 f674 f674 f694 f674 f674 ee74 ee74 f674 f674 ee74 f674 f674 f653 f653 f673 f653 f653 f653 f653 f653 f653 f633 
60a7 58a7 5887 58a7 60a7 60a7 60a7 60a7 60c8 60a7 68c8 8988 a22a aa29 a24a aa2a aa2a ba8b caec d32c d36c dbac dbee e42e ec8e ecaf eccf ecef eccf eccf eccf ecef f4ef ecf0 ecaf ec6e e42e e3cc db6b caca ba29 a1a9 8928 80e8 8929 91aa a28e aacf a24d 9a6d 89ac 714b 716b 79ac 8a4e 81ec 7a0d 6109 58c8 50a8 4888 4888 5909 7a2e 71ac 50a9 50c9 690b 60eb 58cb 724e 9c56 8290 7a90 82b1 8af2 8af2 8290 93f5 9bd5 8af1 8b12 8291 7a50 71ef 69ce 69ce 8af1 a352 c24e c22c aaf0 9311 698b 92d0 9a4d bb8e e5b3 e5f4 ab6b 6928 58e9 50c8 50c8 58c9 58e9 58e9 5909 58c8 58c8 58c8 60c7 68e8 68e8 6908 60c7 58c8 5087 60c8 6907 58a7 60c7 68e7 60c7 58a7 5887 5887 60c7 6908 68e7 68c7 70e7 7148 68e7 68a7 6087 60c7 7107 7108 6907 7948 68e7 60a7 7107 8148 80e7 80c6 9127 9987 a1c8 a9c8 b1e9 ba29 ba29 c249 ca6a d2aa d2ab d2ec d2ec d2ec d30c d30c d32d db2d db2d db2d db2d db4d db6d db6d db6d db8e dbaf e3ef e3cf dbae dbaf e3cf e430 e451 e450 e470 e491 ec91 e450 e40f e40f e3ef dc0f dbef dbaf db8f d3ce d3ad b2ab 6887 5867 68e7 70e8 50a8 50a8 5087 50c8 50c8 50a8 58e8 6108 6928 6908 7149 68e8 60c7 68c7 60c7 60a7 60a7 6087 7928 a2ab 91ea 8168 8968 920a 8989 8168 7928 8148 8968 89a9 7928 70e8 68c8 68c9 7129 bbd0 d4d1 d470 d42e dc6f cbad cbee cc2e cc2f cc6f cc4f cc4f c44f cc4f cc50 c44f c42f cc4f c42f c42f c42f c42f c40f c42f c42f c430 c42f c42f bc0f c40f c42f c40f bbef bbef b3ef b3ee bbce b3af b3cf b3ce b3ae b3ae ab6e a34d a32d a2ed a30c c40e e570 ee32 f694 f6b5 f6b5 f6b4 f6b4 f694 f694 f674 f674 f674 f674 f674 f673 f674 f674 f674 f674 f674 f674 f674 f674 f674 f674 f674 f654 ee53 f653 f653 f653 f652 f653 f633 f633 f632 f633 
5887 58a7 60a7 6087 60a7 60c8 60a8 6087 58c7 60a8 68c7 8968 9a0a aa4a aa4a a22a aa2a c28b cb0c d32b d36c dbcd dbee e42e ec8e eccf eccf eccf eccf ecef ecef eccf ecef ecf0 eccf ec6e e44e e3cc db4b caca ba29 9989 8908 80e8 8949 99a9 9a2c a28e 9a2c 9a4d 89ed 716b 716b 79cc 81ec 8a2d 79ec 60e9 5909 50c9 4888 4868 590a 7a2e 718c 50a9 50a9 60c9 692b 612c 722d 9c35 824f 7a71 722f 82d1 8b13 8af3 8b12 93b4 9354 8b33 8b33 8ad2 8271 69ce 698e 82af a3b4 b26e ca2c bb30 9b32 614b 8a8f 926e ab30 ccd2 c534 69a9 50e9 6109 58c8 50a8 58c8 58e8 58a8 58a8 58c8 58c8 5887 60c7 6948 68e8 68e7 60c8 58a7 5887 60e8 6907 58a7 60a7 60c7 68e7 6087 5887 58a7 60a7 68c7 68e7 68c7 68c7 70e7 70e7 68c7 60a7 60a7 68e7 7107 70e8 7107 70e7 60a7 7107 8968 8107 70a6 78c6 8906 a167 a187 a9a7 b1e8 b208 ba29 c249 ca6a d2aa d2cb d2ec d2ec d2ec d30c d30c db2d db2d db2d db4d db6e db4e db4d db8e db8e e3cf e3ef e410 e410 e3f0 e3f0 e430 e471 e491 e491 e490 e470 e471 e430 e450 e450 dc30 dbef dbaf dbcf d3ce cb8d 99e9 5887 5867 7128 70e8 5087 50a8 5088 50c8 50a8 58c8 60e8 6928 6908 68e8 6908 60c7 60c7 7128 68e7 6087 60a7 68a7 8148 a28b 91ea 8968 8988 922a 89c9 8148 7927 8148 8988 8988 7107 7949 70e7 60c9 7149 bbf0 d4b2 d470 d42d d470 cbad cbee c42e cc4e cc6f cc4f c46f c44f cc2f cc4f c42f c450 c44f c42f c42f c40f c42f c42f c40f c42f c42f c42f c40f c42f c42f bc2f bc0f bc0f bbef b3cf b3ef b3cf b3cf b3cf b3ce b3ae b3ae ab6e a34d a32d 9b0d a32d cc4f e5b1 f653 f6b4 f6b5 f6b5 f6b5 f6b4 f694 f694 f694 f673 f674 f674 f674 f673 f674 f674 f694 f675 f674 f674 f674 f673 f674 f653 f653 f653 ee53 f653 f633 ee33 ee33 f633 f633 f633 f632 f612 
5887 58a7 58a7 5887 58a7 58a7 5887 58a8 58a8 58a7 70c7 8988 9a09 aa6a aa4a a24a aa29 ba6a cb0c d32c d36c dbad dbee e44f e46f eccf eccf eccf eccf ecee ecef ecef ecef ecef ecce ec8e e44d e3ed db4b caca ba29 9988 8108 80e8 8969 9189 9a2b 9a8e 922c a26d 818b 6909 718b 692b 714a 8a6e 7a0d 58e9 6109 58e9 50c8 4868 58e9 7a2e 716c 50a9 50a9 58ea 612b 718e 7a2e 9bb4 7a4f 7a71 614b 698d 69cd 82d1 8b54 8b13 9395 9395 9354 8b53 8af2 7a51 69ae 7a4f a415 a290 ba0c c371 ab92 612a 71ed 926d ab2f c490 b4b4 6149 6149 6949 50c8 50c8 58c8 58e8 58c8 58e8 58c8 58e8 58a8 6908 71aa 6908 68e7 60c7 5887 5887 60e7 6908 58a7 58a7 60a7 68e7 60c7 58a7 58a7 60a8 60a7 68c7 68c7 68e7 68c7 70e7 68c7 68c7 60c7 68e7 7108 68e7 7128 7107 68a7 70e7 8168 8148 70a6 6886 78a6 88e6 9127 9987 a1c8 a9e8 b1e8 ba09 c249 ca6a d2ab d2cb d2cc d2ec d2ed d30c db2d db2d db4d db6e db8f db8e db6e dbaf dbae e3ef e430 e451 e451 e430 e430 e42f e450 e471 e470 e450 e430 ec71 e471 e451 e450 dc30 dbd0 db8e dbcf d3ce c34c 7907 5887 5887 7968 60c8 50a8 50c8 58e8 58c8 50a8 58e8 58e8 6928 6908 68e7 6928 58a7 60c7 7969 60a7 60a7 60a7 68c8 8188 a2ac 9a0a 8989 8968 922a 89a9 8148 8148 8148 8968 8128 7107 8189 68c8 60a8 7129 bbf0 d4d2 d470 d42e d450 cbad c40f c40e cc4f cc6f cc4f cc4f cc4f cc4f c42f c40f c40f c42f c42f c40f c40f bc0f bc0f c40f c42f c42f c42f c42f c42f c42f bc0f bc0f bbef bbef b3ef b3ce b3ce b3ce b3ae b3ae b38e b38e ab6e a36d a32d 9aed ab4d d490 edd2 f673 f6b4 f6d5 f6b4 f6b4 f694 f693 f673 f673 f673 f673 f674 f674 f674 f694 f694 f694 f694 f694 f674 f673 f653 f653 f653 f653 f633 ee33 f633 f633 ee33 ee33 f633 f633 f633 f612 f612 
5887 58a7 58a7 60e8 58a7 5887 5887 5888 58a8 58a8 70e7 89a9 99c9 a209 a20a a20a aa2a ba8a caeb d34c d34c dbad e3ed e44e e48f eccf ecef ecee ecef ecce ecef eccf ecee ecef eccf ec8e ec4e e3cc db4b caea b249 9988 8928 8108 8969 9189 9a0b 9a4b 920c 89eb 714a 6109 716c 60ea 612a 9310 7a0d 50c9 5909 612a 58e9 48c9 50e9 7a0d 716c 50a9 58e9 590a 58ca 718d 826f 93b4 7a4e 7a2f 590a 58ea 590b 616c 7ab0 9375 9bd5 9c16 8b33 8b33 9353 8b34 7a72 7a50 ac14 a333 b26f c371 c391 922d 71ac 824c 926c 8a8b 92cc 6129 7a0b 6109 50e9 58e9 58e8 6108 58e8 58c8 58c8 58c8 58a7 68e8 7108 68e8 68e8 60e8 58a7 58a7 60e8 6908 58a7 58a7 58a7 60c7 68e7 58a7 5887 60a7 60a7 60a7 68e7 68c7 68e7 68c7 68c7 68c7 68e7 68e8 68e7 68e7 6907 7127 68e8 68e7 7948 8168 78e7 6886 6886 7086 78c6 8907 9967 a1a7 b1a7 b1c8 ba29 ca6a ca8b caab d2cc d2cb d30d d30d d30d d30c db4d db6d db8e db8e db8e dbae dbcf e3ef e410 e471 e491 e471 e471 e450 e471 e471 e471 e451 e451 e491 e491 e4b2 e471 dc30 dbd0 db8e d3ef cbae b26a 68a7 5067 60a7 7948 58c8 50c8 50e8 58c8 50e8 50c8 58e8 58e8 6908 6928 6928 68e7 5887 60c7 7127 60a7 60a7 60a7 68a8 8168 a2cc 9a2b 8989 8188 924b 8188 8148 8168 8188 81a8 8148 70e7 89a9 70c7 60c8 68e8 bbd0 d4f2 d470 d42f d450 c3cd c3ee c42e cc6f cc6f cc6f cc4f c44f c44f c40f c42f c42f c42f c430 c40f c42f c42f bc2f c40f c40f bc2f c42f c42f bc0f c40f bc0f bc0f bbef bbce bbef b3cf b3cf b3cf b3cf b3cf b3ae ab8e a36e a34d 9b2d 9aed ab4d d4d0 edf2 f674 f6b4 f6d5 f6b5 f6b4 f693 f673 f673 f673 f673 f673 f674 f674 f694 f694 f694 f694 f694 f674 f673 f673 f653 f633 f632 ee32 f632 f632 f632 f612 f632 f632 f612 f612 f612 edf1 edb1 
58a7 5887 58a7 60e8 60c8 58a7 5887 5887 58c8 58c8 6908 8168 91a8 99e9 9a09 a209 aa29 c28a cb0b d34b d36c dbad dbed e44e e48f ecaf ecce eccf eccf eccf ecef eccf ecef ecef ecce ec8e ec4d e3ec db4b caca ba29 9968 8108 8108 8949 9189 9a2b a26c 9a6d 7129 60e9 60e9 610a 58ca 616b 9350 820d 50c9 58e9 6109 58e9 50c9 58e9 71ac 696b 50a9 50c9 60ea 50aa 694c 8ab0 a3f5 8ab0 82d1 610b 50e9 612c 610b 71ce 8290 8b53 9394 8b13 8b13 93b5 93b5 8b13 82b2 9b73 a332 bb73 c3b2 b2f0 99ec 924e 820b 92ad 6969 6129 6969 7169 58e9 50e9 58c8 58e8 6908 60e8 58a8 58c8 58e8 58c8 68e8 7108 7108 7108 60c8 58a7 58c8 6908 7128 58a7 58c8 60c8 60c7 6908 60a7 5887 5887 60a7 58a7 60e7 68c7 6907 68c7 68c7 68e7 60e8 68c7 7128 68c7 70e7 7128 7108 60c7 7948 7948 7907 68a7 6086 6066 6886 78c7 8907 9147 a167 a9a8 b9e8 c249 ca6a caab caab d2cb d2ec d30c d30d db2d db2d db4d db6e db8e db8e db8e dbae e3cf e3cf e430 e491 e450 e451 e471 e471 e471 e471 e451 e451 ec71 e491 e4b2 e470 dc10 dbaf dbae d3ce c36d a9e9 6087 5887 60e8 7108 58c8 50e9 5909 5909 50e9 50e9 58e8 58e8 6908 7128 6928 60c7 6087 60c7 68e7 60a7 60a7 60a7 70e8 8188 a2ab 920a 8969 89a8 922b 8188 8168 8988 8989 8168 8148 7107 89a9 7108 68e9 7109 bbd0 d4f2 d46f d42f d470 cbce c3ee c40e c42f cc4e cc4f cc4f c44f c42f c42f c40f c40f c42f c42f c42f c42f bc2f bc2f bc0f bc0f bc2f bc0f bc2f bc0f c40f bc0f bbef b3ef b3ee bbcf b3cf b3ce b3ce b3ae b3ce abae ab8e a36d a34d a30d 9b0d b38e dd10 ee12 f694 f6d5 f6d5 f6d5 f6b4 f693 f673 f673 f652 f673 f673 f674 f674 f694 f694 f695 f694 f674 f674 f653 f652 f653 f632 f632 f632 f632 ee32 ee12 f611 f611 f5f2 f5f1 edb1 ed90 e550 e4ce 
58c8 5887 58a8 60c8 58c8 58c8 58a8 58a7 58a7 5887 68c7 7928 8988 99c9 a20a aa2a b26a c2cb cb0c d32c db6c dbad e40d e44e e48f ecaf eccf eccf eccf ecef ecef ecef ecef ecef eccf ec8e ec4e e3ed db4b caca b209 9968 8108 7908 8149 8989 99eb aaac 89ca 58e8 58c8 60e9 58ea 50a9 69ac 92ef 8a2d 60e9 58c9 6129 694a 58c9 58e9 718c 694b 50a9 50a8 58c9 4889 50cb 8291 9bd5 8b52 9352 696c 58c9 614c 614c 722f 7a30 82b1 82f2 8b13 9374 93d5 93d5 8b33 82d2 8b13 9b12 ab93 b3d3 abb3 8a2d 8a0c 820b 92ac 718a 6129 6949 5909 5909 50e9 50c8 58c8 58c8 58e8 58c8 50a8 50c8 58a8 68e8 7108 7107 7108 58c7 50a7 58c7 68e7 7128 58a7 58a7 60c8 58a7 6908 60e8 58a7 58a7 60a7 5887 60a7 60c7 6908 68e8 68c7 6907 60c7 60c7 68e7 6908 68e7 7128 68e8 60c7 7128 7948 8148 7907 60a7 5887 5866 6866 70a6 80e7 8927 9968 a9a8 ba09 c269 c28a ca8b ca8b caab d2cb d2ed d30c d30d db2d db6d db8e db8e db8e dbaf dbaf e3af e3ef e430 e450 e451 e471 e491 e4b2 e471 e471 e450 e470 e471 e450 dc30 dbf0 d38f d3ae cbae c30c a1c8 5887 5087 68e8 68e8 58c8 5109 5929 5909 5109 58e9 58e9 5908 6108 7148 7148 60a7 60c7 60c7 60a7 68c7 60a7 60a7 7908 89a9 a2ac 920a 8968 8988 922a 8168 8148 8968 89a9 8988 8968 70e7 89a9 70e8 60a8 6909 bbcf d4d1 d44f d42e d470 c3ee c3ef c40e c40e c42f c42f c42f c42f c42f c40f c40f c42f c42f c410 c42f c430 c430 bc2f bc0f c40f c42f c42f bc2f bc0f bc0f bbef bbef bbef b3cf b3cf b3ce b3ce b3ae b3ae b3ae ab8e ab6e a34d a32d 9b0d a30d bbce e550 ee32 f694 f6d5 f6d5 f6b5 f694 f673 f673 f672 f673 f673 f673 f674 f694 f694 f694 f695 f674 f674 f674 f653 f653 f632 f632 f632 f632 f612 f612 edf1 edd1 edb0 ed8f e54f e4cf dc6d cbab bac9 
58c8 58a7 58a7 58a7 58a7 5887 5887 5087 58c7 58c8 60c7 70e7 8168 91c9 9a0a aa2a b26b c2eb cb0c d32b db6c dbcd e3ee e44e e48f ecaf eccf ecae ecaf ecef eccf ecf0 ecef ecef eccf ecae ec4e e3ec db6b cacb b229 9168 78e8 7908 7928 8969 9a6c 9a6d 7149 60e8 58a8 58a8 590a 612a 720d 820c 81cc 68e9 58c9 612a 694a 610a 612a 696b 614b 50c9 48a8 58e9 48aa 4889 722f 9c36 9373 9393 822f 58ea 696c 71ae 71ce 7a2f 8291 8291 82d2 8b13 8b53 9c16 9bf6 9417 9374 8af2 9b94 abd4 c474 a372 718b 71cb 8a4c 8a4c 71ca 5909 5109 5109 50e9 50c9 58e9 58e9 58e9 58e9 58c8 58e8 60e9 6908 7129 7968 7928 60c7 58a8 58a7 6907 7128 58a8 58a8 60e8 60c8 60c7 60e8 58a7 58a7 60c7 58c7 58a7 60a7 68e7 68e7 68e8 6908 6928 60e7 68e7 68e8 6908 7128 68e8 60c8 7128 8169 8148 8128 70e7 60a7 60a7 6086 6886 70c7 78c7 8948 9988 a188 a9e8 a9e9 b209 ba29 c28a c2ab caac caec cacc d30d d30d d32d db4d db8e db6e db8e dbaf e3ef dbef e410 e451 e470 e451 e491 e471 e430 e430 e430 e450 dc10 dc10 dbcf d38f d38e cb8e c2eb a1c9 58a8 58a8 6108 6109 5909 5909 5929 5909 5129 5909 5909 6109 58e8 7169 6928 60e8 60e8 6108 60a7 60c8 60c8 60c8 70e8 89c9 9a8b 920a 89c9 89a9 8a0a 89a9 8168 89a8 89ca 89a9 8988 7948 89e9 7129 60c9 7129 bbf0 d4d1 d42f d40e d42f c3ce bbae bb8d bbce bbee c3ee c3ee c3ef c3ee c40f c40f c42f bc0f bc0f bc30 bc2f c40f c42f bc0f c40f bc0f c40f c40f bc0f bbef bbef b3ef b3ef b3cf b3ce abcf b3ce b3ce b3ae b3ae abaf ab6e a36d a32d 9b0d a30d c40e e590 f652 f694 f6d4 f6d5 f6b5 f694 f673 f653 f673 f673 f673 f673 f673 f693 f673 f694 f674 f673 f673 f653 f653 f633 f632 f632 f612 f612 f5f2 edf1 edb1 e54f e4ce dc4c cb8a b2c9 9a08 8167 68e7 
5887 5887 58a8 58a7 58a7 58a8 5887 5067 5087 58c8 60a8 68c7 8128 91a9 9a09 a22a aa4a c2aa caeb d32c d38d dbee e40e e44e ec8f ecaf ecaf ecae ecaf eccf eccf eccf ecef eccf ecaf ec8e ec4e e3cc db6b caca b209 8988 70e8 70e8 7949 9a6c ab10 920c 798b 81ec 58c8 4888 58ea 79ab 8a4e 718a 716a 694a 58e9 612a 612a 692a 696b 692a 612a 50a8 48a8 50e9 50ca 4869 61cd 9c56 9373 93b4 8290 612b 614b 71ce 698d 696d 7a2f 8ad2 82f2 8ad2 7a4f 8b31 9c15 9374 8b12 8b54 9b74 ac16 bc75 b414 8ab1 9312 9b30 9b2e 8a6d 5929 48e9 48c8 50c8 50e9 58e9 58c8 58c8 58e8 58c8 58e8 60e8 6908 7928 7989 7128 58a7 58a7 58a7 6928 7128 58e8 58c8 58c8 60c7 60e8 60e8 60c8 58a7 60c7 60c7 5887 60a7 60c7 68c7 68e8 6908 6908 68e8 68e8 7108 7108 7108 6908 60c8 68e8 7948 8168 8148 7908 70c7 68a7 68a7 6887 68a7 78c7 78e7 8107 8907 8947 8927 8927 9967 a1c8 aa09 b229 b28b b28c c2ac c2cc caec d30c d32d d34e d38e dbaf dbcf dbaf dbaf e410 e451 e451 e450 e450 e410 dbef e3ef dbef dbef dbcf d38e d36e cb6d cb4c baaa 9168 58a7 50a8 60c8 58e9 5109 5909 58e9 5909 5109 5909 60e9 58e9 5908 7169 68e8 60c8 60e8 60e8 60c8 60c7 60c7 6108 7108 89a9 a28b 922b 89c9 89a9 89ea 89c9 8168 89a9 91e9 91e9 8988 7907 89c9 7929 60e9 796a bc11 d4d2 d40e d42f cc2f bbae bb6d b34c b36d bb8d bbad bbae bbce bbae c3ce bbef c3ef bbef bc0f bc30 bc0f c40f c42f c42f c40f bc2f bc0f bc0f bc0f bc0f bbee bbef b3ef b3ef b3cf b3cf b3cf b3af abae b3ae abae ab6d a34d a30d 9b0d a32e cc6f edb1 f653 f694 f6d5 f6b5 f694 f694 f673 f673 f673 f673 f673 f673 f673 f673 f674 f674 f674 f653 f653 f653 f633 f632 f612 f611 f5f1 edb0 ed90 e54f e4ce d40d bb2a a228 8147 68e7 60c7 58a7 5087 
5087 5887 5887 58a7 58a7 5887 5887 5087 5087 50a7 5887 68c8 7907 91c9 9a09 9a09 a1e9 b26a c2eb d32c db8c dbee e42e e44e ec6f e4af e4af e4af ecaf eccf eccf ecef ecef ecef ecaf ec6e e42d e3cc d34b caaa aa09 8948 68e8 712a 9aae bc74 b412 99ed 9aaf 9b30 58c8 48a8 50c9 716b 81ec 716a 6929 694a 6909 610a 60e9 6129 694a 58e9 5909 58c8 48a8 50a9 50a9 486a 596c 9c56 9bf5 9c35 9332 71ad 718d 7a2f 71ae 612c 71ad 8af1 8b32 8b53 7a0f 7a4e 8b93 7a71 82d3 9395 9bd5 ac76 ac36 abd5 a394 ac35 b456 abf3 abd2 720c 48e9 48a8 48a8 50a8 50c8 58c9 58c8 5909 58e8 58c8 68e8 7948 8148 8188 7108 5887 5067 50a7 7148 7148 58c7 58a7 58c8 58a7 60e8 68e8 60c7 5887 58a7 60a7 5887 60a7 60c7 60c7 60c7 68e7 7108 7108 68e8 7149 7128 7128 7128 68e8 68e8 7108 8148 8148 8988 7908 78e7 70e7 70e7 70e7 7907 78e7 7907 78e7 8107 8148 9189 9989 99c9 a1e9 a1ea a22a b26b bacc c2ab cacc cb0c d30d d32e cb4f dbae dbae db8e db8f dbcf e410 e430 e430 e430 dbcf dbaf db8f dbcf dbae d38e cb4d cb4d c34c d34b b249 8168 58e8 58c8 58e8 58c8 5909 5909 50e9 5909 5909 5909 5909 58e9 5908 7189 60e8 60e8 60e8 60a7 60c7 58a7 60c7 6908 7108 89a9 9a8c 924b 89ca 89c9 8a0a 89c9 8189 8189 89c9 91e9 8988 7928 8988 7949 6929 798a c430 d4d2 d3ed d450 cbce b36d b32c aacb aaec b30c b34c b36d b36d bb8e bb8e bbce bbcf bbcf bbef bbef c40f bc0f bc0f c40f c40f bc0f bc0f bc0f bc10 bbef bc0f bbef b3ef b3cf b3ef b3ef abae abae ab8e abae ab6e a34e a32e 9b0d 9b0d ab6e d4f0 edf1 f653 f6b4 f6d4 f6b4 f694 f673 f673 f653 f673 f673 f673 f673 f673 f673 f653 f653 f653 f653 f652 f633 f632 ee12 edf1 edb0 ed6f e4ef dc8d d3cb bac9 99e9 7907 60a6 5866 5066 5087 5087 5087 
58a8 5887 5887 60c8 58a7 5887 5867 5887 5087 5067 5867 68a7 7927 8988 9a09 9a09 99e9 b22a c2aa d32b db6c dbce e40d e44e e48e ecaf eccf ecaf ecae eccf eccf eccf ecef f4ef ecaf ec6e e42d dbcc d32b c289 a1c9 8149 796b a331 cd35 cd33 a26c 91ec b370 a30e 58c8 4888 5088 692a 79cc 71ac 60e9 60e8 694a 610a 6109 694a 690a 58a8 58c9 50a8 48a8 50a8 50a9 488a 594b 93f5 9bd5 9bf4 a415 8af2 7a4f 826f 718d 590b 694c 8290 9393 93d4 7a0f 698d 7ab1 82f3 7ab2 8b32 9c36 ac96 ac15 9b93 9312 9b51 b454 b455 b4b6 9b52 69ac 512a 50e9 50c9 50c9 50c8 50c8 58c8 50c8 58c9 60e8 8189 8169 81a9 7128 58a7 50a7 5087 7128 7128 58c8 58a7 58e7 58a7 58a7 60e8 60c8 58a7 60a7 60c7 58a7 5887 60c7 60c8 60c8 6908 6908 7128 6908 68e8 6908 6907 7128 68c7 60c7 68e7 7927 8148 91a8 8968 8107 7908 8128 8969 99ea 99ea 99ea a20b a22b aa4c b26c ba8c baad bacd baad bacd bacd c2ed c30e caed cb0d d34e d34f d370 dbf0 dbd0 dc10 dc10 dc10 e410 e451 e471 e451 dc31 dc31 e431 dc51 dbf1 d3b0 c38f c38f cb8e cb4d aa8b 8189 5908 58e8 58e8 5909 5909 594a 592a 5929 5909 6129 5909 58c8 5909 7169 6908 6108 60e8 58a7 60e8 58c8 60a7 7108 68e8 81a9 9a8c 922b 89c9 8a0a 8a0a 81ca 8189 8189 89a9 91c9 8968 7928 8169 7949 712a 818a c430 dcf1 d3ed d42f c38d ab0c ab0c aaab aacb aacb b2eb b32d b32d b34d b34d b36e b38e bb6e b36e b3af b3cf bbcf bbef bbcf bbce bbef bc10 bc10 bbef b3ef bbef bbef b3ef b3ce b3cf b3cf abae abae ab8e ab8e ab6e a34e 9b2d 9b0d a2ed b3ae dd30 ee12 f673 f6b4 f6b4 f694 f673 f673 f653 f673 f673 f653 f653 f653 f653 f653 f653 f653 f652 f652 f632 f612 edf1 edb1 ed90 e52f dc8d cbcb b2c9 91c8 7128 60c7 58a7 50a7 5067 5067 58a7 58a7 60a7 
5888 58a7 58a7 58c8 58a7 58a7 5067 5087 5087 5067 5067 60a7 7927 8988 91c8 91c9 99a8 a9e9 c28a cb0b d36c dbcd e40e e44f e46e e4af ecaf eccf ecae eccf eccf ecaf eccf ecaf ecaf ec6e e40d e3ac d30b ba6a a1ca 99cc b391 d5b7 d572 926a 792a 794a ab91 928e 58c8 4888 4868 5909 7a0c 79ac 6109 60e9 692a 692a 6109 694a 60e9 58c8 60e9 50a8 48a8 50a8 50a9 4869 592b 9394 9374 9353 a455 9b94 79ed 71cc 71ad 612b 58eb 71ac 8af0 9372 71ce 698e 82f2 9437 8af3 71ee 8b73 a436 a476 9bb3 8270 696b 81ec 92ce ac74 ac96 9b72 7a2e 58e8 4888 4887 50a8 50a8 58c8 58c8 58a8 68c8 8169 8148 81a9 6908 5087 5067 50a7 7128 6908 58a8 58a7 58c7 58a7 58a8 60c7 60c7 5887 58a7 60c7 60a7 5887 60c7 60c7 58a7 60c7 6908 6908 6108 60e7 68e7 68e8 6908 68e7 60a7 60a7 7107 8147 8947 9168 9188 9168 a1c9 aa0a b24a ba6b ba8c c2ac caec caed d30c d32d cb2e d38e d36e d34d cb4d cb4d cb6e d36e d34d d38e d38f dbcf dc0f dc0f dc2f dc2f dc0f dc0f dc30 dc50 dc70 dc71 dc90 e491 e491 dc90 dc91 dcd2 d4f3 dd13 d4f3 c472 a32f 826d 71ca 5949 5109 592a 5949 5109 5929 5909 5909 5909 58e8 60e8 6908 60e8 60e8 60c8 58a7 58e8 60c8 58a7 7128 68e8 81a9 9a6b 9a4b 89a9 89c9 922a 89ca 8189 8189 89c9 91c9 8968 7928 8148 7949 714a 81eb cc71 d4b1 d3ed cc0f bb4c a2cb aaeb a2cb a28a a2ab aacb aacc b2ec b30c ab0c ab2c b36d b32d ab4d b36e b38e b38e b3ae b3af bbae bbce c3ef bc0f bbef bc0f bbef bbef b3ef b3cf b3cf b3cf abae abae ab8e ab6d a36d a34e 9b2d 9aed a30d c40f e591 f632 f693 f6b4 f6b3 f673 f672 f652 f652 f653 ee52 f653 f653 f653 f653 f652 f652 f632 f632 f632 f611 edf1 ed91 e550 dcef d44e c34b a229 8147 60a7 5887 5086 5087 4867 5087 58a7 68c7 68e7 70e7 
60c8 60e8 60e8 60c7 60c7 58a7 5887 5067 5067 5087 5087 60a7 7907 8147 89a8 8988 8968 a1e9 baab cb2c d36c dbcd dc0e e44e e48f e4af ecaf ecaf ecaf ecaf ecae ecaf ecaf eccf eccf ec6e e40d db8c caeb ba6b aa6d bbd2 ddd6 d572 9249 824d 716b 796a abf0 822c 5909 5109 4888 58c9 79ec 79cc 696a 692a 692a 692a 716b 6109 58c8 6109 696b 58c9 50a8 58a9 58a9 508a 698d 9394 9333 9312 9392 9c15 8ab1 71ad 71cd 614b 58ca 590a 69ab 7a70 71cf 7a71 93d5 a496 8b12 71cf 7a70 9bf5 a4b7 a435 9373 71ee 694b 58ea 92ce b4d6 bcd6 ac55 828f 50e9 4088 48a8 50a8 50a8 50c8 58a8 68c8 7948 8169 89a9 68e7 5087 5067 58a7 7988 7108 58a7 58a7 58a7 58a7 58a7 60c8 60c7 60a7 58a7 58a7 60a7 5887 58a7 60c7 60a7 60e8 60e8 68e8 68e8 68c7 7107 6907 68c7 60c7 60a6 60a6 68c7 7948 8948 91a8 91a8 99c9 aa2a b24a ba6b c2ac c2cc caec d2ec d2ec d2eb d30c d34d d34d d34d d34c d34d cb4d cb6d d36d d34d d34d d36e dbaf dbce dbef dc0f dbef dbcf dbcf dbef dc0f dc0f dc0f dc0f dc30 dc2f dc70 e4b1 e4f2 e533 e573 e5b3 e5b4 dd94 cd34 b472 9350 722c 618a 5129 5109 50e9 5109 5909 58e8 58c8 60c8 68e8 6108 58c7 58c8 5087 58e8 60e8 58a7 6928 7108 8189 9a6b 924b 89a9 89c9 920a 89ca 8189 89a9 89a9 920a 89a9 8148 8969 8129 7109 8a0b cc71 d44f dc0d cbee b32c aa8b aacb b2cb aa8b a26b aa8a a28b aaab b2cb aacb aaec aaec aacc aaec ab0d ab0d ab2d ab4d ab4d ab6d b38e b38e b3ae bbcf bbcf bbce b3af b3cf b3cf b3cf b3af b3cf b3af ab8e a36d a34e a32d 9b2d 9aec a32d cc6f e5b1 f653 f693 f6b4 f693 f652 f652 f652 f652 f652 f652 f673 f653 f653 f632 f632 f652 f632 f612 f611 edf1 edb1 e551 dccf d46e c38c a28a 8168 60a7 5887 5087 5087 50a7 58a7 6086 68c7 7927 7948 7948 
68e7 60e8 60e8 6928 60e8 60c8 58a7 5887 5067 5067 5067 60a7 70e7 8127 8168 8168 8968 99c9 ba8a cb2c d34b dbad dbee e44e ec6f e4af e4af ecaf ecaf ecaf ecaf eccf eccf eccf ecaf e46e e40d db6c cb2d c2ef cc53 ddd6 d530 9249 7989 81cb 694a 696a 92cd 694a 5087 50a8 4868 50c8 79ec 820c 718b 610a 6109 696a 718b 6109 60ea 612a 79ed 60e9 50a8 58c9 58c9 50aa 698d 9352 9373 9333 8ab1 9bd4 9bf4 82b1 69ac 614b 5089 50aa 696c 82f2 82b2 8b53 9c76 93b3 7a70 71ef 7a70 8b53 9c14 a415 930f 9332 822f 610a 716a abd1 c4f5 bcf5 a435 7a90 50e9 48c9 48c8 50c8 58c8 60c8 68e8 7948 81a9 8988 68e8 58a8 50a8 58c8 81a9 7128 58a8 58a8 60c8 58c8 58a8 58c8 60e8 60c7 58a7 58a7 58a7 60a8 58c7 58c7 58a7 60e8 68e8 68e8 7108 68c7 68c7 7108 68c7 60c7 60a6 60a7 60a7 7928 8968 9188 99a8 aa09 ba4a c26a c2ac caed caec d2ec caec cacb caec d2ec d30c d30c d32c d32c cb2d cb2c cb4d d36e d36d d36e db8e dbaf dbae dbce dbef dbcf dbce dbce dbce dbae dbce dbce dbce dbef dc30 dc70 dcb1 e4f1 e532 e593 e5b4 edb4 edd4 edd4 e5d4 d5b4 bcf4 9bd1 7a6d 61aa 5129 5129 5109 58e8 58c8 60c8 60e8 60c7 58a7 58a7 5088 58c8 60c7 60a8 68e8 7969 8189 9a4a 926c 8189 89ca 89ea 8a0b 8189 8189 8169 91e9 8989 8968 8189 7929 712a 922b d491 d44f dc0e cbae b30c a2ab aacc b2cb aaec aa8b aa8b aaab aaac aa8b aacb aaab aacc aaac aacc aaec a2cc a2ec aaec aaec ab0d ab2d ab4d ab4d ab6e b38e b38e b38f b3ae b3ae b3af ab8f abaf b38e ab8e ab6e a34e a32d 9b0d 9aed ab2d d48f edd1 f653 f693 f694 f673 f652 f631 f632 f632 f652 f653 f653 f653 f653 f653 f632 f632 f611 f612 edf2 edd1 e591 e511 d48f c3cd aaeb 89c9 68e7 58a7 5067 5067 5067 5887 60e7 7108 8148 8988 8988 8168 
6908 6928 6949 6928 60e8 60c8 60a7 60a7 58c7 5067 5067 5887 70c7 7927 8168 8148 8148 91a8 b26a caeb d32c db8c dbee e42e e46e e4af ecaf ecaf e4af ecaf ecaf ecaf ecce eccf ecaf ec4e e40d dbae d36f d473 e5b4 c44d 89a8 7108 81aa 690a 58c8 828d 92ce 58c8 4887 4888 4868 5088 79ab 81ed 798b 694a 60e9 612a 692a 58c9 58ea 610a 824e 718c 5909 5909 58e9 50a9 610b 7a2e 8b52 9373 9333 8af1 9bd4 9bb4 7a4f 58ea 48a9 590b 720e 8b32 9373 9415 9c96 7a8f 720e 7a51 722f 8290 8af1 9373 8ab1 826d 8ad0 71ad 610a 8a8d abf2 b412 ac74 a435 7a6f 48c9 48c8 50c8 50c8 6108 7129 7948 89c9 8189 60c8 50a8 58a8 58e8 7948 6928 60c8 58a8 58e8 60e8 58a8 58a7 60c7 60c8 60c8 60a7 60a7 60c8 58a7 60e8 60c8 60e8 60c8 6908 7128 6928 68e8 68e8 60c8 60c7 60c7 60a8 60c7 7928 8989 9188 99a9 aa0a ba6b c2ab cacc caec caec caec caac cacb caec caec cb0c cb2c d30c cb0d cb2d d32d d32d d34d d34d d36d db8e db8e dbae dbaf dbae db8e db8e d38e d38e d38e d38e d3ae d3ae dbef dc50 dc70 e4b1 e4f1 e532 e593 e5b4 e5d4 edd4 edd4 edf4 ee15 ee15 ddf5 c555 ac12 82af 61cb 516a 5109 5909 58e9 60e9 6109 58e9 58c8 50c8 58e8 58e8 60e9 6929 81aa 89ea 926b 9a8c 8189 81a9 89ea 8a0b 8189 81a9 8189 91ea 89a9 8189 81aa 798a 714a 924c d4d2 d40e d40e c38e b30c ab0d b32d b30c b32d ab2d aaac aacc aaac aaab aacb aaab aaab aaab a2ac a2ab a2ac a2ab a2ac a2ac a2cc a2ec ab0c aaec ab2d ab2d ab2d ab4d ab4e ab4e ab6e ab8e ab8e ab8e ab8e a36e a34e 9b4e 9b0d 9b0d ab2e d4cf edd1 f652 f693 f693 f672 f631 f631 f631 f632 f632 f653 f653 f653 f653 f653 f653 f612 f611 f5d1 edb1 ed91 e550 dcd0 cc4e b32c 91e9 6908 6087 5087 5087 58a7 60c8 68e8 7108 8148 89a9 89a9 8989 8168 
8189 7969 7149 7128 7128 68e8 60c8 60c8 58e8 50a8 58a8 60a7 7108 7928 7927 7907 8127 9188 aa09 c2ab d30b db6c dbcd e42e e46e e4af ecaf ec8f e4af ec6f ec8f ecaf ecae ecaf ec8e ec4e e40f dbf0 dcf4 e593 cbcc 91c9 7108 818a 818b 690a 71ab b432 926c 48a8 48a8 48a8 4868 5088 694a 822d 798b 60e9 58c8 694a 692a 58c9 58ea 60ea 824e 822e 692b 60e9 610a 58c9 610b 616c 720e 9352 9b94 8ad2 8290 9393 93b5 7a51 71f0 7210 8251 8b13 9c15 a496 8b92 71cd 698d 722f 7a91 7a0f 7a70 8b52 93b4 826f 71ac 71cd 7a50 8aae ac33 a370 9b0f a433 a455 69cc 48c8 50c8 58c8 60e8 7109 7929 89a9 8148 60e8 50a8 5088 58c8 7169 7169 60e8 58a8 6108 58e8 58a8 58a7 58c8 60c8 6108 58c8 58a7 60e8 60c8 60c8 60c8 60c8 60a7 60e8 6908 6908 68e8 68e8 6908 60e7 60e8 60a7 68c7 7927 8988 91a9 a1c9 b22a ba6b c2ab cacb caeb caeb caec caab cacc caec caec caec cb0d d30c cb2d cb2d d32d d34e d34d d32d d34d db6e db8e dbae dbae db8e d36d d38e d36d d38e d38e d38e d3ae dbae dbef dc50 e4b1 e4d1 e511 e552 e573 e5b4 e5d4 edd4 edd4 edf4 edf4 edf5 ee15 ee15 e5d5 cd54 ac32 8aef 69cb 5929 50e8 58c8 58c8 58e8 50a7 50c8 50a7 50a7 60c8 6908 7989 89ca 922a 9a8c 8189 81a9 81ea 81ca 7969 8189 8188 91e9 8989 8128 818a 81ab 7129 9aac d4f2 d40e d3ed c36d b30c b32c bb6d b34d bb4c bb4d b2ec b30c b30c b2eb aacb aacb aaab aaab a26b a28b a26b a28b a28b 9a8b 9a8b 9a8b a28b a28b a2cc a2cc a2cc a2ed a2ed a2ec a30c a32d a32d a32d a32d a32d a30d 9b0d 9aed 9acd ab2d d4cf edd1 f632 f672 f672 f651 f631 f611 f611 f632 f652 f652 f653 f653 f653 f652 f653 f632 edf1 edb1 ed70 e530 dcaf d40d bb2b 9209 70e7 5886 5866 5887 60a7 68e8 70e8 7928 8168 8988 91c9 91c9 8989 89c9 
9a8c 924c 89ea 81a9 7948 7128 68e7 60c7 60c7 58a7 58a7 68c7 7928 7907 7907 70c7 70e7 8147 99c8 ba6a caea d36c dbcd e42e e46e ecae e48e ec8f ec8f ec8f ecae ec8f ecae eccf ec8f e470 e471 e4f2 ed71 d3cd a24a 8948 70e8 7949 818c 714a 9b2f c42f 7169 4867 4867 4887 4867 4867 58e8 79ab 79ab 60e9 50a8 6129 60e9 58a8 58c9 60e9 824e 928f 79ac 690a 694b 612a 612b 50c9 50ca 7a4f 9bb4 9333 822f 828f 8b32 8b13 9374 9395 93b5 9c16 a496 9c35 71ed 698d 7210 71ee 8290 8291 7a50 82b0 9372 8af2 71ae 71ee 9bd5 a3d4 bcd6 ab91 926f 720c acd5 9bd4 618b 4888 5888 60c8 68c8 7108 8989 7948 58a8 50a8 50a8 58c8 79a9 7948 60c8 58a7 60e8 58a8 58a7 58a7 58a7 60e8 60e8 58c8 58a8 60a7 58c7 58a7 60a7 58c8 58a7 60c7 6908 6908 68e8 68e8 6908 60c8 68e8 60c7 60a7 70e7 8168 91a9 a1c9 b229 c28b c28b cacb caab cacb cacb cacb cacb cacc cacb cacb cb0c d30d d32d d32d d34d d32d d34d d34d db4d db6d db8d db8e db6d d34d d36d d36d d34d d36e d38e d38e dbae dbce dbef dc6f dcb1 e4d1 e511 e552 e593 e5b3 e5d4 edd3 edf4 edf4 edf4 edf4 edf4 edf4 edf4 edf5 e5f5 d5b5 b472 8ace 69aa 50e7 50c7 58c7 4887 4887 4887 4867 5887 68e8 7969 89ca 89c9 9a8c 8189 8189 81ca 81a9 8169 8189 8168 91c9 8989 7928 7949 7969 7109 aaed dcd2 d40d d3ed c34c b32d b34d c38d bb4d bb6d c38d bb6d bb4c b32c b32c b30c b2ec b2cc aacc aaab a2ac a28b a26b a28b a26a a26a 9a4a 9a6b 9a4b 9a8b a28b a2ab a2cc 9aac 9aab 9aab 9acc 9acc 9acc 9acc 9acc 9acd 9acc 92ac 9a8c ab2d d4d0 edd1 f632 f652 f652 f631 f611 f611 f631 f632 f633 f653 f653 f653 f653 f653 f653 f632 edd2 ed90 e530 dccf cbac aa89 8988 68e7 5887 5866 5886 68a7 68e7 7108 7908 8168 8988 91a8 91c9 91a9 91a9 91e9 
a32e 9b0e 9aad 926b 89ea 81a9 7968 7128 68e8 60c7 60c7 70e7 7907 70a7 70e7 68a6 68a6 78e7 9168 b229 caaa d32b dbcd e42e e46e ec8f e48f ec8f ecaf ec8e ecae e4af ec8f ecd1 ecf3 ed54 e531 e48f dbad c2cb a20a 8969 7929 818b 922d 9aef b3f0 924b 58c8 4868 5088 5088 4867 4888 5888 610a 79ab 798c 612a 71ac 5087 4887 58a8 58a9 71ac 928f 81ed 716b 716b 6129 69cc 50c9 4048 594b 9392 9b93 9311 824f 696b 618b 722d 82b0 82b0 9bf4 9c75 7aaf 698d 69ae 7a70 7a50 71ee 82b1 8b33 82b1 82d1 8af1 8270 82b2 9b72 b4b5 cd15 a30f 926e 694b 82ad ac94 82af 50a8 5888 60c8 68c7 7908 8989 7948 58a7 50a8 50a8 58c8 81a9 7948 58a7 58a8 60e8 58a7 58a7 58c7 5087 60a7 68e8 60c7 58a7 58a7 60c7 58a7 58a7 58a7 60c8 60e8 6928 6928 68e8 68e8 70e8 60e8 68e7 60c7 6087 68c7 8168 89a9 a1c9 b24a c28b c2cc c2cb c28b cacb d2cb cacb cacb cacb cacc cacc caec cb0d d34d d34d d32d d30c d32d d32d db4d db4d d36e d36d d34e d34d d36d d34d d36e d36d d36d db8e db8e dbce dc0f dc70 e4b0 e4d1 e532 e573 e573 e5b3 e5b4 edd3 edd4 edd4 edf4 edf4 edf4 edf5 edf4 edf4 ee15 f615 ee15 cd94 ac73 828e 5949 50c7 4867 4867 4867 4846 5887 68c7 7968 8189 89c9 9a8c 8169 8189 89c9 81aa 8189 8189 8168 89a9 8148 7928 7948 7929 7109 ab0d d4b0 d3ed d3cd bb6d bb4d bb8d bbad bb6d bb8d c38d c3ae bb4c bb4c bb4c b32c b30c b30d b30c aacc aaac a2ac a28b a28b a24a a24a 9a4a 9a4b 9a4a 9a4a 9a2a 9a4a 9a6b 926b 924a 924a 926b 9a6b 9a6b 9aab 9aab 928b 924b 8a4b 8a0b a2ec d48e ed90 f611 f652 f652 f630 f611 f611 f632 f632 f632 f632 f652 f653 f652 f632 f632 f632 edd1 e550 dcce cbed a249 7928 6087 5887 58a7 60a7 68e7 7127 7128 7927 8148 8968 89a9 9188 9188 89a9 91c9 91c9 
a36f a36f a34f a30e 9a8c 8a0b 89c9 81a9 7948 7108 7108 7928 7907 70c7 70c7 68a6 68a6 78e7 8967 aa09 c289 d32b dbad e40e e46f ec8f ec8f ec8f ecaf ecae ecaf ec8f e4b1 ecf2 ed52 ed51 e48f e40e d36c c2ca aa2a 9169 814a 9a6e a2ed c4f4 a2ec 6908 5087 4867 4867 4887 4867 5067 50a8 50a8 692a 820d 824e 79ed 4847 4867 50a8 58ca 716b 92d0 8a4f 79ac 716b 718c 722e 50a8 4048 5089 69cc 9372 9b93 9332 8250 69ad 71ad 7a0e 69ac 8b72 9372 614b 722f 8292 7a70 7a50 8250 8290 82f1 8b33 8af2 8af2 8ad1 8ad1 92f1 a3d0 b495 8a6e 79cb 718b 718c 828d 9392 698c 58a8 68c8 68c8 7108 89a9 7128 58a7 50a7 5067 58c7 81a8 7948 60a7 58a7 60c8 58a8 5887 58c8 50a8 60a7 68e8 60e8 60e7 58c8 58c7 58a7 5887 58c7 60e8 68e8 68e8 6908 68e8 7128 7128 68e7 68e7 68c7 6087 60a7 7948 8989 99e9 b229 ba4a c28a c28b caab cacb caaa cacb caab cacc cacc cacc caec caec d32d d32c d32c db2c d30c d32d db4d db4d d34d d34d d36e d36d d34d d34d d36d d38d d38d dbae dbae dc0f dc2f dc90 e4d0 e511 e552 e572 e593 e593 e5b3 e5b3 edb4 edd3 edf4 edf4 edf4 edf5 edf5 edf4 edf4 f615 f615 f635 e635 cd74 9bf1 69eb 4908 4887 4867 4867 5067 60c7 7969 8189 89ea 928c 8189 7989 81c9 81a9 8169 8168 8148 8988 8148 8148 8148 7949 7129 b32d d490 d3ee cbce bb8e bbae bbce bbae bb8e bbad c3ad c3ad bb8d bb6d bb6d b36d b34d b34d b34d b30c ab0c ab0c aacc a2ab a26b a28b a26b 9a4a 9a4a 9a2a 9a2a 9a2a 924a 924a 922a 8a0a 924b 922a a28b a2ab a2ab 9a8a 922a 81c9 81a9 9a6b cc2e ed90 f611 f652 f631 f631 f611 f611 f632 f653 f653 f633 f633 f632 f632 f612 f612 edf1 ed91 dccf cc2d aaaa 7927 5866 5887 60a7 7107 7907 7928 7948 7948 7968 8988 8988 91a9 91a8 91a9 91c9 91a9 91a9 
a3b0 a3b0 a390 a36f a34e 9aad 924b 89ea 81c9 7969 7948 8168 7948 7107 70c7 60a7 6087 70c7 8968 a9e8 c28a d32b dbad e40e e44e ec6e e48f ec8f ec8f ecaf ec8f ec8f ecd0 ecf0 eccf ecae e44e e3ed db6c c2ab aa0a 91aa 924e aaef bbcf d574 7989 58a8 4887 4888 4887 4887 4887 5088 5088 4888 58e9 79ab 9311 7a0d 4047 4047 4867 58a9 692a 9311 8ab0 798c 798c 824e 7a6f 50c8 4888 4848 50c9 71cc 9373 9bd4 9bb4 8b13 8270 7a2f 7a0e 9393 82d0 612c 618d 8312 8af3 8291 82b0 8ad2 71ed 8b53 93b5 8af2 8af2 9312 9b54 a350 b452 a3f4 8a4e 690a 692b 822f 934f 9bd3 6929 60c8 60c8 7908 8168 7108 58a7 5087 5067 58a7 8188 7108 60c8 58a7 60e8 58a7 5887 58a8 5087 58a8 68e8 6108 60e8 58e8 58c8 58c8 58a8 60c8 60e8 60e8 60c8 6908 7128 7968 7948 68e8 68e8 68c7 60a7 60c7 7108 8989 a22a aa2a ba4a ba8a c26a c28a c2ab cacb cacb cacb caec caec d30c caec caec cb2d d32c d30c db2d db2d db2d db4d db4d db4d d34d d34d d34d d32d d34d d36e d38d dbae dbae dbef dc0f dc4f dc90 e4b0 e511 e551 e572 e593 e592 e593 e592 e592 e5b3 edd4 edd3 edd4 edf4 edf4 ee14 edf5 ee15 f615 f615 f635 f656 de15 b4f4 82cf 5128 40a7 4867 5087 6108 7969 7949 89e9 926b 8189 7949 81a9 7989 7968 7948 7948 8968 8148 8169 7949 7129 7129 b34e d470 d3ce cbae bb8e c3ef c3ce bbef bbae bbae bbad c3ce bbce bb8d bb6d b36e bb6e bb6d b34d b34d b34d b32d ab0c aaec aacc aaac a28b a28b a26b 9a4a 9a2a 922a 922a 924a 8a0a 8a0a 8a2a 9a2a a2ab aaec aacb a2aa 9229 8189 8169 922a cc0d e590 f611 f631 f631 f611 f611 f632 f653 f653 f653 f632 f632 f632 f632 f5f2 edb1 ed6f e4ee d40c b2ea 8188 60a7 5887 60e7 7948 8188 8188 8188 8168 8168 8168 89a9 91a8 91a9 91a9 91c9 91e9 91e9 91c9 
abd0 a3b0 a3b0 a3b0 a38f a34e 9aed 9a6c 920b 89c9 81a9 89a9 8189 7928 70e7 60a7 60a7 70c7 8968 a9e9 c269 d32b dbcc e42e e46e e46f e48e ec8f ec8f ecae ec8f ec8f ecaf ecaf ec8e ec8e ec4e e3cc db6c c2cb aa4c 9a2c b371 a26d c451 c430 60e8 50a8 4887 4887 5088 50a7 4888 5088 5087 590b 696c 718b 92f0 79cc 4867 4047 4047 50a9 71ac 9b92 92d0 716b 79cc 8ab0 71cc 50c9 50c9 4868 58c9 71ac 7a2d 79ec 82af 9373 8ad2 82b1 93d4 9392 71ed 616c 616d 69ac 8312 8af2 8ad1 8b12 8230 7a6f 9c36 9bd5 8b33 9393 9b93 9aae 9aad a3f2 9b93 692b 58a9 820d 92cf ac53 822d 58c8 60e8 7928 8168 68e7 58a7 5087 4867 58c7 89e9 7148 60c8 58a8 60e8 60e8 58c8 58c8 50a7 58a8 60e8 60e8 6928 6169 58c7 58c8 58c8 58c7 60c8 60c8 60c8 68e8 6908 7128 7969 7928 6908 68e8 60c8 60c7 7928 81a9 91ea aa0a b26a ba6b c26a c28b c2ab caab cacb cacb cacc d2ec d2ec cacb c2ec caec d32c db2c db4d db4d d34d db6d db4d db4d db4d d34d d34d d34d d36d db8e d36d dbae dbce dbef dc0f dc70 dcb0 e4d0 e511 e532 e552 e572 e572 e593 e572 e592 e5b3 edb3 edb3 edb3 edf4 edf4 edf4 edf4 f614 f5f4 f615 f635 f635 f655 ee36 c595 9391 618a 48a7 5087 60a7 7108 68c7 81c9 924b 7969 7948 7989 79a9 7948 8168 8168 8988 8148 7968 7908 7109 796a c3cf d46f d3ee c38d bb6d c3ef c3ef c3ef c3ce bbce c3ce c3ce c3ce bb8e bb8e b38e b38e b38e bb6e bb6e bb6e b36d b32d b32d ab0c aaec aaec a2cc a2ac a28b 9a6b 9a4b 924b 922a 89ea 89ea 922a 9a6b b2eb b32c b30a aaca 9a4a 81c9 8169 9a0a cc2d ed90 f611 f652 f631 f631 f631 f652 f673 f673 f653 f653 f632 f632 f612 edb0 e50f dc8d cbab aa49 8148 60a7 6087 68c7 7948 8168 8988 8989 8188 8188 81a9 89a9 91a9 91c9 91e9 99e9 91a8 91a9 91c9 91a9 
a3d0 a3b0 a3d0 a3f1 a3d0 a390 a36f a30e 9aac 924b 8a0a 8a09 89c9 8168 7907 6086 6066 70c7 8168 a9e8 c269 d32b dbac e42e e44f e46f e48f ec8f ec8e ec8e ec8f ecaf ecaf ecaf ecaf ec6e ec2d e3cd d34c c2cb bb2f b34f c452 a26d c3ef 928c 50a8 5088 5087 5088 5087 4867 4867 4847 4868 698c 92b1 92b1 92f1 7a0e 58ea 4888 4889 696c 9312 9b93 81ed 694b 79ed 79ed 612a 58e9 50a9 5089 71ad 828f 79cd 610a 612b 7a6f 8af1 9373 8b31 71ac 612b 696c 71ae 696d 71ed 8b32 8b32 8b12 8ab2 8a70 93b4 a476 9374 9373 9b93 9aaf 920b 92cd 9c12 8b12 58c9 58c9 79cc a34f a3d3 694a 60c8 7108 7108 60c8 50a8 50a8 50a7 60c8 89a9 7968 60c8 60c8 60e8 58c8 60c8 58e8 58c8 58c8 58c8 60e8 6108 6969 6108 58e8 58e8 58c8 58c8 60e8 60e8 6908 6908 7128 8189 8168 6908 60e8 60c8 60c8 7128 89a9 920a a22a b26a c28a c26a c28a c28a caab cacb caec cacc caec cacb c2cc cb0c d30d d32d db4d db4d db6e db4d db6d db4d db4d d32c db4d db2d d32d d36e db8e d38e dbae dbee dc0f dc4f e470 dcb0 e4d1 e511 e532 e552 e573 e592 e572 e572 e592 e5b3 edb3 edb4 edb3 edd4 edf4 edf4 edf4 f614 f614 f615 ee35 f635 f635 f656 ee56 d5f5 a433 69cb 50c8 58c7 60c8 60a8 79a9 924b 7989 7149 7969 7989 7928 8168 8188 8989 7928 7948 70e8 6909 798a c410 d42e d3ee c36d c3ae cc0f c3ee c3ee c3ce bbef c3ee c3ce c3ae bbae bbae bb8e bb8e bbae bb8e bb8e bb8e b36e b34d b32d ab2d ab0d ab2d ab0d aacc a2cc a28b a28b 9aac 924b 922a 920a 9a6a aaab bb0b c34b bb0b b2a9 9a4a 89a9 8169 a26a d46e edb0 f632 f652 f652 f632 f632 f652 f673 f673 f653 f653 f632 f632 ee12 e570 dc6d c32a 9a09 70e7 5866 5866 68c7 7948 8988 89a9 89a8 8968 8968 8988 89c9 91c9 99c9 99e9 9a09 9a09 91c9 9188 9188 91a9 
a3b0 a390 a3d0 abf1 abf1 ac11 abd1 a38f a32e 9aad 924b 924b 89c9 8188 7907 6086 6066 68c7 8128 a9e8 c28a d32c dbad e42e e44f ec6f ec8f ec8e ec8f ec8f ecaf ecae eccf ecaf ec8f ec6e e42d e3ac db2c c2ec cbf2 d492 c3f0 9a4c aaee 81aa 50a8 50a8 48a8 50a7 50a7 4867 4867 4846 4847 50a8 79ec 9b11 9b33 9b54 92f3 8a71 8a91 9b53 9b51 820c 694b 694b 698c 696b 71cd 58ea 50a9 69ad 92f1 824e 692a 610b 698c 82f2 9352 828e 69ac 696c 590b 618c 71ce 71ee 69ad 722f 8af2 9333 9313 9353 a436 9bf5 9bf5 93b4 9bb3 9b72 714a 68e9 69eb 93d2 7a4f 48c9 590a 8a6e ac32 8aaf 60c8 7108 7108 6109 50e9 50c8 50a8 6108 89c9 7949 60e8 60e8 6109 60e8 60c8 58c8 50a8 58e9 58e8 60e8 6108 6129 6108 58e8 58e8 58c8 58c7 68e8 6928 6928 7128 70e7 8188 8988 7108 60c7 60e8 60c8 7128 89c9 91ea a22a ba6b c28a c28b ca8b c28b ca8b caec caec cacc cacb c2ec cb0d d30c d30d db2d db4d db6e db6d db6d db6d db4d d34d db0c db2d d32d d34c db6e db8d dbad dbce dc0e dc0f dc4f dc50 dc90 e4b0 e4d1 e512 e532 e572 e552 e552 e571 e592 e592 e592 ed92 ed92 edb3 edd3 edf4 edf4 edf4 f5f4 f614 f635 f635 f635 f635 f656 f656 de15 ac93 720b 58e7 58a7 5887 7148 8a0a 7949 7128 7148 7948 7108 7928 8168 8169 8128 8128 68c8 68e9 81a9 cc51 d3ed cbce c38d c3ae cc2e c3ee c3ef c3ee bbce c3ef c3ee bbce bbce bbae bbaf bbae bbae bbaf bb8e b38e b38e bb6e b36e b36d b34d b34d ab0d ab0c aaec a2ed a2cc 9aac 9a8c 9a6b 922a 9a4a aaaa bb0b c34a c34b b2c9 a249 91a9 91a9 bb0b dccf edf1 f632 f653 f653 f652 f653 f653 f673 f673 f653 f652 f632 f632 edf1 e50e c38c 9a09 7107 58a7 5066 60c7 7948 91c9 91c8 91c8 8988 8968 8968 8988 91c9 99e9 99e9 9a0a 9a09 99e9 91c9 91a8 9188 99a9 
a390 a390 a3d1 ac11 ac32 ac52 ac11 abf1 a38f a32e 9acc 9a8b 920a 8988 7927 68c7 6067 60a7 8128 a9e8 c2aa d34c dbad e42f e48f ec8f ecaf ecae ecaf ecaf ecae ecae ecae ecce ecae ec6d e42d dbad d32d cbb0 dd75 e594 aacc 9a2c 9a6c 81ab 60e9 50c9 4887 5087 5087 4866 5087 5087 4867 5088 6109 718b 718b 7a2c 8a6f 92f0 9b31 92ef 79ec 716b 71ad 716c 610a 614b 696c 612b 71ce 9311 92cf 692a 58a9 60ea 71ed 93b3 7a2d 614b 594b 614c 590b 590b 69ad 7a50 720f 69cd 82b1 8b12 9353 9b73 a3f5 9bb4 9bb4 9c16 9bb4 9c14 820e 5089 48a9 93b1 a475 69cd 50a9 79ac 930e ac54 6929 68e8 68e8 58c8 50a8 50a8 50a8 58c8 89c9 7948 68e8 60a7 60e8 60c8 60e8 58c8 50a8 50c8 58a7 6108 6928 6909 6108 60e8 60c8 58c8 58c8 60c8 7128 6928 7948 7108 89a9 91c9 8168 68e8 60a7 60a7 7928 89a9 91a9 aa4a ba6a c28a c28a caab cacb cacb caeb cacc caab c2ab caec d32d d32c d32d db2c db4d db6d db6d db4d db4d db6d d34d db2c db2d d34d d34d db6d db8d dbae dbee dc0f dc2f dc50 dc4f dc90 e490 e4d0 e511 e511 e531 e552 e532 e551 e592 e592 e572 e592 e593 edb3 edd3 edd3 edd3 f5f4 f5f4 ee14 f615 f635 f656 f655 f656 f656 f656 de35 b4b3 7a2c 58c8 5087 6908 81c9 7128 68c7 7128 7128 6908 7948 8188 8148 8148 7928 68a7 60a8 89aa cc30 d40e cbee bb6d c3ce cc0e c3ef c40f c3ee c3cf c3ee c3ee bbce bbef bbce bbce bbcf bbcf bbcf bb8e bb8e b38e b38e bb8e b36e b34d b34d ab2d ab2d ab0d a30d a2ec a2ed a2ed 9aac 9a6b a2ab b2ca c32a c36a c34a b2ca a24a 99c9 a209 cbac e54f ee11 f653 f673 f653 f653 f673 f673 f673 f673 f653 f632 f611 f611 ed90 d46d b2eb 8148 5887 5887 60e8 7948 91c9 99e9 91e9 91c9 91a9 8989 8989 91c9 9a0a 9a2a a22a a22a 9a09 9a09 91c9 89a9 91a9 99e9 
9b4f a390 a3d1 ac11 ac32 ac52 ac52 ac11 ac11 ab90 a34e 9acd 924a 89a9 7927 68e7 5867 6086 8148 a9e9 c2aa d32c dbcd e42f e48e eccf eccf eccf ecaf ecaf ecae ecae eccf ecef ecaf ec6d e42e db8c db4d e4b2 f676 dd32 91ea 89ea 89aa 7149 692a 60e9 50a8 5087 5887 5087 5087 5067 50a8 58c9 696a 694a 4867 4887 6109 71ab 718a 714a 692a 610a 612a 612a 692c 71ad 7a2f 82b1 8ad0 8aae 718b 5088 4848 610a 8b11 9393 60ea 58ea 592b 696c 614c 590b 614c 722f 8270 720f 7a2f 7a70 8af2 9353 9b94 9bb4 9394 9c36 a435 a495 9b72 58ca 4048 824b bcf4 a435 612b 716c 824c b4b4 822d 60c8 60c7 50c8 50a8 50a8 48a8 58c8 81a9 7148 60e8 60c8 60e8 58c8 60e9 60e8 50e9 58e9 58c8 60e8 6929 6929 6908 58a7 60c8 58e8 58e8 60e8 7969 7128 7108 7928 91c9 a1e9 99a8 7108 60a7 6087 68e7 89a9 91a9 aa6b ba8a c26a c26a caaa cb0b caec caab c28b ba8b cacc d30c d32d d34d d32d db2c db0c db2d db4d db4d db4d db6d db2c d32c db2d db4d db4d db6e dbae dbee dbee e40f dc2f dc4f e44f e470 e490 e4b0 e4f1 e4f1 e511 e531 e532 e552 e572 e572 e572 e572 e592 edb2 edd3 edd3 edb3 f5f4 f5f4 f614 f635 f615 f635 f635 f636 f656 f656 f677 e655 b4d3 7a0c 58c8 6929 81a9 7149 6908 6928 7108 6908 7969 8189 8148 7968 7129 60a8 60c8 920b d470 d3ee cbee bb6d c3ce c40e c40f c40f c3ee bbef bbef c3ee bbce bbef bbcf bbcf bbcf bbcf bbce bbae b38e b38e b38e b3ae bb8e b36d ab4d ab2d ab4d ab4e a30d ab2d a30d a30d a2ed a2ac a2cb b30a bb4b c34a c32a bac9 aa8a a209 b28a d44d ed90 f612 f652 f673 f673 f673 f673 f673 f673 f673 f653 f611 f5f1 edb0 e52e cbed a229 68c7 5067 6087 7928 9188 99e9 99e9 91c9 91a9 91a9 91a9 91a9 99ea a22a aa2a aa49 a24a 9a09 99e9 91ea 91c9 91e9 a22a 
a36f 9b70 a390 abf1 ac12 ac53 ac52 ac52 ac32 abd0 a38f a34e 9acc 920a 8188 7108 6087 60a7 8148 a1e8 c28a d32b dbcd e42e e46f ecaf eccf ecce eccf ecaf ecaf eccf eccf ecce ecaf ec6e e40d e3ad db6e e514 f677 cc72 a2cf a30f 920c 58a8 58a8 60c8 58a8 58a8 60e9 60e9 58c8 58c9 60e9 690a 718b 694a 50a8 4889 612a 79cc 716a 692a 6109 6109 58e9 58e9 6109 694a 698b 696a 6149 614a 58e9 4868 5069 698d 93b3 9373 612b 50c9 612b 616c 69ad 616c 612c 698c 7a70 8291 7a0f 71ee 7a50 8af2 9bb4 9bd4 9b73 9c15 a456 9bb2 a434 71ee 48aa 610a b3d0 c556 92f1 7a0e 81ed 9baf 9b92 68e8 60a8 50a8 50a8 50c8 50a8 58e8 8189 7148 60c8 60c8 60e8 58c8 60e8 60e8 58e8 58c9 58e8 6108 6929 7149 6908 58e8 58c8 58e8 58e8 6108 7989 7148 7108 8149 91c9 aa09 aa09 8148 60a7 6087 60a7 8168 8988 aa6b ba8a c28b ca8a caaa cacb cacb ba6b ba8b cacc d2ec d30c d32c db4d db2d d32d db2d db2d db4d db4d db4d db6d db4d db4d db4d db6e db8e db8e dbae dbce dbee e42f e42f e44f e450 e490 e490 e4b0 e4d1 e4f1 e4f1 e511 e532 e511 e551 e552 e572 ed72 e592 edb2 ed92 edb3 edb3 edd4 f5f4 edf4 f614 f615 f635 f635 f656 f656 f656 f677 f676 e635 b472 71ca 60e8 7148 7128 60c7 68e8 68e7 6908 8169 89a9 7948 7948 7949 58a8 60c9 9a6b d490 d3cd cbce bb8d bbce c3ee c3ee c40f c3ef bbef bbef bbef bbee bbee bbef bbce bbce bbce bbae bbaf bbaf bbae b3af b38f bbaf bb8e b36e b34e b34e b36d ab4e ab4d ab6e a30d a30c a2ec aaeb b30b bb2a c32a c34a baea b2aa aa49 c32b dcaf edd1 f632 f672 f673 f672 f672 f673 f673 f673 f673 f632 f611 edd0 e56f dcad bb6b 91a8 60a7 6087 70e8 8989 91c9 99c9 91ea 91ea 99e9 91c9 91a8 99c9 a20a a24a aa6a aa4a a22a 9a09 91e9 91e9 91a9 99ea a20a 
9b4f 9b2f 9b70 a3b0 ac11 ac52 ac72 ac73 ac52 ac11 abd0 abaf a34e 9a6b 89c9 7108 6066 68a7 8148 a1c8 c28a d32c dbcd e42e e46e eccf eccf ecce ecce ecaf ecaf eccf eccf ecce ecae e46d e42e e3ad db6e ed32 ee57 bb90 a2ae c411 ab4f 4867 4867 5067 5067 58c8 60e8 6108 6109 60e9 6929 694a 716a 716a 58e9 5088 694a 79ab 694a 60e9 58e8 6109 694a 614a 6109 5909 50c8 50a8 50a8 58e9 610a 50c9 50a9 616b 8310 8af0 71ce 50a9 50ea 618c 69ad 69ad 698c 698d 69ee 82d1 8270 7a2f 71ed 8291 9b93 9c15 9bb4 9bb3 9bf4 8ad0 9392 9352 7a0f 716d 9b0f c450 bc94 8a8f 718b 822b b4b5 71ab 58c8 50a8 50a8 50e8 50e9 5909 81ca 7149 6908 6109 6109 6109 6109 5909 58e9 58e9 5909 6109 6929 7149 6949 5909 6109 5929 6109 6909 81ca 7969 7109 7969 9a0a aa2a aa2a 89a9 60e8 60a8 60a8 8169 89a9 aa8c baab cacb c28b ca8a c2ab ba8b b28b c2cb d32d d30c d30c db0c db4d db2d d32d db4d db4d db6d db6d db4d db2c db4d db4c db4d db6d db8e dbae dbce dbee dc0e e42f dc4f dc2f e46f e490 e46f e490 e490 e4d0 e4d0 e4f1 e511 e4f1 e511 e551 e571 ed72 ed71 ed92 ed92 ed92 edb3 edd3 edd3 edf4 f614 f634 f635 f635 f636 f656 f656 f677 f677 f696 e655 ac11 6969 60e7 7107 6087 60a7 68c7 68e7 7948 7948 7908 8168 7969 58a8 60c8 a2ab d490 d3ac cbcd bb8d c3ce c3ef c40f c40e c3ee bbee c3ef bbee bbce bbce bbee c3ce bbcf bbce bbcf bbcf bbae bbae bbae b3ae b3ae bb8e b38e b36e b36e ab4d ab4e ab4e ab4e a32d a30d a30d aaec b30b bb2a c34a c32a c32a bac9 b289 cb8b e52f edf1 f653 f673 f673 f673 f673 f673 f673 f673 f673 f652 edf1 ed8f e4ee d40c b2ea 8148 60a7 68c8 8148 99e9 99e9 99c9 99e9 9a09 9a0a 99c9 99c9 a20a aa6a aa8a b2cc aa6a a22a 9a2a 91e9 91a9 91c9 9a0a a20a 
8a6c 8a8d 930e a390 a3d1 ac12 ac32 ac73 ac93 ac52 b432 b431 ab8f 9acc 89e9 7107 6087 6886 8148 a209 c28a d32c dbcd e42e e48f eccf eccf eccf eccf eccf eccf eccf ecef ecef ecce ec6e e42e e3cd db6c e44f e5b5 ab0f 818a b36d 9aac 4867 4867 4887 50a7 50a7 58c8 58e8 50a7 58a8 6108 698a 694a 6929 6929 58c8 58c8 58e9 58e9 5088 58c9 718c 7a0d 696b 6129 58e9 50a8 4888 4888 50c8 69ab 5909 5088 50c9 616b 7a4e 82b0 696c 50c9 590a 614c 614b 696c 71ae 696d 7a4f 8af2 8250 71ce 822f 9b93 a3f5 9bb3 9bb4 9373 8ad1 8b11 9bb3 9b32 8a4f 92d0 9ace a3b0 9b53 590a 6129 b4d4 92cf 50a8 50c8 50a8 50a8 50a8 58e8 81c9 7129 6928 6109 6908 60c8 58c8 58e8 50a8 5888 58c8 6108 6908 7169 6108 5909 60e8 60c8 58c7 60c8 7948 7948 7128 8169 a22a b26a b249 99c9 70e7 6067 6087 7948 8989 aa8b c2ab cacb ca8a c26b ba6b bacc caec d2ec d30c db0c d32d db2d db2d db2d db4c db4d db4c db4d db8d db2c db6d db4d db4d db4d db6d dbad dbae dbce e3ce e40e e42f dc4f dc2f dc4f dc6f e46f e490 e4b0 e4f1 e4d0 e4d0 e4f1 e4f1 e511 e511 e531 ed31 e531 ed71 ed92 edb2 edb3 edd3 edf3 edf3 edf4 f615 f615 f635 f636 f656 f656 f677 f677 f697 f696 de15 a370 60e8 68c7 5866 6066 6087 68c7 8148 7928 7108 7928 7128 5888 68e8 aaec d470 d38c c38d bbae c3ee c40f c40e c40f c3ee bc0e bbee bbee bbce bbce bbce bbce bbcf bbce bbce bbce bbce bbae bbae b3af b38e b36e b38e b38e b36e ab6e ab6e a34e a34e a34d ab2d ab2d ab2c b32b bb6b c36b c34a c309 baca c2ea d42c ed70 f611 f673 f673 f673 f673 f673 f673 f673 f673 f652 f632 edd1 e54f dc8d c36a a24a 8148 70e8 7949 91c9 9a0a 9a09 99c9 99c9 99e9 99e9 99e9 9a0a aa4a b28b b2ab b28a aa4a 9a2a 9a0a 99e9 99e9 9a09 a22a a24b 
718a 79cb 8a8d 9b2f a390 a3f1 ac32 b493 b4b4 b4b3 bc92 b472 abcf a32d 922a 7907 6066 6087 8148 a1e9 c28a d34c dbee e42e e48f eccf eccf eccf eccf eccf eccf eccf ed0f ecef ecaf ec8e ec2e e3cd db6c dc50 d471 aaef 81ab 81ea 6928 4867 4867 50a7 50a8 5087 5087 58c8 50a7 5088 58e8 696a 60e8 60e8 6929 58e8 5087 50c8 5088 5068 58c9 79ed 826f 71ac 6109 6129 58c8 4867 4888 50a8 7a0c 71cc 50a8 4868 50ca 69ad 82b0 824f 614b 50c9 612b 616c 698c 718d 614c 69ad 7ab1 82d2 7a10 7a0f 9b93 a415 9b93 9b73 9b94 9b94 9332 a3f4 9b52 79cb 9af0 798b 82ad b557 79ee 58e9 ac30 b453 58a8 4887 4867 4888 4867 60c8 89c9 7128 68e7 68e8 6908 60a7 58a8 58c8 5087 50a8 60c8 60e8 6928 7169 6109 58e8 58a7 58a7 5887 60c7 7128 7948 7928 8969 a229 c28b ba6a a20a 7907 6087 5887 7929 91a9 aa4b c2ab caab c22a ba4b c2ab cb0c d30c d2cc d2cb db0d db2c db4d db2c db4d db2c db4d db4d db2c db4c db2d db4d db2d db6d db6d db6d db6d dbad dbce dbce e3ce e40e e42f e42f e42f e44f e44f e48f e490 e4d0 e4f1 e4d0 e4f0 e4f1 e511 e511 e531 e531 e531 e552 ed92 edb2 edb2 edd3 edf3 edf3 edf3 f614 f615 f635 f635 f656 f656 f677 f677 f697 f697 f696 d5b5 8a8d 6908 5887 5866 6087 68a7 7927 70e7 70c7 7108 68c7 5067 70c8 bb4d d470 cb8c c3ad c3ae c3ee c40e c40e c40e c3ee bbee bbee c3ee bbce bbce bbcf c3ae bbae bbce bbce bbae bbcf bbae bbae bbae bb8e b38e b38e b38e b36e b38e ab6e ab4e ab4e ab2d ab4d ab2d b32c bb4b c36b cb8b cb6a c32a c30a c32a dcae edd0 f632 f673 f673 f673 f673 f673 f673 f673 f673 f653 f612 edb0 e4ee d3ec baca 91c9 7928 7928 8989 99e9 a20a 99e9 99c9 99c9 99e9 99ea 9a0a a24a aa8b b26a aa8a aa6a a24a 9a0a 9a09 99c9 99c9 a20a a24b a24a 
60e8 6929 822c 92ce 9b70 a3b1 ac12 b493 b4d3 bcd3 bcb2 b451 abd0 a36e 928b 7948 6087 6087 8128 a1c8 c28a d34b e3cd e42e ec8f eccf ecf0 eccf ecef eccf ecef ecef ecef ecef eccf ec6e e40d e3ed db8c dcb1 cc74 ab0e 922c 798a 58a7 4887 4887 5067 50a8 5067 5067 58c7 50a8 50a7 698a 71ab 58c8 58c8 6108 60e8 58c8 50a8 5088 5088 612a 824e 8a70 716c 6109 71ab 610a 4887 4888 5088 69cb 824e 58c9 4888 50a9 618c 7a2e 7a0d 7a0e 590b 590a 696c 718d 698d 698c 69ce 69cd 82f2 8250 824f 9332 9b92 9332 9332 9393 9bf5 9b73 a476 ac15 9aef a2ee 710a 6969 bcf2 a3d4 612a ab8f cd76 6949 4867 4867 4888 4887 58a8 81a8 6908 68e8 68e8 68e8 60c8 60c8 58c8 50a8 58c8 60c8 60c8 6908 7149 60e8 58e8 58c8 58a7 5087 60a7 7948 7127 7908 91a9 b24a c2aa c28a aa29 8947 6086 5867 7128 91a9 a20a ba8b c26a ba2a c2ab d2ec d34c d32c d2eb d2eb db0c db2c db2c db2d db2d d32c d36d db4d db2c db4d db2c db2d db4d db6d db6d db6d db8d db8d dbad dbce dbee e40e e40f e44f e42f dc2f e44f e46f e46f e490 e4d0 e4d0 e4d0 e4f1 e511 e511 e511 e551 e551 e551 ed92 ed92 edb2 edb3 edb2 edd3 edf4 f614 f614 f635 f635 f636 f656 f656 f677 f677 f697 f6b8 ee96 c514 81eb 60a7 5887 6087 68a7 7907 70c7 68c7 7128 68c7 5067 7908 c38e d44f cb6b c38d c3ae c3ee c3ee c3ee c3ee c40e c3ee c40e bbee bbce c3ce c3ee c3ce bbce bbce c3ce bbce bbcf bbae bbcf bbaf bbae b3ae b38e b38e b38e ab8e ab6e ab4e ab6e ab6e ab4d ab4d b34c c36b cb8a cb8a cb8a cb6a c32a cb6a e4ee f5f0 f652 f694 f693 f673 f673 f673 f673 f672 f673 f652 ee11 ed90 dc8d c36b a229 8969 7949 8169 91ea 9a09 9a0a 99c9 9a0a 9a0a 99e9 a20a a22b aa4b b28a b2ab aa8a a24a a20a 9a0a 99e9 99ea a22a a22a 9a4b a24b 
5067 58c7 798a 8a8d 932f a3b0 ac52 b4d3 b4d4 bcd3 bcd3 b492 b410 ab8e 9acc 81a9 6087 5887 8128 a1c9 c2aa d34c dbce e42e ec8f eccf ecef eccf eccf ecef ecef ecef ecef ecef ecaf ec8e e42d e3cd db6d e48f dd75 aaee 8a0b 81aa 6929 4887 4887 4887 50a7 5087 5067 58c8 50a8 58c8 7a0d 6129 50a8 58e9 50e8 58e8 58e8 58a8 5088 5068 694b 8a8f 8a90 690a 58c8 71ec 694a 5088 4868 4848 614a 8aaf 718c 50a9 4888 594b 7a0f 718c 71cd 7a0f 612c 612b 71ee 7a0e 69ad 698d 614c 7270 7a70 826f 9352 828f 8ab0 8ad1 9373 9bd5 9bb4 acf7 b4d6 abb2 9a4d 5888 48a8 826b b495 81ee 9b2e d5d7 79aa 4847 4846 4866 4867 5887 7988 6928 6907 6908 68e7 60a7 60c7 58a7 50a7 58a7 58a8 60c8 6928 7128 60e8 6109 60c8 58e8 5887 60a7 7127 7107 78e7 99a8 ba6a c2ab c28a b249 9168 6086 5867 7128 8988 9a0b aa2a ba6b c28b d2ab daeb db0c d30c d2ec d2ec db0c db0c db0c db2d db4d db4d db6d db4d db2c db4d db4c db4d db4d db6d db4d db6d db8d db8e dbce dbce dbce dbce e40e e42f e42f e42f e44f e46f e46f e490 e4b0 e4d0 e4d0 e4f0 e510 e511 e511 ed31 e571 e551 ed72 ed72 ed92 edb2 edb3 edd3 edd4 f5f4 f5f4 f615 f615 f636 f636 f656 f677 f677 f698 f698 f6b7 e656 abd0 6908 5066 5887 6886 70e7 68a6 6087 7107 68a7 5867 8149 cbce d40e cb6b c38d c3ce c3ce c3ee c3ee c3ee c3ee c40e c3ce c3ce c3ee c3ce c3ee bbce bbce bbce bbce bbcf bbce bbae bbae b3af bbaf bbaf b38e b3ae b3af ab8e ab6e ab4e ab2e ab4d ab6e ab2c b34c c34b cb6a cb6a cb8a cb8a c34a d3cb e52e f5f1 f673 f693 f694 f673 f673 f693 f673 f672 f672 f632 edf0 e54f d40c b2aa 91a9 8169 8989 8989 99ea 9a0a 99ea 99ea 9a2a a20a a20a a22a aa6a b28a b2ab b28b aa2a 99e9 99e9 99ea 99ea a20a a24a a24b a26b 9a6b 
4866 5087 6929 7a0c 8acd 9b70 ac52 b4d3 b4b3 bcf4 bcf3 bcb2 b431 abaf 9b0d 81a9 6087 5866 78e7 99c9 c2aa d36c dbee e42e ec8f eccf eccf ecef ecef ecef eccf eccf ecef ecef eccf ec6e e42c e3cc db6c e3ac dcf1 b32f 89eb 92ae 696a 4867 4867 5087 50a8 5067 50a7 58c8 5087 696a 7a0c 58c8 50a8 50c8 50c8 5929 58e8 58c8 58a8 5089 716b 92f0 8ab0 612a 50a8 698a 6929 5887 4867 4847 50a8 7a0c 820e 610a 4888 5109 7a4f 694c 612a 7a2e 7a0f 692c 71cd 8290 7a2e 71ce 614c 698d 720f 8270 8b33 7a0f 8a90 9b53 9353 8af1 9b94 ac96 b517 a414 8a0d 5088 4068 50c8 8b0f 92d0 930e d618 826d 4867 4847 4866 4867 58a7 7948 6928 68e7 7108 70e7 60a7 60c7 58c7 5087 58a7 58a8 60e8 7169 7989 60e8 58e8 58e8 6129 58a7 6087 70e7 70e7 8107 a9c9 ba6a c2aa c28a b249 9188 6886 5846 68e7 8169 9a0b b24a c2ab ca8a d2ab d2eb db2c d30c d30c d30d daec daec db0c db2c db2c db4c db6d db4c db6d db4c db4c db6d db4d db4d db6d db6d db6d dbae dbae dbce dbce dbef dc0e dc2f e42f dc2f dc4f e44f e46f e490 e4b0 e4b0 e4b0 e4d0 e4f1 e4f1 e531 e532 e551 e551 ed72 ed72 ed92 edb2 edb3 edd3 edf4 f5f4 f5f4 f615 f635 f635 f635 f656 f657 f676 f698 f6b8 f6b8 f6b6 d5d5 8a4c 5067 5867 6087 71a9 60a7 6086 7107 6087 5047 8989 cc0f cbee c36c bb8d c3cd c3ee c40f c3ee c3ee c3ee c3ee c3ee c3ce bbee bbee c3ee bbce bbce bbce bbce bbae bbae bbce bbae bb8e bbae bb8e b38e b3ae b38e b38e b36e ab6e ab4d ab4d ab4d b32c b30b c34b c34a cb8a cbab d3ab cbab dc6d ed6f f611 f673 f694 f693 f673 f673 f673 f672 f652 f652 f632 edef e50e c38b a209 8968 8968 91a9 91c9 99ea 99ea 91c9 9a09 a22a a20a a22a aa4a b28a b28a b28b aa2a 9a0a 91e9 99e9 99e9 9a0a a22a aa4a a24b a26b 9a4b 
4846 5066 58a7 6929 822c 932f ac32 b4d4 bcf4 bd14 bd13 bcd3 b451 abf0 a34e 81ea 6086 5866 68c7 99a8 c28b d36c dbee e42e ec8f ecd0 eccf eccf eccf eccf ecef ecef ecef ecef ecae ec6e ec4d e3ec db8c d30b baeb bc32 9aad 9aec 6949 4047 4867 50c8 50a8 5087 5087 58c8 58c8 71cb 6949 58c8 5087 50a8 58e8 58e8 50a8 50c8 58a8 58a9 716b 9310 92f0 612a 50a8 696a 6949 60c8 5067 4847 4868 60e9 79cc 81ee 60ea 50c8 720e 696c 58ea 69ad 8270 79ef 71cd 8270 8290 8290 7a50 698e 618d 7a4f 8af2 7a0f 8ab1 a3d4 9353 8ad1 9bb5 ac55 b537 9bb2 8a6f 610a 4068 4869 720d a394 9b2f de58 932f 4887 4888 4087 4867 58a7 7968 7108 68e7 7948 6908 58a7 60a7 5887 5887 58a7 58c8 58c8 6928 79aa 60c8 58e8 60e8 58e8 58a7 60a7 70e8 70e7 8968 aa0a c28a c28a c28a b229 9188 6866 5847 68c8 8969 9a4c ba6a ca6a d28a d2cb daec db0b d2eb d30c d30d db0c db0c db0c db2c db2c db4c db4c db4d db4c db4c db4d db4c db6d db4d db6d db8d db6d dbae dbad db8d e3ae e3ce dbee e40e dc2f dc2f dc4f dc6f e46f e46f e490 e4b0 e4d0 e4d0 e4f1 e4f1 e511 e531 e511 e551 e592 ed92 ed92 edb2 edb3 edd3 edf4 f5f4 f615 f615 f635 f635 f636 f656 f656 f657 f697 f697 f6b8 f6b7 ee76 bc72 6108 5067 6066 68a7 6087 6086 68c7 5846 5847 91c9 cbef cbee c36b c38d c3ce c40e c40e c3ee c3ee c3ee c3ee c3ee c3cd bbce bbce c3ee bbce bbae bbae bbae bbae bbae bbae b3ae bbae bbae bbae b38e b3ae b38e b38e ab6e ab6e ab4d ab4d ab2d b30c b30b bb2b cb6b d3ec dc2c dc8d dcad e52f edb0 f631 f673 f693 f693 f673 f693 f673 f672 f652 f652 f631 edaf dc8c bb0a 99c9 8969 9189 99a9 99c9 99e9 91c9 91ea a209 a24b a24a aa6a aa6a b28b b26a a22a a209 99c9 91c9 99e9 a1e9 a24b aa2a aa4b a24c 9a4b 9a4c 
4826 4846 5087 60c8 79eb 930f ac11 b4b4 bcf4 bd14 c513 bcd3 bc72 abf0 a34e 81ea 5886 5046 6086 9168 baaa d36c dbcd e42e e46f eccf eccf ecef ecef ecce ecce eccf eccf ecef eccf ec8e ec4d e3ec db8c d30b b26b ccd2 9acb 7969 58c8 4867 5087 50a8 5087 5087 58c8 58e9 614a 6929 58c8 50a8 50a8 50a8 50c8 50c8 5087 50a8 58a8 58a9 718b 9331 92f1 610a 50a8 694a 71ab 6909 4867 4867 4867 5088 58c8 79cd 820e 694b 69cd 71ad 58c9 612b 71cd 7a0f 71ef 720e 8ad1 8af1 8af1 8290 616c 71ce 7a4f 71ee 8290 a3f5 9b73 93b5 9bf4 a434 ac94 826e 6969 696b 5089 5889 7a0d b497 b412 de37 a390 50a8 4087 4087 4867 58a7 8188 70e7 70e7 7968 7128 60c8 60a7 58c8 50a7 58c8 58c8 58e8 6928 7169 60c8 58c8 58c8 58c8 5887 60a7 68c7 70e7 91a8 aa09 ba49 ba49 c28a b229 99a8 6887 5867 68c7 9189 a22a ba6a ca6a d2aa d2cb d2eb d2eb d2cb d2ec db0c db2c db0c daeb db0b db2c db2c db4c db6d db4c db6d db4c db6d db6c db4c db8e db8e dbad e3ce dbae dbad dbce dbce dbee dbee e40f e42f dc2f e44f e44f e46f e490 e4b0 e4d0 e4d0 e4f1 e4f1 e512 e511 e511 e552 e572 e572 e573 edb2 edd3 edd3 edd4 edf4 ee15 f615 f636 f636 f636 f656 f656 f677 f697 f697 f698 f6b7 f6b6 ddf6 8a6c 5867 5867 6087 6066 5866 6067 5026 5867 a22a cc0e d40f c36c c38d c3cd cc0e c3ee c3ee c3ed c3ee c3ee c3ee bbcd bbce c3ce c3ee bbce bbae bbce bbae bbcf bbae bbae b38e bbae bb8e bbce b38e b38e b38e b38e ab6e ab4e ab4d ab2d ab2d b30c b32c bb4c d3cc dc4d e4cd e50e ed6f edb0 f5f2 f632 f673 f693 f693 f693 f673 f672 f672 f652 f631 f5f0 e54e d3eb b289 91a9 9189 99c9 99e9 9a0a 99c9 99ca a1ea aa2a a24b aa6a b26a b28a b28a aa4a a209 99e9 91c9 91c9 99c9 a20a a24a a24b a24b 9a2b 9a4c 9a4c 
4846 4846 5067 60c9 79cb 9330 ac32 b4b3 bd14 bcf4 bd13 bcf3 bc92 b430 a36e 81c9 5886 5046 6086 9188 c28a d36c dbcc e44e e46e eccf ecee ecef ecef eccf eccf ecef ed0f ecef eccf ecae ec4d ec0c e3ac d2ea b24b b36d 9a8c 81ec 5087 4887 50a8 50a8 5087 5087 58c9 58e9 6949 60e8 58c8 5087 50c8 50a8 50c8 50a8 5087 50a7 5088 58a9 79cc 9b72 8af1 5888 5088 6129 79ec 60e9 4867 4847 4887 58c9 4868 612a 79ed 822f 7a0e 7a0f 60ea 58ea 694c 698c 7a50 71ad 8ad1 8ad1 82d0 82b0 71cd 69ad 79ee 71ce 7a2f 9bb4 a415 a477 9bd4 a435 a434 8290 5088 58e8 692b 60ca 796b b4b6 c4f5 d618 9b2f 4887 4867 4067 4847 60e7 8168 68c7 7107 81a9 7128 58a7 60a7 58c8 5087 58a8 60e8 60e8 6907 7128 58c7 58a7 58a7 60e8 60e8 68a7 68c7 7107 99a8 aa29 ba49 ba69 ba29 b1e8 99a8 70c7 6066 70e7 91c9 a20a ba8a ca8a ca8a d2cb d2cb d2eb d2aa d2cb d30c db0c d30c d30c db0c db2c db2c db2d db4d db4c db4d db4c db4c db6d db6d db8d dbae dbae db8d db8d dbad dbce e3ce dbee dbee dc0f dc0e dc2e e42f e44f dc70 e490 e4b0 e4b1 e4b0 e4d1 e4f1 e4f1 e511 e531 e551 e552 e572 e572 ed92 edb3 edd3 edf3 edf4 edf5 ee15 f635 f636 f636 f656 f656 f657 f677 f697 f698 f6b8 f6b7 ee96 bc52 60c7 5866 6087 5866 5846 6066 5047 6066 aa8b d3ed d44f c36c c3ad c40e cc0e c40e c3ed c3ee c3ee c3ee c3ee c3ce c3ee c3ee c3ce bbce bbce bbae bbcf bbce bbce bb8e b3ae b38e b38e b3ae b38e b36e b38d b38e ab4d ab4d ab2c ab2c b30c b2eb c34c cbed dc6e e4ce e550 ed90 edb0 edf0 f632 f653 f693 f694 f693 f693 f693 f672 f652 f652 f611 edaf dccc cb6a a209 99c9 99c9 99c9 a209 a20a 99c9 99c9 aa0a aa2a aa2a b26a b28a b28a aa6a a22a 9a09 91e9 91c9 99e9 99e9 a22a a24a a24a a24b 9a2b 9a4c 9a6b 
4846 4867 5067 58c8 718a 8ace a3f1 b493 bd14 bd14 bd14 c513 bcb2 b451 a34e 7168 5046 5066 68a7 9188 ba8a d36c dbcc e42e e46f eccf ed0f ed0f ecef ecef ecef ecef ed0f ecef eccf ecae ec6d ec0c e3ac d30b b26c a28d abb0 9acd 50a8 48a8 50c8 50c8 50a8 5087 58c8 6109 5908 58c8 58a7 58c8 50a7 50a8 50c8 50c8 58c8 50a8 5089 58ea 824f a3f4 8ad0 5088 4867 58c8 79cb 6109 5087 4867 50c8 58e9 5088 58e9 610a 698b 71ac 71cd 612a 590a 71ad 612b 720e 7a0f 826f 82d1 826f 7a4f 71cd 71ce 722f 71ae 7a2f 9b93 a435 a456 a415 a434 ac75 9b92 58e9 4887 698b 68eb 692a b495 c557 cdd7 8aad 4867 4867 4067 4847 60e8 8168 68e8 7108 920a 7148 58a7 60c8 58a7 50a7 58c8 58a7 60c7 6928 7128 58c8 5887 58a7 60e8 60c7 68c8 70c7 8968 a209 ba69 c249 ba09 b1e8 b229 a1e9 78e7 6066 70c7 91a9 a1e9 ba8b ca8a d2ab daeb d30b d2cb d2cb d2ec db0c db0c db4c db2c db2c db2c db2c db2c db4d db2c db4c db4c db6c db6c db6d db8d db8d dbae db8d db8d dbae dbad dbce dbee e40e dc0e dc0f dc2f e42f dc2f e44f e470 e4b0 e4b0 e4b0 e4d1 e4f1 e4d1 e511 e552 e552 e572 e572 e572 e592 edb3 edd3 edd3 edf4 ee15 ee15 f636 f636 ee56 f676 f656 f657 f677 f698 f698 f6b8 f6b8 f6b7 ddb5 8a0b 5866 5866 5846 5046 5846 4826 6086 baec d3ed d42e c38d c3ad c40e cc2e c40e c40e cc0e c3ed c3ce c3ee c3ce c3ce c3ee c3ce bbee bbce bbae bbae bbae bbae bb8e b38e bb8e bb8e b38e b38e b38e b36e ab6e ab4d ab2d ab4d ab2c b30b bb2c cbad dc6e e4ef ed6f edb0 f5d0 f5f1 f611 f652 f673 f693 fe93 f693 f693 f693 fe73 f652 f632 f5f0 e54f d42b b2aa a1c9 99c9 99e9 a1e9 a209 99e9 99ea a20a aa4a aa2a aa6a b26a b28a b26a aa4a a209 99e9 91c9 99e9 99e9 a209 aa2a a24a a24a 9a2b 9a2b 9a6c 9a6c 
4046 4867 5088 58a8 694a 8a8d a3d1 b493 bcf4 c514 c514 bcf3 bcb2 b430 9b0d 7189 5087 4846 68a7 91a8 ba8a d34b dbcd e42e ec8e eccf ecef ed10 ecef ecef ecef ecef ed0f ecef ecee ecae ec6d ec0c e3ac d32b bb2f ab2f bbae 81ca 48a8 50e9 58c9 5088 5088 50c8 5909 6109 58c8 58e8 58e8 58a8 50a7 50c8 50c8 58e8 58c8 50a8 48a9 612b 9311 a3f4 8a8f 58a8 4867 5087 718a 718a 58a8 4867 6109 60e9 5067 5909 592a 58a8 50a8 612a 58a9 58c9 71ee 694c 69ad 8270 7a2f 8290 8270 7a2f 71ce 69ce 71ef 71ce 7a50 9b73 a3d4 a456 9bb3 9b71 b4f6 9bb2 71cd 48a7 58c8 5889 690a ac74 c597 bd56 71eb 4067 4867 48a8 5088 7148 89a9 6908 7108 89ea 7149 58c8 60e8 58c8 58e8 60c8 60a8 60e8 6928 6908 58c8 5887 5887 58a7 6087 70e7 70e7 9189 aa09 ba49 b209 aa09 ba49 ba6a a9e8 78c7 6087 68e7 91ea a1ea ba4a ca8a d2cb d30c d2eb dacb d2cb d2eb db0c db2c db4c db2c db2c db2c db2c db0b db2c db4c db4c db4c db4c db4d db6d db4c db6d db8d db8d db6d db8d dbad dbce e3ee e40e e3ee dbee dc2f dc0f e42f e46f e470 e490 e4b0 e4b0 e4d1 e4d1 e4f1 e512 e552 e552 e552 e552 e572 e592 edb3 edb3 edd4 edf4 f615 f615 f635 f636 ee36 f657 f656 ee57 f677 f677 f698 f698 f6b8 f6b7 ee76 b3d0 6087 5026 5025 5025 5846 4826 68c7 bb0c d3cd d40e c38d c3ae c3ee c40e c40e c40e c42e c3ee c3ee c3ed c3ee c3ee c3ee c3ce c3ce bbce bbce bbae bbae bbae b38e b38e b38e b38e b38e b38e b36d b36d ab6d ab4d ab2c ab2c ab2c bb2b cb8c dc6d e50f ed90 f5d0 f5f0 f5f0 f5f1 f631 f652 fe93 fe94 f693 fe93 f693 f693 fe72 f651 f611 edaf dccd cb6a aa29 a1c9 99c9 99e9 99e9 a1e9 99c9 a209 aa2a aa4a aa6a b26a b28a baaa b26a aa29 99e9 91e9 99c9 99e9 99ea a22a aa4a a24b a24a 9a0a 9a4b 9a6c 9a8c 
4826 4846 5067 58e8 696a 8a8d a3d1 b472 bcd3 c514 c514 bcf3 b4b2 ac10 9b2d 7189 5066 4826 6886 9968 ba8a d34b dbcc e44e ec8e ecef ecef ecef ecef ecef eccf ecef ed0f ed0f f4ef ecaf ec6e e40d e38c db2b d450 b3af a2ee 6149 48a8 58e8 58a8 4867 50a8 5909 612a 58c8 50a7 58a7 58a7 5087 5067 50a8 58e8 58c8 50a8 50a9 50a9 69ad 9bb4 9bd3 824d 5887 4867 5067 6949 716a 58a8 5087 694a 6929 50c8 5909 596a 50a9 4867 50c9 590a 58c9 698c 71ad 616b 7a70 7a50 82b0 8af2 7a4f 7a4f 69ae 698d 616d 7a71 9373 a3f4 9bb4 8ad1 a3d4 b4b6 9310 8ad0 5909 48a8 4868 60e9 ac33 c597 a411 6149 48a8 4047 4067 5087 7968 89a8 68e7 7108 81a8 7108 60a7 68e8 58c8 58c8 58a7 60a7 60c7 6948 6928 6129 58a7 5887 5887 68e7 70c7 7907 91c8 a9e8 b1e8 b209 ba4a c2cb c2aa aa09 78e7 6087 70e7 920a a20a ba6a caab d2cb daeb d2cb d2cb daeb daeb db2c db2c db0c db2c db2c db2c db4c db0b db0b db2c db2c db4c db2c db4c db4d db6d db8d db8d db8d db6d db8d dbae dbce dbee dbee dbee dbee dc0f e40e e44f dc70 e46f e470 e4b0 e4b0 e4b0 e4d1 e4f1 e511 e511 e532 e552 e572 e572 e592 edb3 edb3 edd4 edf4 edf5 ee15 f615 f636 ee36 ee56 f657 ee57 ee77 f677 f698 f698 f6b8 f6b8 f6b6 d594 7948 5066 5066 5026 5046 4827 68e7 c36c d3cd cbcd c3ad c3ce c40e c40e c40e c3ee c40e c40e c3ee c3ed c3ed c3ee c3cd c3ce bbce bbce bbce bbae bbae bb8e b36d b36e b38d b38e b38e ab8e ab8e ab4d ab4d ab2d ab2c ab2c b30c bb2c d40e e52f edd1 f5f1 f612 f612 f5f1 f611 f611 f652 f693 f6b4 f694 f693 f693 fe93 fe72 f631 f5f0 e54d dc4c c2ea a1e9 a1c9 a1e9 99e9 a1c9 99c9 a1c9 aa2a aa4a aa4a b28a b28a baaa b2aa aa4a a1e9 99e9 91ea 99c9 99ea a22a aa4a a24a a22a 9a2b 9a2b 9a6c 9a8c 928c 
4826 4826 4826 5087 612a 826d a3b0 ac52 b4b3 bcf4 c514 bcf3 b4b2 ac0f 9b4d 79aa 5066 5026 6887 9168 ba8a d34b dbcd e44d ec8e eccf ecee ecef ecef ecef ecee ecef ed0f f50f ecef ecce ec6d ec0d e38c db2b dc50 b36e 9acd 5949 48a8 58e9 50a8 5088 58e8 612a 60e9 58c8 5087 58a8 58a7 58a8 5067 58c8 58c8 5087 4867 4868 50ca 7a70 9bb3 9b92 820c 58a8 48a8 50a8 58c8 6129 58a8 5087 718b 6109 58c8 50c8 5909 5909 5088 50c8 58c9 58a9 610a 718d 612b 724f 71ce 8290 8b11 8290 720d 69ce 698e 592c 7a50 9bd3 a435 9353 8af2 a435 ac96 9353 9bb4 826f 610a 50aa 694a ac95 b4f6 828e 720d 71ee 4067 4067 5067 7968 8988 68e8 7128 8168 7108 60c7 60e7 58a7 60a7 60a7 5887 60e8 68e8 60e8 6129 58e8 58a7 60a7 68e8 70c7 8127 9988 b1e9 ba29 c26a caaa caaa ca8a aa09 78e7 6066 7908 99e9 aa2a ba6a d28a d2eb d30c d2ec daeb db0c db0b db2c db2c db0c db0c db2c db0c db2c db2c db0b db0c db2c db2c db2c db4c db6c db6d db8d db8d db8d db8e db8d dbad dbce dbce dbce dbef dbee dc0f e40e e42f e44f e46f e490 dc90 e4b0 e4b0 e4d0 e4f1 e4f1 e511 e531 e552 e572 e573 e592 edb3 edb4 edd4 edd4 edf5 ee15 f615 f636 ee56 ee56 f656 ee56 ee77 f677 f677 f677 f698 f6b8 f6b7 e656 a30d 58a7 5066 5026 5026 4826 7927 cbad d3ac cbad c3cd c40e c40e c40e c40e c40e c40e c3ee c3ee c3ee c40e c3ed bbce c3ee bbce bbae bbae bbce bbae b38d b38e b36e b38d b38e b38e ab6d ab6d ab6e ab6d ab4d ab4d ab0c b2ec c36d dccf edb1 f612 f653 f673 f652 f612 f611 f611 f652 fe93 f6b4 f693 f693 fe93 fe73 fe72 f611 edaf e4ac cbab b269 a1e9 99c9 a1e9 a1e9 a1c9 99c9 a209 aa29 aa2a b26a ba8a b28a baab b28a a22a 9a0a 91c9 99ca 99e9 9a0a a24a aa4a a26a a24b 9a4b 9a2b 9a4c 9a6c 924b 
4826 4826 4846 5047 60e8 824d 9b90 ac52 b4b3 bcf4 c514 c513 bcd2 ac50 9b2d 79a9 5066 5046 6086 8967 ba8a d34b e3ec e44d ec8e eccf ecef ed0f ecef ecef ecef ed0f ed0f ed0f ecce ecae ec6d ec0c e3ab db4b d40e ab8f 7189 50e8 50a7 60c8 5087 58c9 6109 6108 58a8 58a8 5067 50a7 5087 5087 5067 58c8 50a7 4847 4848 4889 69ad 9b94 9b72 9b72 822d 58c8 48a8 4888 50a8 5908 58c8 58a8 718a 60e8 58e9 50c9 50a8 58e9 50a8 50e9 58c9 5088 58c9 698c 612b 720f 698d 8290 9352 8ad1 698c 612b 612c 590c 71cd 9c15 a415 9bb4 9bd4 a455 9bb3 71ec 9392 a415 8ab2 7a10 8ab0 b4f7 a3f5 822e a495 9bd3 4888 4867 5087 8188 8188 68e7 7928 7928 68e8 60c8 60e7 60e7 6907 6087 60a8 60c7 60c8 60c8 58c8 6129 60c8 60c8 70e7 7907 9168 a1e9 c249 c26a caaa cacb caaa ca8a b229 78e8 6067 8168 99c9 aa2a c24a d2aa d2eb daeb d2ec db0c db0c daeb db2c db2c db2c db0c db2c db2c db0c db0c db2c db2c db2c db2b db2c db2c db4c db8d db8d db8d db8d db8d db8d dbad dbad dbcd dbce dbce dbee dc0e e40e dc4f e42f e44f e46f dc70 e490 e4b0 e4d0 e4f1 e4f1 e511 e511 e552 e572 e572 e592 edb3 edb3 edd4 edf4 ee15 ee15 f635 f636 f656 f636 f636 f657 ee77 f677 f698 f677 f698 f6b8 f6b7 eeb6 c492 60c7 4025 4826 4826 4826 8968 cbad d38b cbad c3ad c42e c40e c40e c3ee c3ee c3ee c3ee bbee bbce c3ee c3ce c3ce bbce bbce bb8e bbad bbce bb8d bb8d bb8d b38d b36d b38e ab4d ab4d ab4d ab6e ab4e ab4d ab4d ab0c b30b cbcc e570 f612 f653 fe94 fe94 fe73 f632 f632 f631 f673 f693 f694 f694 fe94 f693 f672 f651 f5ef ed4e dc2b c30a aa49 a1e8 a1e9 a1e8 99c9 99e9 a1e9 a9e9 aa2a b24a ba8b ba8a ba8a ba8a b28a a20a 99e9 99c9 99c9 99e9 a22a a24a a26b a26b 9a4b 9a4c 9a4b 9a6c 924c 8a0b 
4025 4026 4826 4846 58c8 79ec 9b50 ac32 b4b3 bd14 c514 c4f3 bcb2 b450 a36e 79ca 5066 5026 6066 8948 ba8a d34b e3ec e44e ec8e ecef ecef ed0f ecef ecef ecef ed0f ed0f ed0e f4ce ec8e ec6d ec0c e38b db2b cb8d ab0e 60e8 4868 50a8 60e9 58e9 6109 60e9 58a7 58a8 5087 5067 58a7 5067 5088 50a8 58a8 4867 4847 4868 592b 8b32 9b72 92f0 9310 71cb 50a8 4887 4888 5087 58c8 58e9 60e9 694a 58c7 58e8 5087 5067 5088 5088 58e9 60e9 58c9 5088 614a 614a 616b 612b 71ed 9352 9353 71cd 58ea 590b 614d 722f 9c15 9bf5 9bd5 a415 ac75 a415 79ce 826d a3d3 7a0d 8290 a456 b518 a416 9bd4 bd97 a3f2 50a8 4867 50a7 8168 7128 60c7 7108 70e8 7128 6908 60c7 6108 6928 60a7 58a7 60a7 68c7 60a7 58c8 60e8 60e8 68c8 70e7 8148 99c9 ba6a ca8a caaa cacb cacb caaa c2aa aa09 78e8 6087 8189 99e9 aa2a c26a d2aa d2eb d2eb db0b db0b db2c db2c d32c db2b db2c db2c db2b db0b db2c db0b db2c db2c db2b db2b db2c db4c db4c db6d db6c db8d db6d db6d dbad db8d dbae dbad dbce dbee dbee dc0e e42f e42f dc2f dc50 dc4f e470 e46f e4b0 e4f1 e4d1 e4d1 e511 e532 e551 e552 e572 e572 e593 e5b3 edb4 edd4 ee15 ee15 f615 f636 ee36 ee36 f656 ee57 f657 f677 f677 f677 f698 f6b8 f6b8 f6b6 ddb4 7989 4026 4025 4826 4826 99c9 cbac cb8c cbed c3cd cc4f c40e c3ee c40e c3ee c3ee c3ee c3ee c3ee c3ee c3ce c3ce bbce bbce bbae bbad bbae b3ce bbae b38d b38e b38d b38e b38e ab6d ab6d ab4d ab4e ab4d ab0c b2ec bb0c d42d edb1 f653 f694 feb4 f694 fe73 f632 f632 f652 f673 fe93 f6b4 fe93 fe93 fe93 f672 f630 edae e4cc d3aa ba89 aa09 a9e8 a9e9 a1c8 a1c8 99a8 a1c9 a1e9 aa29 b24a b26a ba8a ba6a b26a aa2a 9a0a 99e9 99c9 99c9 a209 a24a a26b a24b a24b 9a4b 9a6c 9a4b 9a8c 926c 8a0a 
4046 4026 4826 5047 58a8 79cb 9b2f ac32 b4d3 bd14 c514 c513 bcb2 b450 a36e 820a 5886 5046 6066 9127 ba6a d32b dbcc e42e ec8e ecef ed0f ed0f ecef ecef ed0f ed0f ed0f ed0f ecee ecae ec6d ec0c e3ac d32b cb4c ab2d 60e8 50a8 58c9 6109 6109 6109 58a8 5067 5087 5087 5087 5887 5087 58a8 58a8 5087 4868 4888 612b 8290 9352 81ec 824d 8a6e 6109 5088 48a8 4887 48a8 50a8 60e9 696a 6949 5087 58e8 5087 4867 4867 50a8 6109 614a 58e9 4867 614b 694b 612b 592b 614c 82f1 9372 7a50 612c 618d 7230 7a91 9bd4 9bd4 9bd4 a435 ac76 a455 9b53 8a4e a372 8a2f 8b12 acb6 ac95 8b50 82cd 8b2d 69ca 5087 5887 60c7 8168 70e8 58a7 6908 68c7 7169 7108 60c7 60e8 6908 60c7 60e8 6108 60a7 60a7 60a8 60c7 60a7 7928 7908 9188 aa09 c2aa ca8b caab cacb cacb caaa c2aa a9c8 78c7 68a7 89a9 99e9 aa4a c26a d28a d2aa d2cb d2eb db0b db0c db2c db2c db0c db4c db2c db2c db2b db2b db0b db2b db2c db2c db4c db4c db2c db2c db4d db4c db6d db6d db8d db8e dbae dbae dbad dbce dbee dc0e e40f e42f dc0e dc4f dc4f dc2f dc70 e470 e4b0 e4d1 e4d1 e4d1 e511 e531 e551 e552 e572 e573 e593 e5b4 e5b4 edd4 edf5 edf5 ee16 ee36 ee15 ee36 ee36 ee57 ee57 f657 ee77 ee78 f678 f698 f6b8 f6b7 ee55 a2ed 4046 4026 4026 5046 9a09 cb8c cb6c cbad c3ae cc2e c40f c3ee c3ee c3ee c3ee c3ee c3ce c3cd c3ce c3ce bbce bbae bbce bbad bbcd bbce bbae bbae b38d b36d b38d b38d b36d ab6d ab4d ab2c ab2d ab0c ab0c b2eb c32c dc8e edf1 f653 f694 feb4 f694 f672 fe52 f652 f673 f673 f693 f694 f693 fe93 fe73 f651 f5f0 ed4e dc4b cb2a ba49 aa29 a9e8 a9e8 a1c9 a1c8 99a8 a1e9 a1e9 aa4a b26a b28a b28a b28a aa4a a209 99ea 99e9 99e9 99ea a22a a26b a24b a26b 9a6b 9a4b 926c 924b 924c 8a0b 81ca 
4025 4826 4826 5067 58c8 79eb 932f ac32 b4b3 c514 c534 c533 bcd2 b451 a38e 8a2a 60a6 5026 6066 8927 b269 d32b dbcc e42d ecae eccf ecef ecef ecef eccf ecef ecef ed0f ed0f ecef ecad ec6d e40c e3ac d32c c30b a2cd 690a 58c9 692a 692a 58c8 58c8 5088 5087 50a7 58c8 5087 58a7 5887 58a7 50a8 5088 4888 58e9 8ad0 8acf 698b 6109 828f 824d 696a 58e9 50a8 4888 50a8 50e9 6129 718b 6909 5087 58c8 58a8 4867 5067 58a8 58e9 614a 58c9 4847 5909 71ac 58ea 610b 69ef 8313 8af1 8ad1 8271 7a30 7a91 82b1 9bb3 a3d4 a3d4 a3f4 9310 8b31 a3d4 a3b4 a3d5 abd5 bd37 bd15 9bb1 6129 48a7 48a7 4887 6129 6928 68e7 8168 68c7 58c8 7108 68e7 6907 6908 58a7 60e8 6907 60a7 60e8 6908 60c7 60a8 60a7 60e8 68e8 7948 8148 9988 ba69 caaa d2ca d2ca cacb caaa ca8a c269 a1a8 7087 68c7 89ca 99e9 aa29 c28a d2aa d2aa d2cb daeb db0b db0b db2c db2c db2b db4b db2c db2c db2b db2c db2c db2c db2c db4c db4c db4c db2c db4c db6d db6d db8d db6d db8d db8d db8d dbad dbad dbad e3ee dbee dc0f dc0f dc0f dc2f dc2f e44f e470 e46f e470 e4b1 e4d1 e4f1 e511 e532 e532 e552 e572 e593 e5b2 e5b4 edd4 edd4 edf5 edf5 ee16 ee36 ee36 ee36 ee36 ee56 ee57 ee57 ee77 ee77 f677 f698 f698 f6b7 ee96 bc51 5066 4026 4026 5867 a28b cb6c cb6b cbcd c3ce cc2e c42f c3ee c3ce c3ee bbee c3ed bbee c3ee bbee bbce bbae bbae bbae bbae bbce bbce bbce bbae b3ad b38e ab6e ab8d b38e ab6d ab4d ab4d ab2c ab2c b2ec b2ec c36c dcef f5f1 f673 f694 f6b4 fe93 f672 f632 f632 f672 f673 f694 f694 fe93 f673 f652 f631 f5af e4ed dbca c2ea ba69 b229 b229 aa29 a9e9 a1e9 a1e9 a9e9 aa09 b24a ba8a baaa b28a aa4a aa2a a20a 99e9 99e9 99ea 9a2a a24b a26b a26b a26b 9a4b 922b 920b 922b 8a0b 81ca 81eb 
4025 4026 4026 4846 58a8 79eb 932f ac31 b493 bd14 c534 c513 bcd3 b451 a3ae 8a6b 60a7 5046 6066 8927 b24a d32b dbed e44e ec8e ecee ecef ecef ecef ecef ecee ecef ecef ecef ecee ecae e44d e40d e3cd d34d bacc 9a8e 716b 610a 692a 692a 50a8 5088 5087 5087 50a7 50a7 5087 58a7 58a8 50a8 5088 58c9 610a 696a 7a2c 612a 5088 612a 9311 79ec 71cb 5909 50c8 50a8 50c8 50c8 698b 718a 6109 50a7 50a7 58c8 50a7 4867 5088 58e9 696b 58ea 4847 5909 7a0d 612a 58ea 592a 6a0d 720e 8290 8b32 8b33 8b54 8b13 9b94 9b93 a434 9b92 79cd 71ab 9351 9b93 a3f4 ac96 c536 bcb5 9b72 71ed 50e9 4887 6128 79ca 58c7 6907 7928 60c8 60e8 7928 60a7 6908 6928 60c8 6108 6108 60a7 60c7 6908 60c7 60a7 60a7 60a7 7908 8127 8968 a1c9 ba69 caaa cacb cacb cacb caab caab c269 9968 7086 68c7 91e9 99e9 b22a c26a d2cb d2eb daeb daeb db0b daeb db0c db4c db4c db2c db4c db4c db2b db2c db2c db2b db2c db2c db2c db2c db2c db4c db4c db4c db6d db4c db6d db8d db8d db8d dbad dbad dbce dbee dbee dc0f dc0f dc2f e42f e44f e470 e470 e490 e4b0 e4d0 e4f1 e4f1 e4f1 e512 e552 e572 e593 e593 e5b3 e5b3 edd4 edd4 edf5 ee36 ee16 ee16 ee36 ee36 ee57 ee57 f657 ee57 f677 f677 f677 f698 f697 f6b6 d574 7128 4025 4026 5867 aa8b c36c cb8c cbcd c3ee c3ee c42f c3ee bbce c3ee c3ee c3ed bbce bbee bbce bbad bbce bbce bbcd bbad bbce bbce bbce b3ae b3ae b3ae b38e ab6e ab8e ab6e ab4d ab4d ab4d ab2c b30c bb2c cb8c e50f f612 f673 f693 f693 fe72 f631 f631 f632 f673 f693 feb4 f694 fe93 fe93 f651 f60f ed4e dc4b d36a c2ea ba69 b249 b249 aa29 aa29 a209 aa09 a9e9 a9e9 b26a ba8a ba8a b28a b24a aa4a a20a 99e9 99e9 99e9 a20a a24b a26b a26b a26b 9a4b 924b 920a 920a 89ea 81ca 81aa 
4025 4846 4826 4847 5888 71cb 9350 a411 b493 bcf4 c514 c514 bcd2 b451 a3ae 92ac 6908 5846 6086 8948 b249 d32b dbcd ec4d ecae ecce eccf eccf eccf e4ce e4ae e4ae e4af e4cf ecaf e46e e42e dbee dbce d36d bb0e a2f0 820d 610a 58c8 58e9 50a8 5088 50a8 50a8 58a7 5087 50a8 58a8 50a8 58c9 58c9 71ad 71cc 694a 58e8 50a9 50a8 696b 8a8e 79cc 79ec 6129 50c8 50a8 4867 50c8 71cc 6129 6129 58a8 5087 58a8 5088 5088 5888 6109 614a 58a9 4868 5909 7a2d 718c 58c9 50a8 58c9 590b 618c 82b0 9353 9bd5 9b74 9b73 9b72 a415 9352 8a90 820e 822e 8b11 8b53 9c36 a3f4 ac35 b4d7 ac96 9333 7a2e 92ae 79aa 58c8 7169 7128 58c7 60e7 7107 60c8 7108 7148 7149 68e8 68e7 60c7 6908 6908 60a7 60a7 60a7 68c7 8128 8947 9188 a9e8 c269 caca d2cb cacb cacb caaa cacb c2aa 9147 68a7 70e8 91c9 a229 b26a caaa d2ca d2eb db0b db0b daeb daeb db2d db2c db2c db4c db6d e34c db2c db2c db0b db2c db0b db0b db0c db2c db2c db2c db4c db4c db4c db4c db6d db6d db8d db8d dbad db8d dbce dbef dbce dc0f dc0f dc2f dc2f dc2f e44f e470 e470 e490 e4b0 e4d0 e4d1 e4f1 e531 e552 e572 e593 e593 e593 edb4 edd4 edf5 edf5 ee15 ee16 ee16 ee36 ee36 ee36 ee56 ee57 ee57 f677 f677 f677 f698 f697 f6b7 e615 926b 4026 4026 6086 b2ca cb6c cb8c c3cd c3ce c40e cc4f c3ee bbce bbce bbce c3ce bbce bbcd bbce bbad bbce bbad bbad bbad bbad bbae b3ae b3ae b38e b38d b38e b38e ab6d ab6e ab6d ab2d ab4c ab2c b30b bb4c cbac e530 f612 f673 f693 f673 f652 f631 f631 f652 f673 fe93 feb4 f694 f693 fe72 f631 f5cf e4cc dbcb cb0a baca c2aa ba69 b229 aa29 a9e9 a9e8 a209 aa09 aa09 b229 b26a ba8a b28a b26a a209 99e9 99c9 99e9 9a09 a24a a24a a24b a26b 9a4b 920a 922a 922b 91ea 89ea 81aa 81a9 
4026 4026 4026 4846 5087 71ab 930e ac12 b493 bcf4 c514 c513 bcd3 b471 a3af 92cc 6907 5846 6086 8107 b229 d30b e3cd e42d ec8f eccf ecf0 eccf e4b0 e4b0 e4cf dcaf dcb0 e4d0 e4d0 e4af e44e e40d dbad cb2d bb4f b391 822d 692a 58e8 50e8 5088 50a8 50c7 50a7 5087 5087 58a8 60e8 58c8 50a8 6129 7a2d 696a 5088 50a8 50a9 50c9 694a 81cc 79cc 7a0c 692a 50a8 50c8 50a8 5909 6109 58c8 6129 58c8 50a8 50a8 50a8 50a8 58c9 6129 696b 5088 58ea 694a 7a0d 696b 610a 50a8 4888 50a9 592b 722f 9353 9c15 9bd4 9333 9332 9bd4 9372 8acf 8a8f 718a 6109 6169 7a8c 82ae 82ad 9b6f abd1 a350 abb3 abd3 9312 8ad1 9acf 8a2d 716a 718a 7169 6929 798a 81ea 7989 68e7 60c7 60a7 60e7 60e7 6087 60a7 6087 68e7 8148 8948 9988 b209 c289 cacb caab caaa d2cb d2cb caaa ba6a 9148 68a7 7908 99e9 a22a ba6a d2aa d2aa d2ca daeb db0b db0b daeb db2c db2c db2c db6d db6c db4c db2c db2c db2b db4c db0b daeb db0b db0b db2c db2b db4c db4c db4c db6c db6c db6c db6d db8d dbad dbae dbcd dbee dbee e40e dc0e dc2f dc2f dc4f dc2f e44f e46f e490 e490 e490 e4d1 e511 e531 e552 e552 e593 e592 e593 e5b4 edd4 edd5 edf5 ee16 ee15 ee16 ee16 ee16 ee36 ee57 f657 f657 f677 f677 f678 f678 f697 f697 ee55 b3af 4866 4026 68c7 baca cb4b cb8c c3ce bbce c40e c42e c42f c3ee bbce bbcd bbcd bbce bbcd bbce bbce bbce bbae b3ae bbce bbae bbae bbae b3ce b3ae b3ae b3ae b38e ab6d ab4d ab4d ab4d ab2c b32c bb2c c34c d3ed e550 f612 f673 f693 f672 f632 f611 f611 f632 f672 fe93 f694 fe94 f692 f651 f610 ed6d dc4b d36a c2ea c2aa c2aa ba69 b229 aa09 a9e8 aa09 a209 aa29 aa4a aa49 b26a b28a b269 aa09 a209 99e9 99c9 99e9 99e9 a24b a26b a24b a24b 9a6b 922b 924b 920b 89aa 89ea 89eb 81aa 
4025 4025 4026 4847 50a8 71ab 92ce a411 b4b3 bcf4 c514 c513 bcd2 b471 abcf 92cc 68e7 5046 6066 8127 b229 d30a e3cc ec2d ec8e eccf eccf eccf e4ef e4cf e4cf e4cf e4f0 e4f0 eccf ec8e e44d e3ec db8c d36e cb90 b34f 81cb 694a 5909 5088 5088 5088 50a7 50a7 5087 5087 50a7 60e8 58c8 5088 58e8 6949 58e8 50a8 58c8 58c9 50c9 612a 820d 79ec 718b 6929 58c8 50a8 5909 614a 58c9 50c8 6129 60c8 50a8 58e9 58a8 58c8 58a8 58e8 698c 50a9 58ea 79ed 826f 58e8 590a 50a8 4047 4888 590b 720f 8b33 a415 9b93 9333 9bb4 9352 9373 92d0 824d 71ac 4846 4847 58c7 7a4d 58e8 50c7 60e7 6948 926a 79aa 7a2c 9b30 a351 a311 9b11 a3d4 9b72 92f0 926c 7969 68e8 6908 60c7 60a7 60c7 68e7 60a7 60a7 60a7 7907 8128 9189 a1c9 ba4a ca8a cacb caab cacb d2cb d2ec d2aa ba49 8969 68a7 8148 9a0a aa2a ba6a d2cb d2eb d2eb db0b db0c db0c daeb db0c db2c db2c db4c db4d e34c db2c db4c db2c db2c db0b db0b db0b db0b db0b db2b db4c db2c db4c db6c db6c db6c db4c db8d dbce dbce dbad dbee dbee dbee dbee dc0f dc2f dc2f dc2f e46f e48f e490 e490 e490 dcb1 e4f1 e511 e552 e552 e552 e573 e593 e5b4 edd4 e5d4 edd5 edf5 ee16 ee16 ee16 ee16 f636 f636 f656 ee57 f677 ee77 f677 f677 f697 f697 ee95 ccf3 60c8 4027 7107 bb0b cb6c cb8c c3ee bbce c3ee c3ed c44f c3ee c3ee bbce bbce bbce bbee bbee bbae bbce bbae bbae bbae bbae bbae bbae bbce b3ae b38e b38e b38e ab6d ab4d ab2d ab2c ab2c b32c bb2c c32b d40d ed70 f632 f672 f693 f672 f631 f611 f611 f632 f673 f694 f694 fe94 fe72 f651 f5d0 e4ec dbcb cb0a c2aa c28a c2aa ba49 b249 b229 aa09 aa09 a1e9 aa09 b229 b249 b26a b26a aa29 a1e9 99e9 99c9 99c8 99e9 9a0a a26b a26b 9a4b 9a2a 9a2b 920a 922b 91ea 89ca 8a0b 8a0b 89ea 
4026 4026 4026 4847 5088 696a 8aad a3f1 b492 bcd3 c534 c514 c4f3 bcb2 abef 92cc 6908 5066 6087 8128 b249 d30a e3cc e44d ec8f eccf eccf ecef ecef ecef ecef ecef ecef ecef eccf ecae ec6d e40c db8c d3ce cb90 a28d 798b 6109 58c8 50c8 58c8 5887 50a8 58e8 50a7 58a7 58c7 58c8 5887 50a7 50a8 58a8 50c8 58e9 6109 58c8 50a8 6109 79cb 71ab 696a 60e9 60e9 50c8 614a 60e9 50a8 50a8 6129 6109 58c8 58a8 5087 5067 4867 58e9 612a 58a9 58c9 822d 826f 50a8 50e8 612c 4868 50ca 610b 71ef 8af1 9393 824f 8b52 9bd4 8270 8af1 9b94 8a8e 8ab0 610a 4847 58a7 7a4d 6129 4887 5087 7168 60e7 4846 50a7 7189 79ca 7149 79aa a38e 9b70 926c 9aae 79cb 7149 6908 60c7 60e8 60e8 60c7 5887 60c7 68e7 8148 8968 99a8 a9e9 c249 caaa cacb cacb d2eb caec caec cacb b209 8128 68a7 8968 9a0a aa2a c28a d2eb d2eb daeb db0b d30c db0c db0c db2c db4c db2c db4c db4c db2c db2c db2b db0c db4c db2c db0b db0b db0b db0b db2c db2c db2c db4c db4c db6c db6d db6d db8d db8d dbad dbce dbce dbce dbce dc0f dc0e dc0e dc0f dc2e e44f e46f e490 e490 e490 e4d1 e511 e511 e511 e532 e552 e593 e593 e5b4 e5b4 e5d4 edd5 edf5 edf6 ee16 ee16 ee16 ee36 f636 f637 f657 ee57 f677 f677 f677 f677 f677 f696 ddf5 81aa 4826 8148 c32b cb6c cbac c3ee bbce c40d c3ee c42e c40e c3ed bbee c3cd bbce bbee bbce bbad bbae bbad bbcd b3ae bbcd bbae b3ae b3ce b3ae b3ae b38d b3ae b36e ab4d ab6e ab6d ab4d b34c bb2b c34b d42d ed90 f611 f672 f693 f672 f631 f610 f611 f632 f673 feb4 feb4 fe93 f652 f610 ed8f e48b d36a caca c28a ba8a baaa ba6a b229 aa29 aa29 a1e8 a209 b229 b249 b249 b249 aa2a a229 a1e9 99a8 91a8 99a8 a20a a24a a26b a26b 9a6b 920a 91ea 922b 922b 89ca 89ea 8a2b 8a0b 8a0b 
4826 4826 4046 4046 5087 6109 826d a3b1 b472 bcd3 c514 c514 c513 bcb2 ac10 92ac 7148 5046 6086 8128 b229 d30b dbac e42d ec8f ecae eccf eccf ecef ecee ecef ecef ed0f ecef ecef ecae e46d e42d dbac d38e c3b0 9a6d 714a 60c8 50a7 58a8 58c8 60c8 5087 58a8 50a7 50a7 50a8 58a8 58a8 50a8 58c8 50c8 58e9 6129 58e9 50a8 50a8 6129 718b 696a 6129 60e9 50c8 58e9 5909 58c8 50a8 58e9 6149 694a 50a7 5087 5087 4867 5087 6109 58e9 5089 58c9 824e 7a4e 50ca 4867 616c 696d 612b 698d 720f 828f 8b53 8291 8b12 9373 8b13 8270 9332 9b73 9b72 826f 5088 5087 722b 69ab 5066 58a7 7147 4867 4047 58c7 7148 6928 58c8 5908 71a9 6969 7109 8a0a 92ac 8a4c 6929 60e7 60c7 60c7 60a7 5887 60a7 7928 8148 91a8 99c8 aa09 c269 caaa caab cacc cacb caec caeb cacb a9e9 7908 70e8 91a9 a22a b22a cacb d30b db0b daeb db0b db0c db2d db2c db4c db4c db4c db2c db4c db2c db4c db4c db4c db2c db0c db0b db0b db0c db2b db2c db4c db2c db4c db4d db4d db4d db4d db8d db8d dbad dbae dbae dbae dbef dc0f dc0f dc0f dc0f dc2f dc4f dc6f e470 e490 e4b0 e4d0 dcd0 e4f1 e511 e532 e552 e592 e593 e593 e5b4 e5b4 edd5 edf5 edf6 ee16 ee16 ee16 ee36 ee36 ee57 ee37 ee57 f657 f657 f677 f677 f677 f696 e655 9acd 4826 8968 c30b cb6b cbac c3ce bbee c40e c40e c40e c40f bbce bbce c3ce c3ee bbee bbce bbce bbad bbce bbce b3ae bbad bbce bbae b3ae b3ae b3ae b3ae b38e b36d ab6d ab4d ab4d ab4d b34c bb2b c34b d40c e52f f5f0 f652 fe72 f651 f631 f5f0 f610 f652 f693 feb4 feb4 fe72 f651 f5f0 ed4e dc2b d30a caaa c2aa ba8a baaa b26a b249 b229 aa09 a1e9 a1c8 aa09 aa29 b229 b249 aa09 99c9 99c9 99a9 91c9 99e9 a22a aa4a a26b a26b 9a4b 9a2b 920b 922b 922a 89ea 89ea 920b 8a2b 922b 
4846 4846 4846 4867 5087 6109 826d 9bb0 ac52 bcd3 bd14 c514 bcf2 b4b2 a410 92ed 7148 5066 60c7 8127 b24a d30b dbac e40d ec8e ecce ecef ecef ecef ecee ecef ecee ed0e ecef ecee ecae ec6e e40d db8c d38f c3d1 a28d 794a 60e8 58a8 58a8 60e9 60e8 5087 50a8 5087 5088 58a8 58c8 50a8 50c8 50c8 6129 694a 6129 58c8 50c8 50c9 58e9 696a 614a 6129 6109 5909 5909 50a8 50a8 50a8 50c8 6149 69ab 58e8 5087 5067 4887 50a7 694a 50a8 4888 614b 7a2d 69ab 71ce 48a9 50e9 7a50 71ce 69ad 7a4f 8290 8b11 8b32 8b32 82b0 8b11 8ab1 8af2 9373 a3f3 9b93 716c 50a8 71eb 7a2d 5086 60c7 60a7 4887 50a7 6928 7128 6929 58a8 60e8 7148 60c7 6908 6908 7968 9249 7148 60e8 5887 5887 5887 5887 68c7 8127 8988 99a8 a1e9 ba29 c28a caab cacb cacb caec caec caeb c2ab 99c8 70e8 7908 91ca a24a b26a caeb d2eb daeb daeb db0c db2c db4c db4c db2c db4c db4c db2c db4c db2c db6d db4c db2c db2b db2b db0b db0c db2c db2c db2c db4c db4c db4c db4c db4c db6c db6c db8d db6d db8e db8e dbce dbad dbee dbee dc0f dc0f dc0f dc2f dc50 dc6f e490 e46f e48f e4b0 dcd0 e4d0 e511 e531 e552 e572 e592 e593 e5b4 e5d4 edd5 edd5 edf5 edf5 ee36 ee36 ee36 ee36 ee36 ee57 ee57 f657 f657 f657 f657 f677 f696 ee76 b411 5866 89a8 c30a cb8c c3cd c3ef bc0e c42e c40e bbee bbee bbce bbee bbce bbce bbee c3ee bbce bbcd bbae bbce bbce bbae bbce bbae b3ae b3ae b3ae b38d b38d ab6d ab4d ab6d b36d b36d bb4c c32a c34c d3cc e4ce edaf f611 f631 f630 f610 f5f0 f611 f652 f693 feb4 fe93 f672 f631 f5cf e50d dbcb caca c2aa c2aa ba8a ba6a b26a b24a b229 a209 99e9 a1e8 aa09 aa29 aa29 a209 99e9 9188 99a9 99c9 9a0a a22a a24a a22b 9a4b 9a4b 9a2b 920b 922b 922b 920b 920b 8a0b 8a0b 8a2b 922c 
4846 4867 4867 4846 5067 58e8 822c 9b6f ac52 b492 bcf4 bd13 bcf2 b4b1 ac10 92ec 7168 5887 68c7 8128 aa29 d30b dbac e40d ec8e ecae ecee ecef ecee ecee ecef ecee ed0f ecef ecee ecce ec8d e40d db8c d410 cbf1 aaae 898b 60e8 60e9 58a8 58c8 58a8 5087 5087 5067 5087 58e9 58a8 5088 58c9 610a 716a 694a 6129 50a8 50a8 50c9 58e9 694a 6129 6108 6929 6129 58e9 50a8 50c8 50c9 50c8 58e8 69ab 6109 5067 5087 5088 58c8 612a 4888 50a9 71ee 71cd 612a 722e 71ce 590a 616b 7a2f 7a4f 71ed 7a0e 71cd 82b0 93d5 82f2 82b1 7a0e 720e 8ad1 9bb3 a3f3 9332 692a 698a 7a4d 50a7 58c7 5087 4887 58e8 7127 68e7 60c7 58a7 60e7 7128 6908 68e7 60c7 60c7 7127 6908 60e8 58c7 5886 5887 6087 70c7 8168 9188 99a8 b209 ba29 c28a caab caab cacb caec caec cacb ba6a 9168 68c8 7948 99e9 aa4a ba6a d2eb d2eb daeb daec db2c db2c db0c db4c db2c db2c db4c db6d db6c e34d db6c db4c db6d db2c db2c db0b db2c db0b db0c db2c db4c db4c db2b db4c db4c db6c db6c db6d db8d db8d dbae dbad dbce dbee dbef dbee dbee dc2f dc30 dc4f dc6f e470 e470 e490 dc8f dcb0 e4f1 e511 e531 e532 e552 e593 e5b3 e5b4 e5b4 e5d5 edd5 edf5 edf5 ee16 ee16 ee16 ee36 ee36 ee37 ee57 ee57 f677 f677 f658 f677 f677 ee95 cd13 7128 91a8 c30a cb8c c3ad c3ee bbce c42f c42f bbee c3ee bbef bbcd bbce bbce bbce c3ce bbce bbce bbce bbce bbae bbce bbce bbce b3ae b3ce b3ae b38d b38e ab6d ab6d ab8e b36d b38d bb6c c36c cb4b cb8b dc4c e50e edaf f5cf f5cf f5d0 f5ef f611 f652 fe93 feb4 fe93 f672 f631 edaf e4cc d38a caca c28a c28a ba6a ba6a b249 b24a aa29 a209 a1e9 a1c9 aa09 aa29 aa09 99a8 9168 8948 9188 9a0a a24a aa4a aa4a a24c 9a2a 9a2b 920a 89ea 922b 920b 922b 922b 922b 8a0b 924c 924b 
4846 4846 4846 4846 5047 58e9 7a0b 9b6f ac32 b4b2 bd13 bd13 bcf3 b4b2 ac10 9b2d 79a9 58a7 68c7 8128 aa09 cb0b dbac e40d ec6e ecae ecef ecee ecef eccf ecef ecef ecef ecef ecce ecae ec6d e3ed db8c dc0f d3f0 bb2f 89eb 60e8 692a 5887 58e8 58a7 5087 5067 4867 5088 5909 58c9 50c9 71ac 820d 798a 6109 58c8 50a8 50a8 50a8 5909 612a 6109 6109 6128 58e8 58c8 58e9 58c8 50e9 50e9 50c8 5929 696b 4867 5087 5088 58e8 612a 50a9 58e9 7a4e 696c 590a 69ab 7a6f 696c 5088 61ac 8b34 7a50 7ab2 7a92 7ab1 93d4 9394 82f1 71ed 614c 616b 826f 9351 9bf4 8a90 71cb 7a0c 5908 6109 5067 4867 5908 7107 6907 60c7 5866 68e7 6908 7148 68c7 60c7 60c7 60c7 60e7 60e8 5887 58a7 5886 68c7 78e7 8968 91a8 a1c8 ba29 ba29 c26a cacb caab caeb caeb caeb caeb b229 8128 60c8 8168 9a0a aa4a c28a d2eb d2eb db0c db0c db4c db4c db2c db4c db4d db2d db4c db4c db4c e34c db4c db4c db4c db4c db0c db2c db4d db0b db2c db2c db4c db2b db2b db2c db4c db4c db6c db6d db8d dbad dbad db8d dbae dbcd dbee dbee dc0e dc0e dc2f dc4f dc70 e48f e46f e46f dc90 dcb0 e4d0 e4f0 e531 e532 e552 e572 e593 e5b4 e5b4 e5d5 edf5 edd5 edf5 ee15 ee16 ee36 ee36 ee36 ee36 ee37 ee57 ee57 ee57 ee57 f657 f677 f676 e5f5 924c a1e9 c30a cbac c3cc bbce bbad bc0e bc0e bbef bbce bbee bbee bbee bbee bbef bbce bbee bc0e bbee bbce bbce bbce bbce bbce bbce b3ce b3ae b3ae b38e b38e ab6d b36d b38d b36d bb8c c36c cb6b cb6b d3ab dc2b e4ed ed4d ed4e ed6e edaf f611 f653 fe94 feb3 fe93 f651 f610 edae e46c d36a c2aa ba6a ba49 ba6a ba49 b229 b209 a1c8 a1e9 a1c9 a209 a22a aa29 a1e9 91a8 8948 8968 91a9 a22a a26b aa6b a22a 9a4a 9a4b 91ea 89ea 91ea 920a 920a 922b 922b 922b 8a2b 924b 8a0a
